--
-- PostgreSQL database dump
--

\restrict anYVfFRP6Sr9nvfNUe0mBDleS7Gp9FUWwOvR4SmwAQcJta3cNPal2pu0r3VYOlq

-- Dumped from database version 16.13 (Debian 16.13-1.pgdg13+1)
-- Dumped by pg_dump version 16.13 (Debian 16.13-1.pgdg13+1)

SET statement_timeout = 0;
SET lock_timeout = 0;
SET idle_in_transaction_session_timeout = 0;
SET client_encoding = 'UTF8';
SET standard_conforming_strings = on;
SELECT pg_catalog.set_config('search_path', '', false);
SET check_function_bodies = false;
SET xmloption = content;
SET client_min_messages = warning;
SET row_security = off;

--
-- Name: enum__pages_v_blocks_archive_populate_by; Type: TYPE; Schema: public; Owner: -
--

CREATE TYPE public.enum__pages_v_blocks_archive_populate_by AS ENUM (
    'collection',
    'selection'
);


--
-- Name: enum__pages_v_blocks_archive_relation_to; Type: TYPE; Schema: public; Owner: -
--

CREATE TYPE public.enum__pages_v_blocks_archive_relation_to AS ENUM (
    'posts'
);


--
-- Name: enum__pages_v_blocks_content_columns_link_appearance; Type: TYPE; Schema: public; Owner: -
--

CREATE TYPE public.enum__pages_v_blocks_content_columns_link_appearance AS ENUM (
    'default',
    'outline'
);


--
-- Name: enum__pages_v_blocks_content_columns_link_type; Type: TYPE; Schema: public; Owner: -
--

CREATE TYPE public.enum__pages_v_blocks_content_columns_link_type AS ENUM (
    'reference',
    'custom'
);


--
-- Name: enum__pages_v_blocks_content_columns_size; Type: TYPE; Schema: public; Owner: -
--

CREATE TYPE public.enum__pages_v_blocks_content_columns_size AS ENUM (
    'oneThird',
    'half',
    'twoThirds',
    'full'
);


--
-- Name: enum__pages_v_blocks_cta_links_link_appearance; Type: TYPE; Schema: public; Owner: -
--

CREATE TYPE public.enum__pages_v_blocks_cta_links_link_appearance AS ENUM (
    'default',
    'outline'
);


--
-- Name: enum__pages_v_blocks_cta_links_link_type; Type: TYPE; Schema: public; Owner: -
--

CREATE TYPE public.enum__pages_v_blocks_cta_links_link_type AS ENUM (
    'reference',
    'custom'
);


--
-- Name: enum__pages_v_version_hero_links_link_appearance; Type: TYPE; Schema: public; Owner: -
--

CREATE TYPE public.enum__pages_v_version_hero_links_link_appearance AS ENUM (
    'default',
    'outline'
);


--
-- Name: enum__pages_v_version_hero_links_link_type; Type: TYPE; Schema: public; Owner: -
--

CREATE TYPE public.enum__pages_v_version_hero_links_link_type AS ENUM (
    'reference',
    'custom'
);


--
-- Name: enum__pages_v_version_hero_type; Type: TYPE; Schema: public; Owner: -
--

CREATE TYPE public.enum__pages_v_version_hero_type AS ENUM (
    'none',
    'highImpact',
    'mediumImpact',
    'lowImpact'
);


--
-- Name: enum__pages_v_version_status; Type: TYPE; Schema: public; Owner: -
--

CREATE TYPE public.enum__pages_v_version_status AS ENUM (
    'draft',
    'published'
);


--
-- Name: enum__posts_v_version_category; Type: TYPE; Schema: public; Owner: -
--

CREATE TYPE public.enum__posts_v_version_category AS ENUM (
    'exhibitions',
    'process',
    'travel',
    'video',
    'workshops'
);


--
-- Name: enum__posts_v_version_status; Type: TYPE; Schema: public; Owner: -
--

CREATE TYPE public.enum__posts_v_version_status AS ENUM (
    'draft',
    'published'
);


--
-- Name: enum_footer_nav_items_link_type; Type: TYPE; Schema: public; Owner: -
--

CREATE TYPE public.enum_footer_nav_items_link_type AS ENUM (
    'reference',
    'custom'
);


--
-- Name: enum_forms_confirmation_type; Type: TYPE; Schema: public; Owner: -
--

CREATE TYPE public.enum_forms_confirmation_type AS ENUM (
    'message',
    'redirect'
);


--
-- Name: enum_gallery_blocks_equal_row_image_fit; Type: TYPE; Schema: public; Owner: -
--

CREATE TYPE public.enum_gallery_blocks_equal_row_image_fit AS ENUM (
    'cover',
    'contain'
);


--
-- Name: enum_header_nav_items_link_type; Type: TYPE; Schema: public; Owner: -
--

CREATE TYPE public.enum_header_nav_items_link_type AS ENUM (
    'reference',
    'custom'
);


--
-- Name: enum_pages_blocks_archive_populate_by; Type: TYPE; Schema: public; Owner: -
--

CREATE TYPE public.enum_pages_blocks_archive_populate_by AS ENUM (
    'collection',
    'selection'
);


--
-- Name: enum_pages_blocks_archive_relation_to; Type: TYPE; Schema: public; Owner: -
--

CREATE TYPE public.enum_pages_blocks_archive_relation_to AS ENUM (
    'posts'
);


--
-- Name: enum_pages_blocks_content_columns_link_appearance; Type: TYPE; Schema: public; Owner: -
--

CREATE TYPE public.enum_pages_blocks_content_columns_link_appearance AS ENUM (
    'default',
    'outline'
);


--
-- Name: enum_pages_blocks_content_columns_link_type; Type: TYPE; Schema: public; Owner: -
--

CREATE TYPE public.enum_pages_blocks_content_columns_link_type AS ENUM (
    'reference',
    'custom'
);


--
-- Name: enum_pages_blocks_content_columns_size; Type: TYPE; Schema: public; Owner: -
--

CREATE TYPE public.enum_pages_blocks_content_columns_size AS ENUM (
    'oneThird',
    'half',
    'twoThirds',
    'full'
);


--
-- Name: enum_pages_blocks_cta_links_link_appearance; Type: TYPE; Schema: public; Owner: -
--

CREATE TYPE public.enum_pages_blocks_cta_links_link_appearance AS ENUM (
    'default',
    'outline'
);


--
-- Name: enum_pages_blocks_cta_links_link_type; Type: TYPE; Schema: public; Owner: -
--

CREATE TYPE public.enum_pages_blocks_cta_links_link_type AS ENUM (
    'reference',
    'custom'
);


--
-- Name: enum_pages_hero_links_link_appearance; Type: TYPE; Schema: public; Owner: -
--

CREATE TYPE public.enum_pages_hero_links_link_appearance AS ENUM (
    'default',
    'outline'
);


--
-- Name: enum_pages_hero_links_link_type; Type: TYPE; Schema: public; Owner: -
--

CREATE TYPE public.enum_pages_hero_links_link_type AS ENUM (
    'reference',
    'custom'
);


--
-- Name: enum_pages_hero_type; Type: TYPE; Schema: public; Owner: -
--

CREATE TYPE public.enum_pages_hero_type AS ENUM (
    'none',
    'highImpact',
    'mediumImpact',
    'lowImpact'
);


--
-- Name: enum_pages_status; Type: TYPE; Schema: public; Owner: -
--

CREATE TYPE public.enum_pages_status AS ENUM (
    'draft',
    'published'
);


--
-- Name: enum_payload_folders_folder_type; Type: TYPE; Schema: public; Owner: -
--

CREATE TYPE public.enum_payload_folders_folder_type AS ENUM (
    'media'
);


--
-- Name: enum_payload_jobs_log_state; Type: TYPE; Schema: public; Owner: -
--

CREATE TYPE public.enum_payload_jobs_log_state AS ENUM (
    'failed',
    'succeeded'
);


--
-- Name: enum_payload_jobs_log_task_slug; Type: TYPE; Schema: public; Owner: -
--

CREATE TYPE public.enum_payload_jobs_log_task_slug AS ENUM (
    'inline',
    'schedulePublish'
);


--
-- Name: enum_payload_jobs_task_slug; Type: TYPE; Schema: public; Owner: -
--

CREATE TYPE public.enum_payload_jobs_task_slug AS ENUM (
    'inline',
    'schedulePublish'
);


--
-- Name: enum_posts_category; Type: TYPE; Schema: public; Owner: -
--

CREATE TYPE public.enum_posts_category AS ENUM (
    'exhibitions',
    'process',
    'travel',
    'video',
    'workshops'
);


--
-- Name: enum_posts_status; Type: TYPE; Schema: public; Owner: -
--

CREATE TYPE public.enum_posts_status AS ENUM (
    'draft',
    'published'
);


--
-- Name: enum_products_firing_method; Type: TYPE; Schema: public; Owner: -
--

CREATE TYPE public.enum_products_firing_method AS ENUM (
    'electric-6',
    'gas-10'
);


--
-- Name: enum_products_tags; Type: TYPE; Schema: public; Owner: -
--

CREATE TYPE public.enum_products_tags AS ENUM (
    'display',
    'drink',
    'eat',
    'plant',
    'pour',
    'store'
);


--
-- Name: enum_redirects_to_type; Type: TYPE; Schema: public; Owner: -
--

CREATE TYPE public.enum_redirects_to_type AS ENUM (
    'reference',
    'custom'
);


SET default_tablespace = '';

SET default_table_access_method = heap;

--
-- Name: _pages_v; Type: TABLE; Schema: public; Owner: -
--

CREATE TABLE public._pages_v (
    id integer NOT NULL,
    parent_id integer,
    version_title character varying,
    version_hero_type public.enum__pages_v_version_hero_type DEFAULT 'lowImpact'::public.enum__pages_v_version_hero_type,
    version_hero_rich_text jsonb,
    version_hero_media_id integer,
    version_meta_title character varying,
    version_meta_image_id integer,
    version_meta_description character varying,
    version_published_at timestamp(3) with time zone,
    version_generate_slug boolean DEFAULT true,
    version_slug character varying,
    version_updated_at timestamp(3) with time zone,
    version_created_at timestamp(3) with time zone,
    version__status public.enum__pages_v_version_status DEFAULT 'draft'::public.enum__pages_v_version_status,
    created_at timestamp(3) with time zone DEFAULT now() NOT NULL,
    updated_at timestamp(3) with time zone DEFAULT now() NOT NULL,
    latest boolean,
    autosave boolean
);


--
-- Name: _pages_v_blocks_archive; Type: TABLE; Schema: public; Owner: -
--

CREATE TABLE public._pages_v_blocks_archive (
    _order integer NOT NULL,
    _parent_id integer NOT NULL,
    _path text NOT NULL,
    id integer NOT NULL,
    intro_content jsonb,
    populate_by public.enum__pages_v_blocks_archive_populate_by DEFAULT 'collection'::public.enum__pages_v_blocks_archive_populate_by,
    relation_to public.enum__pages_v_blocks_archive_relation_to DEFAULT 'posts'::public.enum__pages_v_blocks_archive_relation_to,
    "limit" numeric DEFAULT 10,
    _uuid character varying,
    block_name character varying
);


--
-- Name: _pages_v_blocks_archive_id_seq; Type: SEQUENCE; Schema: public; Owner: -
--

CREATE SEQUENCE public._pages_v_blocks_archive_id_seq
    AS integer
    START WITH 1
    INCREMENT BY 1
    NO MINVALUE
    NO MAXVALUE
    CACHE 1;


--
-- Name: _pages_v_blocks_archive_id_seq; Type: SEQUENCE OWNED BY; Schema: public; Owner: -
--

ALTER SEQUENCE public._pages_v_blocks_archive_id_seq OWNED BY public._pages_v_blocks_archive.id;


--
-- Name: _pages_v_blocks_content; Type: TABLE; Schema: public; Owner: -
--

CREATE TABLE public._pages_v_blocks_content (
    _order integer NOT NULL,
    _parent_id integer NOT NULL,
    _path text NOT NULL,
    id integer NOT NULL,
    _uuid character varying,
    block_name character varying
);


--
-- Name: _pages_v_blocks_content_columns; Type: TABLE; Schema: public; Owner: -
--

CREATE TABLE public._pages_v_blocks_content_columns (
    _order integer NOT NULL,
    _parent_id integer NOT NULL,
    id integer NOT NULL,
    size public.enum__pages_v_blocks_content_columns_size DEFAULT 'oneThird'::public.enum__pages_v_blocks_content_columns_size,
    rich_text jsonb,
    enable_link boolean,
    link_type public.enum__pages_v_blocks_content_columns_link_type DEFAULT 'reference'::public.enum__pages_v_blocks_content_columns_link_type,
    link_new_tab boolean,
    link_url character varying,
    link_label character varying,
    link_appearance public.enum__pages_v_blocks_content_columns_link_appearance DEFAULT 'default'::public.enum__pages_v_blocks_content_columns_link_appearance,
    _uuid character varying
);


--
-- Name: _pages_v_blocks_content_columns_id_seq; Type: SEQUENCE; Schema: public; Owner: -
--

CREATE SEQUENCE public._pages_v_blocks_content_columns_id_seq
    AS integer
    START WITH 1
    INCREMENT BY 1
    NO MINVALUE
    NO MAXVALUE
    CACHE 1;


--
-- Name: _pages_v_blocks_content_columns_id_seq; Type: SEQUENCE OWNED BY; Schema: public; Owner: -
--

ALTER SEQUENCE public._pages_v_blocks_content_columns_id_seq OWNED BY public._pages_v_blocks_content_columns.id;


--
-- Name: _pages_v_blocks_content_id_seq; Type: SEQUENCE; Schema: public; Owner: -
--

CREATE SEQUENCE public._pages_v_blocks_content_id_seq
    AS integer
    START WITH 1
    INCREMENT BY 1
    NO MINVALUE
    NO MAXVALUE
    CACHE 1;


--
-- Name: _pages_v_blocks_content_id_seq; Type: SEQUENCE OWNED BY; Schema: public; Owner: -
--

ALTER SEQUENCE public._pages_v_blocks_content_id_seq OWNED BY public._pages_v_blocks_content.id;


--
-- Name: _pages_v_blocks_cta; Type: TABLE; Schema: public; Owner: -
--

CREATE TABLE public._pages_v_blocks_cta (
    _order integer NOT NULL,
    _parent_id integer NOT NULL,
    _path text NOT NULL,
    id integer NOT NULL,
    rich_text jsonb,
    _uuid character varying,
    block_name character varying
);


--
-- Name: _pages_v_blocks_cta_id_seq; Type: SEQUENCE; Schema: public; Owner: -
--

CREATE SEQUENCE public._pages_v_blocks_cta_id_seq
    AS integer
    START WITH 1
    INCREMENT BY 1
    NO MINVALUE
    NO MAXVALUE
    CACHE 1;


--
-- Name: _pages_v_blocks_cta_id_seq; Type: SEQUENCE OWNED BY; Schema: public; Owner: -
--

ALTER SEQUENCE public._pages_v_blocks_cta_id_seq OWNED BY public._pages_v_blocks_cta.id;


--
-- Name: _pages_v_blocks_cta_links; Type: TABLE; Schema: public; Owner: -
--

CREATE TABLE public._pages_v_blocks_cta_links (
    _order integer NOT NULL,
    _parent_id integer NOT NULL,
    id integer NOT NULL,
    link_type public.enum__pages_v_blocks_cta_links_link_type DEFAULT 'reference'::public.enum__pages_v_blocks_cta_links_link_type,
    link_new_tab boolean,
    link_url character varying,
    link_label character varying,
    link_appearance public.enum__pages_v_blocks_cta_links_link_appearance DEFAULT 'default'::public.enum__pages_v_blocks_cta_links_link_appearance,
    _uuid character varying
);


--
-- Name: _pages_v_blocks_cta_links_id_seq; Type: SEQUENCE; Schema: public; Owner: -
--

CREATE SEQUENCE public._pages_v_blocks_cta_links_id_seq
    AS integer
    START WITH 1
    INCREMENT BY 1
    NO MINVALUE
    NO MAXVALUE
    CACHE 1;


--
-- Name: _pages_v_blocks_cta_links_id_seq; Type: SEQUENCE OWNED BY; Schema: public; Owner: -
--

ALTER SEQUENCE public._pages_v_blocks_cta_links_id_seq OWNED BY public._pages_v_blocks_cta_links.id;


--
-- Name: _pages_v_blocks_form_block; Type: TABLE; Schema: public; Owner: -
--

CREATE TABLE public._pages_v_blocks_form_block (
    _order integer NOT NULL,
    _parent_id integer NOT NULL,
    _path text NOT NULL,
    id integer NOT NULL,
    form_id integer,
    enable_intro boolean,
    intro_content jsonb,
    _uuid character varying,
    block_name character varying
);


--
-- Name: _pages_v_blocks_form_block_id_seq; Type: SEQUENCE; Schema: public; Owner: -
--

CREATE SEQUENCE public._pages_v_blocks_form_block_id_seq
    AS integer
    START WITH 1
    INCREMENT BY 1
    NO MINVALUE
    NO MAXVALUE
    CACHE 1;


--
-- Name: _pages_v_blocks_form_block_id_seq; Type: SEQUENCE OWNED BY; Schema: public; Owner: -
--

ALTER SEQUENCE public._pages_v_blocks_form_block_id_seq OWNED BY public._pages_v_blocks_form_block.id;


--
-- Name: _pages_v_blocks_media_block; Type: TABLE; Schema: public; Owner: -
--

CREATE TABLE public._pages_v_blocks_media_block (
    _order integer NOT NULL,
    _parent_id integer NOT NULL,
    _path text NOT NULL,
    id integer NOT NULL,
    media_id integer,
    _uuid character varying,
    block_name character varying
);


--
-- Name: _pages_v_blocks_media_block_id_seq; Type: SEQUENCE; Schema: public; Owner: -
--

CREATE SEQUENCE public._pages_v_blocks_media_block_id_seq
    AS integer
    START WITH 1
    INCREMENT BY 1
    NO MINVALUE
    NO MAXVALUE
    CACHE 1;


--
-- Name: _pages_v_blocks_media_block_id_seq; Type: SEQUENCE OWNED BY; Schema: public; Owner: -
--

ALTER SEQUENCE public._pages_v_blocks_media_block_id_seq OWNED BY public._pages_v_blocks_media_block.id;


--
-- Name: _pages_v_id_seq; Type: SEQUENCE; Schema: public; Owner: -
--

CREATE SEQUENCE public._pages_v_id_seq
    AS integer
    START WITH 1
    INCREMENT BY 1
    NO MINVALUE
    NO MAXVALUE
    CACHE 1;


--
-- Name: _pages_v_id_seq; Type: SEQUENCE OWNED BY; Schema: public; Owner: -
--

ALTER SEQUENCE public._pages_v_id_seq OWNED BY public._pages_v.id;


--
-- Name: _pages_v_rels; Type: TABLE; Schema: public; Owner: -
--

CREATE TABLE public._pages_v_rels (
    id integer NOT NULL,
    "order" integer,
    parent_id integer NOT NULL,
    path character varying NOT NULL,
    pages_id integer,
    posts_id integer,
    categories_id integer
);


--
-- Name: _pages_v_rels_id_seq; Type: SEQUENCE; Schema: public; Owner: -
--

CREATE SEQUENCE public._pages_v_rels_id_seq
    AS integer
    START WITH 1
    INCREMENT BY 1
    NO MINVALUE
    NO MAXVALUE
    CACHE 1;


--
-- Name: _pages_v_rels_id_seq; Type: SEQUENCE OWNED BY; Schema: public; Owner: -
--

ALTER SEQUENCE public._pages_v_rels_id_seq OWNED BY public._pages_v_rels.id;


--
-- Name: _pages_v_version_hero_links; Type: TABLE; Schema: public; Owner: -
--

CREATE TABLE public._pages_v_version_hero_links (
    _order integer NOT NULL,
    _parent_id integer NOT NULL,
    id integer NOT NULL,
    link_type public.enum__pages_v_version_hero_links_link_type DEFAULT 'reference'::public.enum__pages_v_version_hero_links_link_type,
    link_new_tab boolean,
    link_url character varying,
    link_label character varying,
    link_appearance public.enum__pages_v_version_hero_links_link_appearance DEFAULT 'default'::public.enum__pages_v_version_hero_links_link_appearance,
    _uuid character varying
);


--
-- Name: _pages_v_version_hero_links_id_seq; Type: SEQUENCE; Schema: public; Owner: -
--

CREATE SEQUENCE public._pages_v_version_hero_links_id_seq
    AS integer
    START WITH 1
    INCREMENT BY 1
    NO MINVALUE
    NO MAXVALUE
    CACHE 1;


--
-- Name: _pages_v_version_hero_links_id_seq; Type: SEQUENCE OWNED BY; Schema: public; Owner: -
--

ALTER SEQUENCE public._pages_v_version_hero_links_id_seq OWNED BY public._pages_v_version_hero_links.id;


--
-- Name: _posts_v; Type: TABLE; Schema: public; Owner: -
--

CREATE TABLE public._posts_v (
    id integer NOT NULL,
    parent_id integer,
    version_title character varying,
    version_thumb_id integer,
    version_content jsonb,
    version_meta_title character varying,
    version_meta_image_id integer,
    version_meta_description character varying,
    version_published_at timestamp(3) with time zone,
    version_generate_slug boolean DEFAULT true,
    version_slug character varying,
    version_updated_at timestamp(3) with time zone,
    version_created_at timestamp(3) with time zone,
    version__status public.enum__posts_v_version_status DEFAULT 'draft'::public.enum__posts_v_version_status,
    created_at timestamp(3) with time zone DEFAULT now() NOT NULL,
    updated_at timestamp(3) with time zone DEFAULT now() NOT NULL,
    latest boolean,
    autosave boolean,
    version_description character varying,
    version_description_two character varying,
    version_body character varying,
    version_category public.enum__posts_v_version_category,
    version_video_youtube character varying,
    version_video_thumb_id integer,
    version_body_rich jsonb
);


--
-- Name: _posts_v_id_seq; Type: SEQUENCE; Schema: public; Owner: -
--

CREATE SEQUENCE public._posts_v_id_seq
    AS integer
    START WITH 1
    INCREMENT BY 1
    NO MINVALUE
    NO MAXVALUE
    CACHE 1;


--
-- Name: _posts_v_id_seq; Type: SEQUENCE OWNED BY; Schema: public; Owner: -
--

ALTER SEQUENCE public._posts_v_id_seq OWNED BY public._posts_v.id;


--
-- Name: _posts_v_rels; Type: TABLE; Schema: public; Owner: -
--

CREATE TABLE public._posts_v_rels (
    id integer NOT NULL,
    "order" integer,
    parent_id integer NOT NULL,
    path character varying NOT NULL,
    posts_id integer
);


--
-- Name: _posts_v_rels_id_seq; Type: SEQUENCE; Schema: public; Owner: -
--

CREATE SEQUENCE public._posts_v_rels_id_seq
    AS integer
    START WITH 1
    INCREMENT BY 1
    NO MINVALUE
    NO MAXVALUE
    CACHE 1;


--
-- Name: _posts_v_rels_id_seq; Type: SEQUENCE OWNED BY; Schema: public; Owner: -
--

ALTER SEQUENCE public._posts_v_rels_id_seq OWNED BY public._posts_v_rels.id;


--
-- Name: _posts_v_version_gallery; Type: TABLE; Schema: public; Owner: -
--

CREATE TABLE public._posts_v_version_gallery (
    _order integer NOT NULL,
    _parent_id integer NOT NULL,
    id integer NOT NULL,
    _uuid character varying
);


--
-- Name: _posts_v_version_gallery_id_seq; Type: SEQUENCE; Schema: public; Owner: -
--

CREATE SEQUENCE public._posts_v_version_gallery_id_seq
    AS integer
    START WITH 1
    INCREMENT BY 1
    NO MINVALUE
    NO MAXVALUE
    CACHE 1;


--
-- Name: _posts_v_version_gallery_id_seq; Type: SEQUENCE OWNED BY; Schema: public; Owner: -
--

ALTER SEQUENCE public._posts_v_version_gallery_id_seq OWNED BY public._posts_v_version_gallery.id;


--
-- Name: _posts_v_version_gallery_items; Type: TABLE; Schema: public; Owner: -
--

CREATE TABLE public._posts_v_version_gallery_items (
    _order integer NOT NULL,
    _parent_id integer NOT NULL,
    id integer NOT NULL,
    image_id integer,
    alt character varying,
    title character varying,
    _uuid character varying
);


--
-- Name: _posts_v_version_gallery_items_id_seq; Type: SEQUENCE; Schema: public; Owner: -
--

CREATE SEQUENCE public._posts_v_version_gallery_items_id_seq
    AS integer
    START WITH 1
    INCREMENT BY 1
    NO MINVALUE
    NO MAXVALUE
    CACHE 1;


--
-- Name: _posts_v_version_gallery_items_id_seq; Type: SEQUENCE OWNED BY; Schema: public; Owner: -
--

ALTER SEQUENCE public._posts_v_version_gallery_items_id_seq OWNED BY public._posts_v_version_gallery_items.id;


--
-- Name: announcement; Type: TABLE; Schema: public; Owner: -
--

CREATE TABLE public.announcement (
    id integer NOT NULL,
    name character varying,
    live boolean DEFAULT false,
    url character varying,
    thumb_id integer,
    cta character varying,
    updated_at timestamp(3) with time zone,
    created_at timestamp(3) with time zone,
    info jsonb
);


--
-- Name: announcement_id_seq; Type: SEQUENCE; Schema: public; Owner: -
--

CREATE SEQUENCE public.announcement_id_seq
    AS integer
    START WITH 1
    INCREMENT BY 1
    NO MINVALUE
    NO MAXVALUE
    CACHE 1;


--
-- Name: announcement_id_seq; Type: SEQUENCE OWNED BY; Schema: public; Owner: -
--

ALTER SEQUENCE public.announcement_id_seq OWNED BY public.announcement.id;


--
-- Name: categories; Type: TABLE; Schema: public; Owner: -
--

CREATE TABLE public.categories (
    id integer NOT NULL,
    title character varying NOT NULL,
    generate_slug boolean DEFAULT true,
    slug character varying NOT NULL,
    parent_id integer,
    updated_at timestamp(3) with time zone DEFAULT now() NOT NULL,
    created_at timestamp(3) with time zone DEFAULT now() NOT NULL
);


--
-- Name: categories_breadcrumbs; Type: TABLE; Schema: public; Owner: -
--

CREATE TABLE public.categories_breadcrumbs (
    _order integer NOT NULL,
    _parent_id integer NOT NULL,
    id character varying NOT NULL,
    doc_id integer,
    url character varying,
    label character varying
);


--
-- Name: categories_id_seq; Type: SEQUENCE; Schema: public; Owner: -
--

CREATE SEQUENCE public.categories_id_seq
    AS integer
    START WITH 1
    INCREMENT BY 1
    NO MINVALUE
    NO MAXVALUE
    CACHE 1;


--
-- Name: categories_id_seq; Type: SEQUENCE OWNED BY; Schema: public; Owner: -
--

ALTER SEQUENCE public.categories_id_seq OWNED BY public.categories.id;


--
-- Name: collection_title; Type: TABLE; Schema: public; Owner: -
--

CREATE TABLE public.collection_title (
    id integer NOT NULL,
    title character varying,
    updated_at timestamp(3) with time zone,
    created_at timestamp(3) with time zone
);


--
-- Name: collection_title_id_seq; Type: SEQUENCE; Schema: public; Owner: -
--

CREATE SEQUENCE public.collection_title_id_seq
    AS integer
    START WITH 1
    INCREMENT BY 1
    NO MINVALUE
    NO MAXVALUE
    CACHE 1;


--
-- Name: collection_title_id_seq; Type: SEQUENCE OWNED BY; Schema: public; Owner: -
--

ALTER SEQUENCE public.collection_title_id_seq OWNED BY public.collection_title.id;


--
-- Name: events; Type: TABLE; Schema: public; Owner: -
--

CREATE TABLE public.events (
    id integer NOT NULL,
    title character varying NOT NULL,
    start_date timestamp(3) with time zone NOT NULL,
    "time" character varying,
    location character varying,
    address character varying,
    map_url character varying,
    url character varying,
    description character varying,
    updated_at timestamp(3) with time zone DEFAULT now() NOT NULL,
    created_at timestamp(3) with time zone DEFAULT now() NOT NULL
);


--
-- Name: events_id_seq; Type: SEQUENCE; Schema: public; Owner: -
--

CREATE SEQUENCE public.events_id_seq
    AS integer
    START WITH 1
    INCREMENT BY 1
    NO MINVALUE
    NO MAXVALUE
    CACHE 1;


--
-- Name: events_id_seq; Type: SEQUENCE OWNED BY; Schema: public; Owner: -
--

ALTER SEQUENCE public.events_id_seq OWNED BY public.events.id;


--
-- Name: faq; Type: TABLE; Schema: public; Owner: -
--

CREATE TABLE public.faq (
    id integer NOT NULL,
    updated_at timestamp(3) with time zone,
    created_at timestamp(3) with time zone
);


--
-- Name: faq_id_seq; Type: SEQUENCE; Schema: public; Owner: -
--

CREATE SEQUENCE public.faq_id_seq
    AS integer
    START WITH 1
    INCREMENT BY 1
    NO MINVALUE
    NO MAXVALUE
    CACHE 1;


--
-- Name: faq_id_seq; Type: SEQUENCE OWNED BY; Schema: public; Owner: -
--

ALTER SEQUENCE public.faq_id_seq OWNED BY public.faq.id;


--
-- Name: faq_items; Type: TABLE; Schema: public; Owner: -
--

CREATE TABLE public.faq_items (
    _order integer NOT NULL,
    _parent_id integer NOT NULL,
    id character varying NOT NULL,
    question character varying NOT NULL,
    answer character varying NOT NULL
);


--
-- Name: footer; Type: TABLE; Schema: public; Owner: -
--

CREATE TABLE public.footer (
    id integer NOT NULL,
    updated_at timestamp(3) with time zone,
    created_at timestamp(3) with time zone
);


--
-- Name: footer_id_seq; Type: SEQUENCE; Schema: public; Owner: -
--

CREATE SEQUENCE public.footer_id_seq
    AS integer
    START WITH 1
    INCREMENT BY 1
    NO MINVALUE
    NO MAXVALUE
    CACHE 1;


--
-- Name: footer_id_seq; Type: SEQUENCE OWNED BY; Schema: public; Owner: -
--

ALTER SEQUENCE public.footer_id_seq OWNED BY public.footer.id;


--
-- Name: footer_nav_items; Type: TABLE; Schema: public; Owner: -
--

CREATE TABLE public.footer_nav_items (
    _order integer NOT NULL,
    _parent_id integer NOT NULL,
    id character varying NOT NULL,
    link_type public.enum_footer_nav_items_link_type DEFAULT 'reference'::public.enum_footer_nav_items_link_type,
    link_new_tab boolean,
    link_url character varying,
    link_label character varying NOT NULL
);


--
-- Name: footer_rels; Type: TABLE; Schema: public; Owner: -
--

CREATE TABLE public.footer_rels (
    id integer NOT NULL,
    "order" integer,
    parent_id integer NOT NULL,
    path character varying NOT NULL,
    pages_id integer,
    posts_id integer
);


--
-- Name: footer_rels_id_seq; Type: SEQUENCE; Schema: public; Owner: -
--

CREATE SEQUENCE public.footer_rels_id_seq
    AS integer
    START WITH 1
    INCREMENT BY 1
    NO MINVALUE
    NO MAXVALUE
    CACHE 1;


--
-- Name: footer_rels_id_seq; Type: SEQUENCE OWNED BY; Schema: public; Owner: -
--

ALTER SEQUENCE public.footer_rels_id_seq OWNED BY public.footer_rels.id;


--
-- Name: form_submissions; Type: TABLE; Schema: public; Owner: -
--

CREATE TABLE public.form_submissions (
    id integer NOT NULL,
    form_id integer NOT NULL,
    updated_at timestamp(3) with time zone DEFAULT now() NOT NULL,
    created_at timestamp(3) with time zone DEFAULT now() NOT NULL
);


--
-- Name: form_submissions_id_seq; Type: SEQUENCE; Schema: public; Owner: -
--

CREATE SEQUENCE public.form_submissions_id_seq
    AS integer
    START WITH 1
    INCREMENT BY 1
    NO MINVALUE
    NO MAXVALUE
    CACHE 1;


--
-- Name: form_submissions_id_seq; Type: SEQUENCE OWNED BY; Schema: public; Owner: -
--

ALTER SEQUENCE public.form_submissions_id_seq OWNED BY public.form_submissions.id;


--
-- Name: form_submissions_submission_data; Type: TABLE; Schema: public; Owner: -
--

CREATE TABLE public.form_submissions_submission_data (
    _order integer NOT NULL,
    _parent_id integer NOT NULL,
    id character varying NOT NULL,
    field character varying NOT NULL,
    value character varying NOT NULL
);


--
-- Name: forms; Type: TABLE; Schema: public; Owner: -
--

CREATE TABLE public.forms (
    id integer NOT NULL,
    title character varying NOT NULL,
    submit_button_label character varying,
    confirmation_type public.enum_forms_confirmation_type DEFAULT 'message'::public.enum_forms_confirmation_type,
    confirmation_message jsonb,
    redirect_url character varying,
    updated_at timestamp(3) with time zone DEFAULT now() NOT NULL,
    created_at timestamp(3) with time zone DEFAULT now() NOT NULL
);


--
-- Name: forms_blocks_checkbox; Type: TABLE; Schema: public; Owner: -
--

CREATE TABLE public.forms_blocks_checkbox (
    _order integer NOT NULL,
    _parent_id integer NOT NULL,
    _path text NOT NULL,
    id character varying NOT NULL,
    name character varying NOT NULL,
    label character varying,
    width numeric,
    required boolean,
    default_value boolean,
    block_name character varying
);


--
-- Name: forms_blocks_country; Type: TABLE; Schema: public; Owner: -
--

CREATE TABLE public.forms_blocks_country (
    _order integer NOT NULL,
    _parent_id integer NOT NULL,
    _path text NOT NULL,
    id character varying NOT NULL,
    name character varying NOT NULL,
    label character varying,
    width numeric,
    required boolean,
    block_name character varying
);


--
-- Name: forms_blocks_email; Type: TABLE; Schema: public; Owner: -
--

CREATE TABLE public.forms_blocks_email (
    _order integer NOT NULL,
    _parent_id integer NOT NULL,
    _path text NOT NULL,
    id character varying NOT NULL,
    name character varying NOT NULL,
    label character varying,
    width numeric,
    required boolean,
    block_name character varying
);


--
-- Name: forms_blocks_message; Type: TABLE; Schema: public; Owner: -
--

CREATE TABLE public.forms_blocks_message (
    _order integer NOT NULL,
    _parent_id integer NOT NULL,
    _path text NOT NULL,
    id character varying NOT NULL,
    message jsonb,
    block_name character varying
);


--
-- Name: forms_blocks_number; Type: TABLE; Schema: public; Owner: -
--

CREATE TABLE public.forms_blocks_number (
    _order integer NOT NULL,
    _parent_id integer NOT NULL,
    _path text NOT NULL,
    id character varying NOT NULL,
    name character varying NOT NULL,
    label character varying,
    width numeric,
    default_value numeric,
    required boolean,
    block_name character varying
);


--
-- Name: forms_blocks_select; Type: TABLE; Schema: public; Owner: -
--

CREATE TABLE public.forms_blocks_select (
    _order integer NOT NULL,
    _parent_id integer NOT NULL,
    _path text NOT NULL,
    id character varying NOT NULL,
    name character varying NOT NULL,
    label character varying,
    width numeric,
    default_value character varying,
    placeholder character varying,
    required boolean,
    block_name character varying
);


--
-- Name: forms_blocks_select_options; Type: TABLE; Schema: public; Owner: -
--

CREATE TABLE public.forms_blocks_select_options (
    _order integer NOT NULL,
    _parent_id character varying NOT NULL,
    id character varying NOT NULL,
    label character varying NOT NULL,
    value character varying NOT NULL
);


--
-- Name: forms_blocks_state; Type: TABLE; Schema: public; Owner: -
--

CREATE TABLE public.forms_blocks_state (
    _order integer NOT NULL,
    _parent_id integer NOT NULL,
    _path text NOT NULL,
    id character varying NOT NULL,
    name character varying NOT NULL,
    label character varying,
    width numeric,
    required boolean,
    block_name character varying
);


--
-- Name: forms_blocks_text; Type: TABLE; Schema: public; Owner: -
--

CREATE TABLE public.forms_blocks_text (
    _order integer NOT NULL,
    _parent_id integer NOT NULL,
    _path text NOT NULL,
    id character varying NOT NULL,
    name character varying NOT NULL,
    label character varying,
    width numeric,
    default_value character varying,
    required boolean,
    block_name character varying
);


--
-- Name: forms_blocks_textarea; Type: TABLE; Schema: public; Owner: -
--

CREATE TABLE public.forms_blocks_textarea (
    _order integer NOT NULL,
    _parent_id integer NOT NULL,
    _path text NOT NULL,
    id character varying NOT NULL,
    name character varying NOT NULL,
    label character varying,
    width numeric,
    default_value character varying,
    required boolean,
    block_name character varying
);


--
-- Name: forms_emails; Type: TABLE; Schema: public; Owner: -
--

CREATE TABLE public.forms_emails (
    _order integer NOT NULL,
    _parent_id integer NOT NULL,
    id character varying NOT NULL,
    email_to character varying,
    cc character varying,
    bcc character varying,
    reply_to character varying,
    email_from character varying,
    subject character varying DEFAULT 'You''ve received a new message.'::character varying NOT NULL,
    message jsonb
);


--
-- Name: forms_id_seq; Type: SEQUENCE; Schema: public; Owner: -
--

CREATE SEQUENCE public.forms_id_seq
    AS integer
    START WITH 1
    INCREMENT BY 1
    NO MINVALUE
    NO MAXVALUE
    CACHE 1;


--
-- Name: forms_id_seq; Type: SEQUENCE OWNED BY; Schema: public; Owner: -
--

ALTER SEQUENCE public.forms_id_seq OWNED BY public.forms.id;


--
-- Name: gallery; Type: TABLE; Schema: public; Owner: -
--

CREATE TABLE public.gallery (
    id integer NOT NULL,
    updated_at timestamp(3) with time zone,
    created_at timestamp(3) with time zone
);


--
-- Name: gallery_blocks_equal_row; Type: TABLE; Schema: public; Owner: -
--

CREATE TABLE public.gallery_blocks_equal_row (
    _order integer NOT NULL,
    _parent_id integer NOT NULL,
    _path text NOT NULL,
    id character varying NOT NULL,
    block_name character varying,
    image_fit public.enum_gallery_blocks_equal_row_image_fit DEFAULT 'cover'::public.enum_gallery_blocks_equal_row_image_fit
);


--
-- Name: gallery_blocks_equal_row_items; Type: TABLE; Schema: public; Owner: -
--

CREATE TABLE public.gallery_blocks_equal_row_items (
    _order integer NOT NULL,
    _parent_id character varying NOT NULL,
    id character varying NOT NULL,
    image_id integer NOT NULL,
    title character varying NOT NULL
);


--
-- Name: gallery_blocks_featured_row; Type: TABLE; Schema: public; Owner: -
--

CREATE TABLE public.gallery_blocks_featured_row (
    _order integer NOT NULL,
    _parent_id integer NOT NULL,
    _path text NOT NULL,
    id character varying NOT NULL,
    featured_image_id integer NOT NULL,
    featured_title character varying NOT NULL,
    block_name character varying
);


--
-- Name: gallery_blocks_featured_row_stacked; Type: TABLE; Schema: public; Owner: -
--

CREATE TABLE public.gallery_blocks_featured_row_stacked (
    _order integer NOT NULL,
    _parent_id character varying NOT NULL,
    id character varying NOT NULL,
    image_id integer NOT NULL,
    title character varying NOT NULL
);


--
-- Name: gallery_id_seq; Type: SEQUENCE; Schema: public; Owner: -
--

CREATE SEQUENCE public.gallery_id_seq
    AS integer
    START WITH 1
    INCREMENT BY 1
    NO MINVALUE
    NO MAXVALUE
    CACHE 1;


--
-- Name: gallery_id_seq; Type: SEQUENCE OWNED BY; Schema: public; Owner: -
--

ALTER SEQUENCE public.gallery_id_seq OWNED BY public.gallery.id;


--
-- Name: header; Type: TABLE; Schema: public; Owner: -
--

CREATE TABLE public.header (
    id integer NOT NULL,
    updated_at timestamp(3) with time zone,
    created_at timestamp(3) with time zone
);


--
-- Name: header_id_seq; Type: SEQUENCE; Schema: public; Owner: -
--

CREATE SEQUENCE public.header_id_seq
    AS integer
    START WITH 1
    INCREMENT BY 1
    NO MINVALUE
    NO MAXVALUE
    CACHE 1;


--
-- Name: header_id_seq; Type: SEQUENCE OWNED BY; Schema: public; Owner: -
--

ALTER SEQUENCE public.header_id_seq OWNED BY public.header.id;


--
-- Name: header_nav_items; Type: TABLE; Schema: public; Owner: -
--

CREATE TABLE public.header_nav_items (
    _order integer NOT NULL,
    _parent_id integer NOT NULL,
    id character varying NOT NULL,
    link_type public.enum_header_nav_items_link_type DEFAULT 'reference'::public.enum_header_nav_items_link_type,
    link_new_tab boolean,
    link_url character varying,
    link_label character varying NOT NULL
);


--
-- Name: header_rels; Type: TABLE; Schema: public; Owner: -
--

CREATE TABLE public.header_rels (
    id integer NOT NULL,
    "order" integer,
    parent_id integer NOT NULL,
    path character varying NOT NULL,
    pages_id integer,
    posts_id integer
);


--
-- Name: header_rels_id_seq; Type: SEQUENCE; Schema: public; Owner: -
--

CREATE SEQUENCE public.header_rels_id_seq
    AS integer
    START WITH 1
    INCREMENT BY 1
    NO MINVALUE
    NO MAXVALUE
    CACHE 1;


--
-- Name: header_rels_id_seq; Type: SEQUENCE OWNED BY; Schema: public; Owner: -
--

ALTER SEQUENCE public.header_rels_id_seq OWNED BY public.header_rels.id;


--
-- Name: links; Type: TABLE; Schema: public; Owner: -
--

CREATE TABLE public.links (
    id integer NOT NULL,
    updated_at timestamp(3) with time zone,
    created_at timestamp(3) with time zone
);


--
-- Name: links_id_seq; Type: SEQUENCE; Schema: public; Owner: -
--

CREATE SEQUENCE public.links_id_seq
    AS integer
    START WITH 1
    INCREMENT BY 1
    NO MINVALUE
    NO MAXVALUE
    CACHE 1;


--
-- Name: links_id_seq; Type: SEQUENCE OWNED BY; Schema: public; Owner: -
--

ALTER SEQUENCE public.links_id_seq OWNED BY public.links.id;


--
-- Name: links_links; Type: TABLE; Schema: public; Owner: -
--

CREATE TABLE public.links_links (
    _order integer NOT NULL,
    _parent_id integer NOT NULL,
    id character varying NOT NULL,
    name character varying NOT NULL,
    url character varying NOT NULL,
    description character varying
);


--
-- Name: media; Type: TABLE; Schema: public; Owner: -
--

CREATE TABLE public.media (
    id integer NOT NULL,
    alt character varying,
    caption jsonb,
    folder_id integer,
    updated_at timestamp(3) with time zone DEFAULT now() NOT NULL,
    created_at timestamp(3) with time zone DEFAULT now() NOT NULL,
    url character varying,
    thumbnail_u_r_l character varying,
    filename character varying,
    mime_type character varying,
    filesize numeric,
    width numeric,
    height numeric,
    focal_x numeric,
    focal_y numeric,
    sizes_thumbnail_url character varying,
    sizes_thumbnail_width numeric,
    sizes_thumbnail_height numeric,
    sizes_thumbnail_mime_type character varying,
    sizes_thumbnail_filesize numeric,
    sizes_thumbnail_filename character varying,
    sizes_square_url character varying,
    sizes_square_width numeric,
    sizes_square_height numeric,
    sizes_square_mime_type character varying,
    sizes_square_filesize numeric,
    sizes_square_filename character varying,
    sizes_small_url character varying,
    sizes_small_width numeric,
    sizes_small_height numeric,
    sizes_small_mime_type character varying,
    sizes_small_filesize numeric,
    sizes_small_filename character varying,
    sizes_medium_url character varying,
    sizes_medium_width numeric,
    sizes_medium_height numeric,
    sizes_medium_mime_type character varying,
    sizes_medium_filesize numeric,
    sizes_medium_filename character varying,
    sizes_large_url character varying,
    sizes_large_width numeric,
    sizes_large_height numeric,
    sizes_large_mime_type character varying,
    sizes_large_filesize numeric,
    sizes_large_filename character varying,
    sizes_xlarge_url character varying,
    sizes_xlarge_width numeric,
    sizes_xlarge_height numeric,
    sizes_xlarge_mime_type character varying,
    sizes_xlarge_filesize numeric,
    sizes_xlarge_filename character varying,
    sizes_og_url character varying,
    sizes_og_width numeric,
    sizes_og_height numeric,
    sizes_og_mime_type character varying,
    sizes_og_filesize numeric,
    sizes_og_filename character varying,
    imagekit_url character varying
);


--
-- Name: media_id_seq; Type: SEQUENCE; Schema: public; Owner: -
--

CREATE SEQUENCE public.media_id_seq
    AS integer
    START WITH 1
    INCREMENT BY 1
    NO MINVALUE
    NO MAXVALUE
    CACHE 1;


--
-- Name: media_id_seq; Type: SEQUENCE OWNED BY; Schema: public; Owner: -
--

ALTER SEQUENCE public.media_id_seq OWNED BY public.media.id;


--
-- Name: newsletter; Type: TABLE; Schema: public; Owner: -
--

CREATE TABLE public.newsletter (
    id integer NOT NULL,
    updated_at timestamp(3) with time zone,
    created_at timestamp(3) with time zone
);


--
-- Name: newsletter_id_seq; Type: SEQUENCE; Schema: public; Owner: -
--

CREATE SEQUENCE public.newsletter_id_seq
    AS integer
    START WITH 1
    INCREMENT BY 1
    NO MINVALUE
    NO MAXVALUE
    CACHE 1;


--
-- Name: newsletter_id_seq; Type: SEQUENCE OWNED BY; Schema: public; Owner: -
--

ALTER SEQUENCE public.newsletter_id_seq OWNED BY public.newsletter.id;


--
-- Name: newsletter_issues; Type: TABLE; Schema: public; Owner: -
--

CREATE TABLE public.newsletter_issues (
    _order integer NOT NULL,
    _parent_id integer NOT NULL,
    id character varying NOT NULL,
    name character varying NOT NULL,
    url character varying NOT NULL
);


--
-- Name: pages; Type: TABLE; Schema: public; Owner: -
--

CREATE TABLE public.pages (
    id integer NOT NULL,
    title character varying,
    hero_type public.enum_pages_hero_type DEFAULT 'lowImpact'::public.enum_pages_hero_type,
    hero_rich_text jsonb,
    hero_media_id integer,
    meta_title character varying,
    meta_image_id integer,
    meta_description character varying,
    published_at timestamp(3) with time zone,
    generate_slug boolean DEFAULT true,
    slug character varying,
    updated_at timestamp(3) with time zone DEFAULT now() NOT NULL,
    created_at timestamp(3) with time zone DEFAULT now() NOT NULL,
    _status public.enum_pages_status DEFAULT 'draft'::public.enum_pages_status
);


--
-- Name: pages_blocks_archive; Type: TABLE; Schema: public; Owner: -
--

CREATE TABLE public.pages_blocks_archive (
    _order integer NOT NULL,
    _parent_id integer NOT NULL,
    _path text NOT NULL,
    id character varying NOT NULL,
    intro_content jsonb,
    populate_by public.enum_pages_blocks_archive_populate_by DEFAULT 'collection'::public.enum_pages_blocks_archive_populate_by,
    relation_to public.enum_pages_blocks_archive_relation_to DEFAULT 'posts'::public.enum_pages_blocks_archive_relation_to,
    "limit" numeric DEFAULT 10,
    block_name character varying
);


--
-- Name: pages_blocks_content; Type: TABLE; Schema: public; Owner: -
--

CREATE TABLE public.pages_blocks_content (
    _order integer NOT NULL,
    _parent_id integer NOT NULL,
    _path text NOT NULL,
    id character varying NOT NULL,
    block_name character varying
);


--
-- Name: pages_blocks_content_columns; Type: TABLE; Schema: public; Owner: -
--

CREATE TABLE public.pages_blocks_content_columns (
    _order integer NOT NULL,
    _parent_id character varying NOT NULL,
    id character varying NOT NULL,
    size public.enum_pages_blocks_content_columns_size DEFAULT 'oneThird'::public.enum_pages_blocks_content_columns_size,
    rich_text jsonb,
    enable_link boolean,
    link_type public.enum_pages_blocks_content_columns_link_type DEFAULT 'reference'::public.enum_pages_blocks_content_columns_link_type,
    link_new_tab boolean,
    link_url character varying,
    link_label character varying,
    link_appearance public.enum_pages_blocks_content_columns_link_appearance DEFAULT 'default'::public.enum_pages_blocks_content_columns_link_appearance
);


--
-- Name: pages_blocks_cta; Type: TABLE; Schema: public; Owner: -
--

CREATE TABLE public.pages_blocks_cta (
    _order integer NOT NULL,
    _parent_id integer NOT NULL,
    _path text NOT NULL,
    id character varying NOT NULL,
    rich_text jsonb,
    block_name character varying
);


--
-- Name: pages_blocks_cta_links; Type: TABLE; Schema: public; Owner: -
--

CREATE TABLE public.pages_blocks_cta_links (
    _order integer NOT NULL,
    _parent_id character varying NOT NULL,
    id character varying NOT NULL,
    link_type public.enum_pages_blocks_cta_links_link_type DEFAULT 'reference'::public.enum_pages_blocks_cta_links_link_type,
    link_new_tab boolean,
    link_url character varying,
    link_label character varying,
    link_appearance public.enum_pages_blocks_cta_links_link_appearance DEFAULT 'default'::public.enum_pages_blocks_cta_links_link_appearance
);


--
-- Name: pages_blocks_form_block; Type: TABLE; Schema: public; Owner: -
--

CREATE TABLE public.pages_blocks_form_block (
    _order integer NOT NULL,
    _parent_id integer NOT NULL,
    _path text NOT NULL,
    id character varying NOT NULL,
    form_id integer,
    enable_intro boolean,
    intro_content jsonb,
    block_name character varying
);


--
-- Name: pages_blocks_media_block; Type: TABLE; Schema: public; Owner: -
--

CREATE TABLE public.pages_blocks_media_block (
    _order integer NOT NULL,
    _parent_id integer NOT NULL,
    _path text NOT NULL,
    id character varying NOT NULL,
    media_id integer,
    block_name character varying
);


--
-- Name: pages_hero_links; Type: TABLE; Schema: public; Owner: -
--

CREATE TABLE public.pages_hero_links (
    _order integer NOT NULL,
    _parent_id integer NOT NULL,
    id character varying NOT NULL,
    link_type public.enum_pages_hero_links_link_type DEFAULT 'reference'::public.enum_pages_hero_links_link_type,
    link_new_tab boolean,
    link_url character varying,
    link_label character varying,
    link_appearance public.enum_pages_hero_links_link_appearance DEFAULT 'default'::public.enum_pages_hero_links_link_appearance
);


--
-- Name: pages_id_seq; Type: SEQUENCE; Schema: public; Owner: -
--

CREATE SEQUENCE public.pages_id_seq
    AS integer
    START WITH 1
    INCREMENT BY 1
    NO MINVALUE
    NO MAXVALUE
    CACHE 1;


--
-- Name: pages_id_seq; Type: SEQUENCE OWNED BY; Schema: public; Owner: -
--

ALTER SEQUENCE public.pages_id_seq OWNED BY public.pages.id;


--
-- Name: pages_rels; Type: TABLE; Schema: public; Owner: -
--

CREATE TABLE public.pages_rels (
    id integer NOT NULL,
    "order" integer,
    parent_id integer NOT NULL,
    path character varying NOT NULL,
    pages_id integer,
    posts_id integer,
    categories_id integer
);


--
-- Name: pages_rels_id_seq; Type: SEQUENCE; Schema: public; Owner: -
--

CREATE SEQUENCE public.pages_rels_id_seq
    AS integer
    START WITH 1
    INCREMENT BY 1
    NO MINVALUE
    NO MAXVALUE
    CACHE 1;


--
-- Name: pages_rels_id_seq; Type: SEQUENCE OWNED BY; Schema: public; Owner: -
--

ALTER SEQUENCE public.pages_rels_id_seq OWNED BY public.pages_rels.id;


--
-- Name: payload_folders; Type: TABLE; Schema: public; Owner: -
--

CREATE TABLE public.payload_folders (
    id integer NOT NULL,
    name character varying NOT NULL,
    folder_id integer,
    updated_at timestamp(3) with time zone DEFAULT now() NOT NULL,
    created_at timestamp(3) with time zone DEFAULT now() NOT NULL
);


--
-- Name: payload_folders_folder_type; Type: TABLE; Schema: public; Owner: -
--

CREATE TABLE public.payload_folders_folder_type (
    "order" integer NOT NULL,
    parent_id integer NOT NULL,
    value public.enum_payload_folders_folder_type,
    id integer NOT NULL
);


--
-- Name: payload_folders_folder_type_id_seq; Type: SEQUENCE; Schema: public; Owner: -
--

CREATE SEQUENCE public.payload_folders_folder_type_id_seq
    AS integer
    START WITH 1
    INCREMENT BY 1
    NO MINVALUE
    NO MAXVALUE
    CACHE 1;


--
-- Name: payload_folders_folder_type_id_seq; Type: SEQUENCE OWNED BY; Schema: public; Owner: -
--

ALTER SEQUENCE public.payload_folders_folder_type_id_seq OWNED BY public.payload_folders_folder_type.id;


--
-- Name: payload_folders_id_seq; Type: SEQUENCE; Schema: public; Owner: -
--

CREATE SEQUENCE public.payload_folders_id_seq
    AS integer
    START WITH 1
    INCREMENT BY 1
    NO MINVALUE
    NO MAXVALUE
    CACHE 1;


--
-- Name: payload_folders_id_seq; Type: SEQUENCE OWNED BY; Schema: public; Owner: -
--

ALTER SEQUENCE public.payload_folders_id_seq OWNED BY public.payload_folders.id;


--
-- Name: payload_jobs; Type: TABLE; Schema: public; Owner: -
--

CREATE TABLE public.payload_jobs (
    id integer NOT NULL,
    input jsonb,
    completed_at timestamp(3) with time zone,
    total_tried numeric DEFAULT 0,
    has_error boolean DEFAULT false,
    error jsonb,
    task_slug public.enum_payload_jobs_task_slug,
    queue character varying DEFAULT 'default'::character varying,
    wait_until timestamp(3) with time zone,
    processing boolean DEFAULT false,
    updated_at timestamp(3) with time zone DEFAULT now() NOT NULL,
    created_at timestamp(3) with time zone DEFAULT now() NOT NULL
);


--
-- Name: payload_jobs_id_seq; Type: SEQUENCE; Schema: public; Owner: -
--

CREATE SEQUENCE public.payload_jobs_id_seq
    AS integer
    START WITH 1
    INCREMENT BY 1
    NO MINVALUE
    NO MAXVALUE
    CACHE 1;


--
-- Name: payload_jobs_id_seq; Type: SEQUENCE OWNED BY; Schema: public; Owner: -
--

ALTER SEQUENCE public.payload_jobs_id_seq OWNED BY public.payload_jobs.id;


--
-- Name: payload_jobs_log; Type: TABLE; Schema: public; Owner: -
--

CREATE TABLE public.payload_jobs_log (
    _order integer NOT NULL,
    _parent_id integer NOT NULL,
    id character varying NOT NULL,
    executed_at timestamp(3) with time zone NOT NULL,
    completed_at timestamp(3) with time zone NOT NULL,
    task_slug public.enum_payload_jobs_log_task_slug NOT NULL,
    task_i_d character varying NOT NULL,
    input jsonb,
    output jsonb,
    state public.enum_payload_jobs_log_state NOT NULL,
    error jsonb
);


--
-- Name: payload_kv; Type: TABLE; Schema: public; Owner: -
--

CREATE TABLE public.payload_kv (
    id integer NOT NULL,
    key character varying NOT NULL,
    data jsonb NOT NULL
);


--
-- Name: payload_kv_id_seq; Type: SEQUENCE; Schema: public; Owner: -
--

CREATE SEQUENCE public.payload_kv_id_seq
    AS integer
    START WITH 1
    INCREMENT BY 1
    NO MINVALUE
    NO MAXVALUE
    CACHE 1;


--
-- Name: payload_kv_id_seq; Type: SEQUENCE OWNED BY; Schema: public; Owner: -
--

ALTER SEQUENCE public.payload_kv_id_seq OWNED BY public.payload_kv.id;


--
-- Name: payload_locked_documents; Type: TABLE; Schema: public; Owner: -
--

CREATE TABLE public.payload_locked_documents (
    id integer NOT NULL,
    global_slug character varying,
    updated_at timestamp(3) with time zone DEFAULT now() NOT NULL,
    created_at timestamp(3) with time zone DEFAULT now() NOT NULL
);


--
-- Name: payload_locked_documents_id_seq; Type: SEQUENCE; Schema: public; Owner: -
--

CREATE SEQUENCE public.payload_locked_documents_id_seq
    AS integer
    START WITH 1
    INCREMENT BY 1
    NO MINVALUE
    NO MAXVALUE
    CACHE 1;


--
-- Name: payload_locked_documents_id_seq; Type: SEQUENCE OWNED BY; Schema: public; Owner: -
--

ALTER SEQUENCE public.payload_locked_documents_id_seq OWNED BY public.payload_locked_documents.id;


--
-- Name: payload_locked_documents_rels; Type: TABLE; Schema: public; Owner: -
--

CREATE TABLE public.payload_locked_documents_rels (
    id integer NOT NULL,
    "order" integer,
    parent_id integer NOT NULL,
    path character varying NOT NULL,
    pages_id integer,
    posts_id integer,
    media_id integer,
    categories_id integer,
    users_id integer,
    redirects_id integer,
    forms_id integer,
    form_submissions_id integer,
    search_id integer,
    payload_folders_id integer,
    products_id integer,
    events_id integer
);


--
-- Name: payload_locked_documents_rels_id_seq; Type: SEQUENCE; Schema: public; Owner: -
--

CREATE SEQUENCE public.payload_locked_documents_rels_id_seq
    AS integer
    START WITH 1
    INCREMENT BY 1
    NO MINVALUE
    NO MAXVALUE
    CACHE 1;


--
-- Name: payload_locked_documents_rels_id_seq; Type: SEQUENCE OWNED BY; Schema: public; Owner: -
--

ALTER SEQUENCE public.payload_locked_documents_rels_id_seq OWNED BY public.payload_locked_documents_rels.id;


--
-- Name: payload_migrations; Type: TABLE; Schema: public; Owner: -
--

CREATE TABLE public.payload_migrations (
    id integer NOT NULL,
    name character varying,
    batch numeric,
    updated_at timestamp(3) with time zone DEFAULT now() NOT NULL,
    created_at timestamp(3) with time zone DEFAULT now() NOT NULL
);


--
-- Name: payload_migrations_id_seq; Type: SEQUENCE; Schema: public; Owner: -
--

CREATE SEQUENCE public.payload_migrations_id_seq
    AS integer
    START WITH 1
    INCREMENT BY 1
    NO MINVALUE
    NO MAXVALUE
    CACHE 1;


--
-- Name: payload_migrations_id_seq; Type: SEQUENCE OWNED BY; Schema: public; Owner: -
--

ALTER SEQUENCE public.payload_migrations_id_seq OWNED BY public.payload_migrations.id;


--
-- Name: payload_preferences; Type: TABLE; Schema: public; Owner: -
--

CREATE TABLE public.payload_preferences (
    id integer NOT NULL,
    key character varying,
    value jsonb,
    updated_at timestamp(3) with time zone DEFAULT now() NOT NULL,
    created_at timestamp(3) with time zone DEFAULT now() NOT NULL
);


--
-- Name: payload_preferences_id_seq; Type: SEQUENCE; Schema: public; Owner: -
--

CREATE SEQUENCE public.payload_preferences_id_seq
    AS integer
    START WITH 1
    INCREMENT BY 1
    NO MINVALUE
    NO MAXVALUE
    CACHE 1;


--
-- Name: payload_preferences_id_seq; Type: SEQUENCE OWNED BY; Schema: public; Owner: -
--

ALTER SEQUENCE public.payload_preferences_id_seq OWNED BY public.payload_preferences.id;


--
-- Name: payload_preferences_rels; Type: TABLE; Schema: public; Owner: -
--

CREATE TABLE public.payload_preferences_rels (
    id integer NOT NULL,
    "order" integer,
    parent_id integer NOT NULL,
    path character varying NOT NULL,
    users_id integer
);


--
-- Name: payload_preferences_rels_id_seq; Type: SEQUENCE; Schema: public; Owner: -
--

CREATE SEQUENCE public.payload_preferences_rels_id_seq
    AS integer
    START WITH 1
    INCREMENT BY 1
    NO MINVALUE
    NO MAXVALUE
    CACHE 1;


--
-- Name: payload_preferences_rels_id_seq; Type: SEQUENCE OWNED BY; Schema: public; Owner: -
--

ALTER SEQUENCE public.payload_preferences_rels_id_seq OWNED BY public.payload_preferences_rels.id;


--
-- Name: posts; Type: TABLE; Schema: public; Owner: -
--

CREATE TABLE public.posts (
    id integer NOT NULL,
    title character varying,
    thumb_id integer,
    content jsonb,
    meta_title character varying,
    meta_image_id integer,
    meta_description character varying,
    published_at timestamp(3) with time zone,
    generate_slug boolean DEFAULT true,
    slug character varying,
    updated_at timestamp(3) with time zone DEFAULT now() NOT NULL,
    created_at timestamp(3) with time zone DEFAULT now() NOT NULL,
    _status public.enum_posts_status DEFAULT 'draft'::public.enum_posts_status,
    description character varying,
    description_two character varying,
    body character varying,
    category public.enum_posts_category,
    video_youtube character varying,
    video_thumb_id integer,
    body_rich jsonb
);


--
-- Name: posts_gallery; Type: TABLE; Schema: public; Owner: -
--

CREATE TABLE public.posts_gallery (
    _order integer NOT NULL,
    _parent_id integer NOT NULL,
    id character varying NOT NULL
);


--
-- Name: posts_gallery_items; Type: TABLE; Schema: public; Owner: -
--

CREATE TABLE public.posts_gallery_items (
    _order integer NOT NULL,
    _parent_id character varying NOT NULL,
    id character varying NOT NULL,
    image_id integer,
    alt character varying,
    title character varying
);


--
-- Name: posts_id_seq; Type: SEQUENCE; Schema: public; Owner: -
--

CREATE SEQUENCE public.posts_id_seq
    AS integer
    START WITH 1
    INCREMENT BY 1
    NO MINVALUE
    NO MAXVALUE
    CACHE 1;


--
-- Name: posts_id_seq; Type: SEQUENCE OWNED BY; Schema: public; Owner: -
--

ALTER SEQUENCE public.posts_id_seq OWNED BY public.posts.id;


--
-- Name: posts_rels; Type: TABLE; Schema: public; Owner: -
--

CREATE TABLE public.posts_rels (
    id integer NOT NULL,
    "order" integer,
    parent_id integer NOT NULL,
    path character varying NOT NULL,
    posts_id integer
);


--
-- Name: posts_rels_id_seq; Type: SEQUENCE; Schema: public; Owner: -
--

CREATE SEQUENCE public.posts_rels_id_seq
    AS integer
    START WITH 1
    INCREMENT BY 1
    NO MINVALUE
    NO MAXVALUE
    CACHE 1;


--
-- Name: posts_rels_id_seq; Type: SEQUENCE OWNED BY; Schema: public; Owner: -
--

ALTER SEQUENCE public.posts_rels_id_seq OWNED BY public.posts_rels.id;


--
-- Name: products; Type: TABLE; Schema: public; Owner: -
--

CREATE TABLE public.products (
    id integer NOT NULL,
    admin_title character varying,
    sku character varying NOT NULL,
    title character varying,
    name character varying NOT NULL,
    price numeric,
    featured boolean DEFAULT false,
    thumb_id integer,
    description jsonb,
    width character varying,
    height character varying,
    weight character varying,
    holds character varying,
    firing_method public.enum_products_firing_method,
    food_safe boolean DEFAULT false,
    dishwasher_safe boolean DEFAULT false,
    updated_at timestamp(3) with time zone DEFAULT now() NOT NULL,
    created_at timestamp(3) with time zone DEFAULT now() NOT NULL,
    _order character varying,
    featured_image_id integer,
    length character varying,
    meta_title character varying,
    meta_description character varying,
    meta_image_id integer
);


--
-- Name: products_id_seq; Type: SEQUENCE; Schema: public; Owner: -
--

CREATE SEQUENCE public.products_id_seq
    AS integer
    START WITH 1
    INCREMENT BY 1
    NO MINVALUE
    NO MAXVALUE
    CACHE 1;


--
-- Name: products_id_seq; Type: SEQUENCE OWNED BY; Schema: public; Owner: -
--

ALTER SEQUENCE public.products_id_seq OWNED BY public.products.id;


--
-- Name: products_images; Type: TABLE; Schema: public; Owner: -
--

CREATE TABLE public.products_images (
    _order integer NOT NULL,
    _parent_id integer NOT NULL,
    id character varying NOT NULL,
    image_id integer
);


--
-- Name: products_making_links; Type: TABLE; Schema: public; Owner: -
--

CREATE TABLE public.products_making_links (
    _order integer NOT NULL,
    _parent_id integer NOT NULL,
    id character varying NOT NULL,
    title character varying NOT NULL,
    url character varying NOT NULL
);


--
-- Name: products_rels; Type: TABLE; Schema: public; Owner: -
--

CREATE TABLE public.products_rels (
    id integer NOT NULL,
    "order" integer,
    parent_id integer NOT NULL,
    path character varying NOT NULL,
    products_id integer
);


--
-- Name: products_rels_id_seq; Type: SEQUENCE; Schema: public; Owner: -
--

CREATE SEQUENCE public.products_rels_id_seq
    AS integer
    START WITH 1
    INCREMENT BY 1
    NO MINVALUE
    NO MAXVALUE
    CACHE 1;


--
-- Name: products_rels_id_seq; Type: SEQUENCE OWNED BY; Schema: public; Owner: -
--

ALTER SEQUENCE public.products_rels_id_seq OWNED BY public.products_rels.id;


--
-- Name: products_tags; Type: TABLE; Schema: public; Owner: -
--

CREATE TABLE public.products_tags (
    "order" integer NOT NULL,
    parent_id integer NOT NULL,
    value public.enum_products_tags,
    id integer NOT NULL
);


--
-- Name: products_tags_id_seq; Type: SEQUENCE; Schema: public; Owner: -
--

CREATE SEQUENCE public.products_tags_id_seq
    AS integer
    START WITH 1
    INCREMENT BY 1
    NO MINVALUE
    NO MAXVALUE
    CACHE 1;


--
-- Name: products_tags_id_seq; Type: SEQUENCE OWNED BY; Schema: public; Owner: -
--

ALTER SEQUENCE public.products_tags_id_seq OWNED BY public.products_tags.id;


--
-- Name: redirects; Type: TABLE; Schema: public; Owner: -
--

CREATE TABLE public.redirects (
    id integer NOT NULL,
    "from" character varying NOT NULL,
    to_type public.enum_redirects_to_type DEFAULT 'reference'::public.enum_redirects_to_type,
    to_url character varying,
    updated_at timestamp(3) with time zone DEFAULT now() NOT NULL,
    created_at timestamp(3) with time zone DEFAULT now() NOT NULL
);


--
-- Name: redirects_id_seq; Type: SEQUENCE; Schema: public; Owner: -
--

CREATE SEQUENCE public.redirects_id_seq
    AS integer
    START WITH 1
    INCREMENT BY 1
    NO MINVALUE
    NO MAXVALUE
    CACHE 1;


--
-- Name: redirects_id_seq; Type: SEQUENCE OWNED BY; Schema: public; Owner: -
--

ALTER SEQUENCE public.redirects_id_seq OWNED BY public.redirects.id;


--
-- Name: redirects_rels; Type: TABLE; Schema: public; Owner: -
--

CREATE TABLE public.redirects_rels (
    id integer NOT NULL,
    "order" integer,
    parent_id integer NOT NULL,
    path character varying NOT NULL,
    pages_id integer,
    posts_id integer
);


--
-- Name: redirects_rels_id_seq; Type: SEQUENCE; Schema: public; Owner: -
--

CREATE SEQUENCE public.redirects_rels_id_seq
    AS integer
    START WITH 1
    INCREMENT BY 1
    NO MINVALUE
    NO MAXVALUE
    CACHE 1;


--
-- Name: redirects_rels_id_seq; Type: SEQUENCE OWNED BY; Schema: public; Owner: -
--

ALTER SEQUENCE public.redirects_rels_id_seq OWNED BY public.redirects_rels.id;


--
-- Name: search; Type: TABLE; Schema: public; Owner: -
--

CREATE TABLE public.search (
    id integer NOT NULL,
    title character varying,
    priority numeric,
    slug character varying,
    meta_title character varying,
    meta_description character varying,
    meta_image_id integer,
    updated_at timestamp(3) with time zone DEFAULT now() NOT NULL,
    created_at timestamp(3) with time zone DEFAULT now() NOT NULL
);


--
-- Name: search_categories; Type: TABLE; Schema: public; Owner: -
--

CREATE TABLE public.search_categories (
    _order integer NOT NULL,
    _parent_id integer NOT NULL,
    id character varying NOT NULL,
    relation_to character varying,
    category_i_d character varying,
    title character varying
);


--
-- Name: search_id_seq; Type: SEQUENCE; Schema: public; Owner: -
--

CREATE SEQUENCE public.search_id_seq
    AS integer
    START WITH 1
    INCREMENT BY 1
    NO MINVALUE
    NO MAXVALUE
    CACHE 1;


--
-- Name: search_id_seq; Type: SEQUENCE OWNED BY; Schema: public; Owner: -
--

ALTER SEQUENCE public.search_id_seq OWNED BY public.search.id;


--
-- Name: search_rels; Type: TABLE; Schema: public; Owner: -
--

CREATE TABLE public.search_rels (
    id integer NOT NULL,
    "order" integer,
    parent_id integer NOT NULL,
    path character varying NOT NULL,
    posts_id integer
);


--
-- Name: search_rels_id_seq; Type: SEQUENCE; Schema: public; Owner: -
--

CREATE SEQUENCE public.search_rels_id_seq
    AS integer
    START WITH 1
    INCREMENT BY 1
    NO MINVALUE
    NO MAXVALUE
    CACHE 1;


--
-- Name: search_rels_id_seq; Type: SEQUENCE OWNED BY; Schema: public; Owner: -
--

ALTER SEQUENCE public.search_rels_id_seq OWNED BY public.search_rels.id;


--
-- Name: stockists; Type: TABLE; Schema: public; Owner: -
--

CREATE TABLE public.stockists (
    id integer NOT NULL,
    updated_at timestamp(3) with time zone,
    created_at timestamp(3) with time zone
);


--
-- Name: stockists_id_seq; Type: SEQUENCE; Schema: public; Owner: -
--

CREATE SEQUENCE public.stockists_id_seq
    AS integer
    START WITH 1
    INCREMENT BY 1
    NO MINVALUE
    NO MAXVALUE
    CACHE 1;


--
-- Name: stockists_id_seq; Type: SEQUENCE OWNED BY; Schema: public; Owner: -
--

ALTER SEQUENCE public.stockists_id_seq OWNED BY public.stockists.id;


--
-- Name: stockists_stockists; Type: TABLE; Schema: public; Owner: -
--

CREATE TABLE public.stockists_stockists (
    _order integer NOT NULL,
    _parent_id integer NOT NULL,
    id character varying NOT NULL,
    name character varying,
    info character varying,
    address character varying,
    map_url character varying,
    image_id integer,
    url character varying,
    current boolean DEFAULT false
);


--
-- Name: users; Type: TABLE; Schema: public; Owner: -
--

CREATE TABLE public.users (
    id integer NOT NULL,
    name character varying,
    updated_at timestamp(3) with time zone DEFAULT now() NOT NULL,
    created_at timestamp(3) with time zone DEFAULT now() NOT NULL,
    email character varying NOT NULL,
    reset_password_token character varying,
    reset_password_expiration timestamp(3) with time zone,
    salt character varying,
    hash character varying,
    login_attempts numeric DEFAULT 0,
    lock_until timestamp(3) with time zone
);


--
-- Name: users_id_seq; Type: SEQUENCE; Schema: public; Owner: -
--

CREATE SEQUENCE public.users_id_seq
    AS integer
    START WITH 1
    INCREMENT BY 1
    NO MINVALUE
    NO MAXVALUE
    CACHE 1;


--
-- Name: users_id_seq; Type: SEQUENCE OWNED BY; Schema: public; Owner: -
--

ALTER SEQUENCE public.users_id_seq OWNED BY public.users.id;


--
-- Name: users_sessions; Type: TABLE; Schema: public; Owner: -
--

CREATE TABLE public.users_sessions (
    _order integer NOT NULL,
    _parent_id integer NOT NULL,
    id character varying NOT NULL,
    created_at timestamp(3) with time zone,
    expires_at timestamp(3) with time zone NOT NULL
);


--
-- Name: _pages_v id; Type: DEFAULT; Schema: public; Owner: -
--

ALTER TABLE ONLY public._pages_v ALTER COLUMN id SET DEFAULT nextval('public._pages_v_id_seq'::regclass);


--
-- Name: _pages_v_blocks_archive id; Type: DEFAULT; Schema: public; Owner: -
--

ALTER TABLE ONLY public._pages_v_blocks_archive ALTER COLUMN id SET DEFAULT nextval('public._pages_v_blocks_archive_id_seq'::regclass);


--
-- Name: _pages_v_blocks_content id; Type: DEFAULT; Schema: public; Owner: -
--

ALTER TABLE ONLY public._pages_v_blocks_content ALTER COLUMN id SET DEFAULT nextval('public._pages_v_blocks_content_id_seq'::regclass);


--
-- Name: _pages_v_blocks_content_columns id; Type: DEFAULT; Schema: public; Owner: -
--

ALTER TABLE ONLY public._pages_v_blocks_content_columns ALTER COLUMN id SET DEFAULT nextval('public._pages_v_blocks_content_columns_id_seq'::regclass);


--
-- Name: _pages_v_blocks_cta id; Type: DEFAULT; Schema: public; Owner: -
--

ALTER TABLE ONLY public._pages_v_blocks_cta ALTER COLUMN id SET DEFAULT nextval('public._pages_v_blocks_cta_id_seq'::regclass);


--
-- Name: _pages_v_blocks_cta_links id; Type: DEFAULT; Schema: public; Owner: -
--

ALTER TABLE ONLY public._pages_v_blocks_cta_links ALTER COLUMN id SET DEFAULT nextval('public._pages_v_blocks_cta_links_id_seq'::regclass);


--
-- Name: _pages_v_blocks_form_block id; Type: DEFAULT; Schema: public; Owner: -
--

ALTER TABLE ONLY public._pages_v_blocks_form_block ALTER COLUMN id SET DEFAULT nextval('public._pages_v_blocks_form_block_id_seq'::regclass);


--
-- Name: _pages_v_blocks_media_block id; Type: DEFAULT; Schema: public; Owner: -
--

ALTER TABLE ONLY public._pages_v_blocks_media_block ALTER COLUMN id SET DEFAULT nextval('public._pages_v_blocks_media_block_id_seq'::regclass);


--
-- Name: _pages_v_rels id; Type: DEFAULT; Schema: public; Owner: -
--

ALTER TABLE ONLY public._pages_v_rels ALTER COLUMN id SET DEFAULT nextval('public._pages_v_rels_id_seq'::regclass);


--
-- Name: _pages_v_version_hero_links id; Type: DEFAULT; Schema: public; Owner: -
--

ALTER TABLE ONLY public._pages_v_version_hero_links ALTER COLUMN id SET DEFAULT nextval('public._pages_v_version_hero_links_id_seq'::regclass);


--
-- Name: _posts_v id; Type: DEFAULT; Schema: public; Owner: -
--

ALTER TABLE ONLY public._posts_v ALTER COLUMN id SET DEFAULT nextval('public._posts_v_id_seq'::regclass);


--
-- Name: _posts_v_rels id; Type: DEFAULT; Schema: public; Owner: -
--

ALTER TABLE ONLY public._posts_v_rels ALTER COLUMN id SET DEFAULT nextval('public._posts_v_rels_id_seq'::regclass);


--
-- Name: _posts_v_version_gallery id; Type: DEFAULT; Schema: public; Owner: -
--

ALTER TABLE ONLY public._posts_v_version_gallery ALTER COLUMN id SET DEFAULT nextval('public._posts_v_version_gallery_id_seq'::regclass);


--
-- Name: _posts_v_version_gallery_items id; Type: DEFAULT; Schema: public; Owner: -
--

ALTER TABLE ONLY public._posts_v_version_gallery_items ALTER COLUMN id SET DEFAULT nextval('public._posts_v_version_gallery_items_id_seq'::regclass);


--
-- Name: announcement id; Type: DEFAULT; Schema: public; Owner: -
--

ALTER TABLE ONLY public.announcement ALTER COLUMN id SET DEFAULT nextval('public.announcement_id_seq'::regclass);


--
-- Name: categories id; Type: DEFAULT; Schema: public; Owner: -
--

ALTER TABLE ONLY public.categories ALTER COLUMN id SET DEFAULT nextval('public.categories_id_seq'::regclass);


--
-- Name: collection_title id; Type: DEFAULT; Schema: public; Owner: -
--

ALTER TABLE ONLY public.collection_title ALTER COLUMN id SET DEFAULT nextval('public.collection_title_id_seq'::regclass);


--
-- Name: events id; Type: DEFAULT; Schema: public; Owner: -
--

ALTER TABLE ONLY public.events ALTER COLUMN id SET DEFAULT nextval('public.events_id_seq'::regclass);


--
-- Name: faq id; Type: DEFAULT; Schema: public; Owner: -
--

ALTER TABLE ONLY public.faq ALTER COLUMN id SET DEFAULT nextval('public.faq_id_seq'::regclass);


--
-- Name: footer id; Type: DEFAULT; Schema: public; Owner: -
--

ALTER TABLE ONLY public.footer ALTER COLUMN id SET DEFAULT nextval('public.footer_id_seq'::regclass);


--
-- Name: footer_rels id; Type: DEFAULT; Schema: public; Owner: -
--

ALTER TABLE ONLY public.footer_rels ALTER COLUMN id SET DEFAULT nextval('public.footer_rels_id_seq'::regclass);


--
-- Name: form_submissions id; Type: DEFAULT; Schema: public; Owner: -
--

ALTER TABLE ONLY public.form_submissions ALTER COLUMN id SET DEFAULT nextval('public.form_submissions_id_seq'::regclass);


--
-- Name: forms id; Type: DEFAULT; Schema: public; Owner: -
--

ALTER TABLE ONLY public.forms ALTER COLUMN id SET DEFAULT nextval('public.forms_id_seq'::regclass);


--
-- Name: gallery id; Type: DEFAULT; Schema: public; Owner: -
--

ALTER TABLE ONLY public.gallery ALTER COLUMN id SET DEFAULT nextval('public.gallery_id_seq'::regclass);


--
-- Name: header id; Type: DEFAULT; Schema: public; Owner: -
--

ALTER TABLE ONLY public.header ALTER COLUMN id SET DEFAULT nextval('public.header_id_seq'::regclass);


--
-- Name: header_rels id; Type: DEFAULT; Schema: public; Owner: -
--

ALTER TABLE ONLY public.header_rels ALTER COLUMN id SET DEFAULT nextval('public.header_rels_id_seq'::regclass);


--
-- Name: links id; Type: DEFAULT; Schema: public; Owner: -
--

ALTER TABLE ONLY public.links ALTER COLUMN id SET DEFAULT nextval('public.links_id_seq'::regclass);


--
-- Name: media id; Type: DEFAULT; Schema: public; Owner: -
--

ALTER TABLE ONLY public.media ALTER COLUMN id SET DEFAULT nextval('public.media_id_seq'::regclass);


--
-- Name: newsletter id; Type: DEFAULT; Schema: public; Owner: -
--

ALTER TABLE ONLY public.newsletter ALTER COLUMN id SET DEFAULT nextval('public.newsletter_id_seq'::regclass);


--
-- Name: pages id; Type: DEFAULT; Schema: public; Owner: -
--

ALTER TABLE ONLY public.pages ALTER COLUMN id SET DEFAULT nextval('public.pages_id_seq'::regclass);


--
-- Name: pages_rels id; Type: DEFAULT; Schema: public; Owner: -
--

ALTER TABLE ONLY public.pages_rels ALTER COLUMN id SET DEFAULT nextval('public.pages_rels_id_seq'::regclass);


--
-- Name: payload_folders id; Type: DEFAULT; Schema: public; Owner: -
--

ALTER TABLE ONLY public.payload_folders ALTER COLUMN id SET DEFAULT nextval('public.payload_folders_id_seq'::regclass);


--
-- Name: payload_folders_folder_type id; Type: DEFAULT; Schema: public; Owner: -
--

ALTER TABLE ONLY public.payload_folders_folder_type ALTER COLUMN id SET DEFAULT nextval('public.payload_folders_folder_type_id_seq'::regclass);


--
-- Name: payload_jobs id; Type: DEFAULT; Schema: public; Owner: -
--

ALTER TABLE ONLY public.payload_jobs ALTER COLUMN id SET DEFAULT nextval('public.payload_jobs_id_seq'::regclass);


--
-- Name: payload_kv id; Type: DEFAULT; Schema: public; Owner: -
--

ALTER TABLE ONLY public.payload_kv ALTER COLUMN id SET DEFAULT nextval('public.payload_kv_id_seq'::regclass);


--
-- Name: payload_locked_documents id; Type: DEFAULT; Schema: public; Owner: -
--

ALTER TABLE ONLY public.payload_locked_documents ALTER COLUMN id SET DEFAULT nextval('public.payload_locked_documents_id_seq'::regclass);


--
-- Name: payload_locked_documents_rels id; Type: DEFAULT; Schema: public; Owner: -
--

ALTER TABLE ONLY public.payload_locked_documents_rels ALTER COLUMN id SET DEFAULT nextval('public.payload_locked_documents_rels_id_seq'::regclass);


--
-- Name: payload_migrations id; Type: DEFAULT; Schema: public; Owner: -
--

ALTER TABLE ONLY public.payload_migrations ALTER COLUMN id SET DEFAULT nextval('public.payload_migrations_id_seq'::regclass);


--
-- Name: payload_preferences id; Type: DEFAULT; Schema: public; Owner: -
--

ALTER TABLE ONLY public.payload_preferences ALTER COLUMN id SET DEFAULT nextval('public.payload_preferences_id_seq'::regclass);


--
-- Name: payload_preferences_rels id; Type: DEFAULT; Schema: public; Owner: -
--

ALTER TABLE ONLY public.payload_preferences_rels ALTER COLUMN id SET DEFAULT nextval('public.payload_preferences_rels_id_seq'::regclass);


--
-- Name: posts id; Type: DEFAULT; Schema: public; Owner: -
--

ALTER TABLE ONLY public.posts ALTER COLUMN id SET DEFAULT nextval('public.posts_id_seq'::regclass);


--
-- Name: posts_rels id; Type: DEFAULT; Schema: public; Owner: -
--

ALTER TABLE ONLY public.posts_rels ALTER COLUMN id SET DEFAULT nextval('public.posts_rels_id_seq'::regclass);


--
-- Name: products id; Type: DEFAULT; Schema: public; Owner: -
--

ALTER TABLE ONLY public.products ALTER COLUMN id SET DEFAULT nextval('public.products_id_seq'::regclass);


--
-- Name: products_rels id; Type: DEFAULT; Schema: public; Owner: -
--

ALTER TABLE ONLY public.products_rels ALTER COLUMN id SET DEFAULT nextval('public.products_rels_id_seq'::regclass);


--
-- Name: products_tags id; Type: DEFAULT; Schema: public; Owner: -
--

ALTER TABLE ONLY public.products_tags ALTER COLUMN id SET DEFAULT nextval('public.products_tags_id_seq'::regclass);


--
-- Name: redirects id; Type: DEFAULT; Schema: public; Owner: -
--

ALTER TABLE ONLY public.redirects ALTER COLUMN id SET DEFAULT nextval('public.redirects_id_seq'::regclass);


--
-- Name: redirects_rels id; Type: DEFAULT; Schema: public; Owner: -
--

ALTER TABLE ONLY public.redirects_rels ALTER COLUMN id SET DEFAULT nextval('public.redirects_rels_id_seq'::regclass);


--
-- Name: search id; Type: DEFAULT; Schema: public; Owner: -
--

ALTER TABLE ONLY public.search ALTER COLUMN id SET DEFAULT nextval('public.search_id_seq'::regclass);


--
-- Name: search_rels id; Type: DEFAULT; Schema: public; Owner: -
--

ALTER TABLE ONLY public.search_rels ALTER COLUMN id SET DEFAULT nextval('public.search_rels_id_seq'::regclass);


--
-- Name: stockists id; Type: DEFAULT; Schema: public; Owner: -
--

ALTER TABLE ONLY public.stockists ALTER COLUMN id SET DEFAULT nextval('public.stockists_id_seq'::regclass);


--
-- Name: users id; Type: DEFAULT; Schema: public; Owner: -
--

ALTER TABLE ONLY public.users ALTER COLUMN id SET DEFAULT nextval('public.users_id_seq'::regclass);


--
-- Data for Name: _pages_v; Type: TABLE DATA; Schema: public; Owner: -
--

COPY public._pages_v (id, parent_id, version_title, version_hero_type, version_hero_rich_text, version_hero_media_id, version_meta_title, version_meta_image_id, version_meta_description, version_published_at, version_generate_slug, version_slug, version_updated_at, version_created_at, version__status, created_at, updated_at, latest, autosave) FROM stdin;
\.


--
-- Data for Name: _pages_v_blocks_archive; Type: TABLE DATA; Schema: public; Owner: -
--

COPY public._pages_v_blocks_archive (_order, _parent_id, _path, id, intro_content, populate_by, relation_to, "limit", _uuid, block_name) FROM stdin;
\.


--
-- Data for Name: _pages_v_blocks_content; Type: TABLE DATA; Schema: public; Owner: -
--

COPY public._pages_v_blocks_content (_order, _parent_id, _path, id, _uuid, block_name) FROM stdin;
\.


--
-- Data for Name: _pages_v_blocks_content_columns; Type: TABLE DATA; Schema: public; Owner: -
--

COPY public._pages_v_blocks_content_columns (_order, _parent_id, id, size, rich_text, enable_link, link_type, link_new_tab, link_url, link_label, link_appearance, _uuid) FROM stdin;
\.


--
-- Data for Name: _pages_v_blocks_cta; Type: TABLE DATA; Schema: public; Owner: -
--

COPY public._pages_v_blocks_cta (_order, _parent_id, _path, id, rich_text, _uuid, block_name) FROM stdin;
\.


--
-- Data for Name: _pages_v_blocks_cta_links; Type: TABLE DATA; Schema: public; Owner: -
--

COPY public._pages_v_blocks_cta_links (_order, _parent_id, id, link_type, link_new_tab, link_url, link_label, link_appearance, _uuid) FROM stdin;
\.


--
-- Data for Name: _pages_v_blocks_form_block; Type: TABLE DATA; Schema: public; Owner: -
--

COPY public._pages_v_blocks_form_block (_order, _parent_id, _path, id, form_id, enable_intro, intro_content, _uuid, block_name) FROM stdin;
\.


--
-- Data for Name: _pages_v_blocks_media_block; Type: TABLE DATA; Schema: public; Owner: -
--

COPY public._pages_v_blocks_media_block (_order, _parent_id, _path, id, media_id, _uuid, block_name) FROM stdin;
\.


--
-- Data for Name: _pages_v_rels; Type: TABLE DATA; Schema: public; Owner: -
--

COPY public._pages_v_rels (id, "order", parent_id, path, pages_id, posts_id, categories_id) FROM stdin;
\.


--
-- Data for Name: _pages_v_version_hero_links; Type: TABLE DATA; Schema: public; Owner: -
--

COPY public._pages_v_version_hero_links (_order, _parent_id, id, link_type, link_new_tab, link_url, link_label, link_appearance, _uuid) FROM stdin;
\.


--
-- Data for Name: _posts_v; Type: TABLE DATA; Schema: public; Owner: -
--

COPY public._posts_v (id, parent_id, version_title, version_thumb_id, version_content, version_meta_title, version_meta_image_id, version_meta_description, version_published_at, version_generate_slug, version_slug, version_updated_at, version_created_at, version__status, created_at, updated_at, latest, autosave, version_description, version_description_two, version_body, version_category, version_video_youtube, version_video_thumb_id, version_body_rich) FROM stdin;
1	2	WAD Cafe, Osaka Japan	257	\N	\N	\N	\N	2018-11-14 00:00:00+00	f	wad-cafe	2026-03-17 18:18:09.261+00	2026-03-17 18:18:09.261+00	published	2026-03-17 18:18:09.268+00	2026-03-17 18:18:09.268+00	t	f	<p>A visit to WAD Cafe in Osaka, Japan featuring masterfully crafted ceramics by local artisans.</p>\n	\N	### Ceramic Beginnings in Japan\nMy first real interaction with finely made pottery was at a tea cafe in Osaka, Japan. WAD's tea master built a relationship with local ceramic artists and featured their work in his cafe (and ceramic gallery). We had green tea 3 ways there (brewed at different temperatures, and finally served as a salad). If you are ever in Osaka, it's a great spot!\n\nIt always strikes me in Japan how handmade pottery can be found in the tiniest neighborhood cafes and shops. It is so deeply appreciated and loved culturally. One might argue it surpasses painting in the fine art world even. In the West we are so accustomed to manufactured ceramics for tableware. In fact, I don't recall ever interacting with a handmade pot until my 30's.	travel	\N	\N	\N
2	3	Mingei Museum	261	\N	\N	\N	\N	2023-10-28 00:00:00+00	f	mingei-museum	2026-03-17 18:18:13.042+00	2026-03-17 18:18:13.041+00	published	2026-03-17 18:18:13.045+00	2026-03-17 18:18:13.045+00	t	f	<h3>Ordinary People's Crafts</h3>\n<p>A visit to the Mingei Museum in the Sangenjaya neighborhood of Tokyo.</p>\n	\N	The Mingei movement in Japan was studied by the Bauhaus school founders in its early formation. Coined by Yanagi Sōetsu, he believed beauty could be found in ordinary and utilitarian everyday objects made by nameless craftspeople (as opposed to higher forms of art created by named artists). \n\n### He argued the beauty of folk crafts lay in:\n- the use of natural materials and "natural" hand-made production\n- traditional methods and design\n- simplicity\n- functionality in form and design\n- plurality, meaning that folk crafts could be copied and reproduced in quantity\n- inexpensiveness\n- made by unknown craftspeople\n- had a "beauty of health" - a healthy attitude during the manufacture of folk crafts led to healthy crafts\n\nHere are some pieces in Tokyo's Mingei Museum. I had a great visit on my last trip to Japan.	travel	\N	\N	\N
3	4	Tokyo National Museum	266	\N	\N	\N	\N	2023-11-02 00:00:00+00	f	tokyo-national-museum	2026-03-17 18:18:16.613+00	2026-03-17 18:18:16.613+00	published	2026-03-17 18:18:16.618+00	2026-03-17 18:18:16.618+00	t	f	<p>A tour of some objects in the Tokyo National Museum. There are lot of very old pots in their collection (around 30,000 BC).</p>\n	\N		travel	\N	\N	\N
4	5	Polish Pottery Store in Tokyo, Japan	271	\N	\N	\N	\N	2023-11-03 00:00:00+00	f	polish-pottery	2026-03-17 18:18:18.723+00	2026-03-17 18:18:18.723+00	published	2026-03-17 18:18:18.727+00	2026-03-17 18:18:18.727+00	t	f	I stumbled into a Polish pottery shop in Tokyo. I had never seen this style before. I was told Polish pottery is known for these blue indigo "mosquite bite" decorations. A very vibrant glazing style.	\N		travel	\N	\N	\N
5	6	Tokyo Pottery Stores	274	\N	\N	\N	\N	2023-11-03 00:00:00+00	f	tokyo-pottery-stores	2026-03-17 18:18:19.561+00	2026-03-17 18:18:19.561+00	published	2026-03-17 18:18:19.566+00	2026-03-17 18:18:19.566+00	t	f	Some photos of various pottery stores in Tokyo.	\N	<div class="row">\n    <div class="col-10">\n    <h3>Oribe in Shimokitazawa</h3>\n    <p>Oribe is known for its dark rich green distinctive glaze.</p>\n    </div>\n</div>\n<div class="row row-cols-1 row-cols-lg-2 mb-5">\n    <div class="col">\n        <a href="/assets/img/journal/tokyo-ceramics-4.jpg" class="glightbox"><img src="/assets/img/journal/tokyo-ceramics-4.jpg" alt="Oribe in Shimokitazawa" class="img-fluid rounded-3 mb-4"></a>\n    </div>\n    <div class="col">\n        <a href="/assets/img/journal/tokyo-ceramics-5.jpg" class="glightbox"><img src="/assets/img/journal/tokyo-ceramics-5.jpg" alt="Oribe in Shimokitazawa" class="img-fluid rounded-3 mb-4"></a>\n    </div>\n</div>\n\n### Nagasaki Pottery\nI love the regional pottery of Nagasaki. Such a beautiful glazing style with cobalt and rutile washes. \n\n<div class="row row-cols-1 row-cols-lg-2 mb-5">\n    <div class="col">\n        <a href="/assets/img/journal/tokyo-ceramics-8.jpg" class="glightbox"><img src="/assets/img/journal/tokyo-ceramics-8.jpg" alt="Nagasaki Pottery" class="img-fluid rounded-3 mb-4"></a>\n    </div>\n    <div class="col">\n        <a href="/assets/img/journal/tokyo-ceramics-9.jpg" class="glightbox"><img src="/assets/img/journal/tokyo-ceramics-9.jpg" alt="Nagasaki Pottery" class="img-fluid rounded-3 mb-4"></a>\n    </div>\n</div>\n\n### More photos of many glaze styles\n<div class="row row-cols-1 row-cols-lg-2">\n    <div class="col">\n        <a href="/assets/img/journal/tokyo-ceramics-2.jpg" class="glightbox"><img src="/assets/img/journal/tokyo-ceramics-2.jpg" alt="Japanese Pottery" class="img-fluid rounded-3 mb-4"></a>\n    </div>\n    <div class="col">\n        <a href="/assets/img/journal/tokyo-ceramics-3.jpg" class="glightbox"><img src="/assets/img/journal/tokyo-ceramics-3.jpg" alt="Japanese Pottery" class="img-fluid rounded-3 mb-4"></a>\n    </div>\n    <div class="col">\n        <a href="/assets/img/journal/tokyo-ceramics-6.jpg" class="glightbox"><img src="/assets/img/journal/tokyo-ceramics-6.jpg" alt="Japanese Pottery" class="img-fluid rounded-3 mb-4"></a>\n    </div>\n    <div class="col">\n        <a href="/assets/img/journal/tokyo-ceramics-7.jpg" class="glightbox"><img src="/assets/img/journal/tokyo-ceramics-7.jpg" alt="Japanese Pottery" class="img-fluid rounded-3 mb-4"></a>\n    </div>\n</div>	travel	\N	\N	\N
9	10	Tomoo Hamada @ Rebuild Foundation	284	\N	\N	\N	\N	2025-05-21 00:00:00+00	f	tomoo-hamada-theaster-gates	2026-03-17 18:18:37.085+00	2026-03-17 18:18:37.084+00	published	2026-03-17 18:18:37.097+00	2026-03-17 18:18:37.097+00	t	f	Theaster Gates opened his private studio to host a Tomoo Hamada talk & workshop on Chicago's southside. Tomoo is the grandson of Shōji Hamada working out of Mashiko, Japan — a famous pottery village just north of Tokyo that his grandfather started.\n	\N		workshops	\N	\N	\N
10	11	Sculptural Juicer	291	\N	\N	\N	\N	2025-08-20 00:00:00+00	f	sculptural-juicer	2026-03-17 18:18:46.83+00	2026-03-17 18:18:46.83+00	published	2026-03-17 18:18:46.844+00	2026-03-17 18:18:46.844+00	t	f	Some new ceramic work — a juicer and cup. This piece is a technically advanced form incorporating wheel throwing, slab handbuilding, carving, and coils. The cup could be nice for making salad dressings, and it juices nicely!\n	\N		process	\N	\N	\N
11	12	"Put a Lid on It" at the Belger Arts Center\n	299	\N	\N	\N	\N	2025-10-03 00:00:00+00	f	put-a-lid-on-it-belger-arts-center-exhibition	2026-03-17 18:18:56.006+00	2026-03-17 18:18:56.006+00	published	2026-03-17 18:18:56.01+00	2026-03-17 18:18:56.01+00	t	f	Put a Lid on It is an exploration of the lidded vessel form, showcasing how adding a lid can create a compelling separation between what is inside and what is outside. From beautifully crafted butter dishes to imaginatively designed trinket jars, each vessel demonstrates how this separation can be functional or emotional. The notion of what we choose to hold inside, whether literal or symbolic, practical or emotional, is at the heart of this exhibition.\n	\N	<div class="text-center">\n<a href="/assets/img/journal/belger-arts-flyer-1.jpg" class="glightbox" alt="Belger Arts Flyer for 'Put a Lid on It' Exhibition"><img src="/assets/img/journal/belger-arts-flyer-1.jpg" alt="Put a Lid on It Exhibition Flyer" class="img-fluid rounded-3 mb-4" style="height: 600px;"></a>\n</div>	exhibitions	\N	\N	\N
12	13	Washi Paper Ceramic Lantern	307	\N	\N	\N	\N	2025-11-20 00:00:00+00	f	washi-paper-ceramic-lantern	2026-03-17 18:19:13.771+00	2026-03-17 18:19:13.77+00	published	2026-03-17 18:19:13.792+00	2026-03-17 18:19:13.792+00	t	f	<p>Last year I attended a <a href="https://www.switchgrasspaper.com/" target="_blank">Switchgrass Paper</a> workshop at a Chicago Public Library where we made washi paper from mulberry pulp. We took the paper we made as a group and created an installation to hang in the library with it. It was a fun collaborative art making process and I highly recommend Switchgrass Paper workshops!</p>\n	\N		process	\N	\N	\N
13	14	Slipcast Bottle Process	319	\N	\N	\N	\N	2026-01-30 00:00:00+00	f	slipcast-bottle	2026-03-17 18:19:21.299+00	2026-03-17 18:19:21.299+00	published	2026-03-17 18:19:21.303+00	2026-03-17 18:19:21.303+00	t	f	A behind the scenes look at the making of the bottle slipcast mold that I made from an original design.\n	\N		process	\N	\N	\N
7	8	In the Key of Clay	276	\N	\N	\N	\N	2024-06-24 00:00:00+00	f	in-the-key-of-clay-ken-jensen	2026-03-17 18:18:21.006+00	2026-03-17 18:18:21.006+00	published	2026-03-17 18:18:21.008+00	2026-03-17 18:18:21.008+00	f	f	A short documentary on artist Ken Jensen's clay instruments. <p><a href="https://www.youtube.com/watch?v=9jX1H3J5CBU" target="_blank" alt="In the Key of Clay Ken Jensen Documentary"><i class="fa-brands fa-youtube"></i> YouTube Link</a></p>	\N		video	\N	\N	\N
14	7	Heath Ceramics	275	\N	\N	\N	\N	2024-06-21 00:00:00+00	f	heath-ceramics-documentary	2026-03-17 21:41:45.711+00	2026-03-17 18:18:20.276+00	published	2026-03-17 21:41:45.717+00	2026-03-17 21:41:45.717+00	t	f	<h3>1-hour Documentary on Heath Ceramics from KCET's Artbound program.</h3>\n<p>KCET shares the first-ever documentary about Heath. This is the story and history of Heath Ceramics from Edith Heath’s vision, philosophy, and craft to the evolution of the company as a fixture of American design. As part of the arts & culture series ARTBOUND, which examines the lives, works, and creative processes of arts and culture innovators making an impact in Southern California and beyond.</p>\n	\N		video	IJFM8Kui1W0	\N	\N
8	9	Takeshi Yasuda	277	\N	\N	\N	\N	2025-02-17 00:00:00+00	f	takeshi-yasuda	2026-03-17 18:18:25.964+00	2026-03-17 18:18:25.964+00	published	2026-03-17 18:18:25.97+00	2026-03-17 18:18:25.97+00	f	f	Takeshi Yasuda is a Japanese potter who was born in Tokyo, Japan, in 1943. Yasuda trained at the Daisei-Kiln in Mashiko from 1963 to 1966 and established his first studio there. He served as Director of the Pottery Workshop in Jingdezhen, China and exhibits internationally.\n	\N		video	\N	\N	\N
6	7	Heath Ceramics	275	\N	\N	\N	\N	2024-06-21 00:00:00+00	f	heath-ceramics-documentary	2026-03-17 18:18:20.276+00	2026-03-17 18:18:20.276+00	published	2026-03-17 18:18:20.279+00	2026-03-17 18:18:20.279+00	f	f	<h3>1-hour Documentary on Heath Ceramics from KCET's Artbound program.</h3>\n<p>KCET shares the first-ever documentary about Heath. This is the story and history of Heath Ceramics from Edith Heath’s vision, philosophy, and craft to the evolution of the company as a fixture of American design. As part of the arts & culture series ARTBOUND, which examines the lives, works, and creative processes of arts and culture innovators making an impact in Southern California and beyond.</p>\n	\N		video	\N	\N	\N
15	8	In the Key of Clay	276	\N	\N	\N	\N	2024-06-24 00:00:00+00	f	in-the-key-of-clay-ken-jensen	2026-03-17 21:41:45.77+00	2026-03-17 18:18:21.006+00	published	2026-03-17 21:41:45.775+00	2026-03-17 21:41:45.775+00	t	f	A short documentary on artist Ken Jensen's clay instruments. <p><a href="https://www.youtube.com/watch?v=9jX1H3J5CBU" target="_blank" alt="In the Key of Clay Ken Jensen Documentary"><i class="fa-brands fa-youtube"></i> YouTube Link</a></p>	\N		video	9jX1H3J5CBU	\N	\N
18	9	Takeshi Yasuda	277	\N	\N	\N	\N	2025-02-17 00:00:00+00	f	takeshi-yasuda	2026-03-19 16:29:42.652+00	2026-03-17 18:18:25.964+00	published	2026-03-19 16:29:42.667+00	2026-03-19 16:29:42.667+00	t	f	Takeshi Yasuda is a Japanese potter who was born in Tokyo, Japan, in 1943. Yasuda trained at the Daisei-Kiln in Mashiko from 1963 to 1966 and established his first studio there. He served as Director of the Pottery Workshop in Jingdezhen, China and exhibits internationally.\n	\N		video	6KS-bIPW3J4	435	\N
17	9	Takeshi Yasuda	277	\N	\N	\N	\N	2025-02-17 00:00:00+00	f	takeshi-yasuda	2026-03-19 16:29:40.574+00	2026-03-17 18:18:25.964+00	draft	2026-03-19 16:29:40.574+00	2026-03-19 16:29:40.574+00	f	t	Takeshi Yasuda is a Japanese potter who was born in Tokyo, Japan, in 1943. Yasuda trained at the Daisei-Kiln in Mashiko from 1963 to 1966 and established his first studio there. He served as Director of the Pottery Workshop in Jingdezhen, China and exhibits internationally.\n	\N		video	6KS-bIPW3J4	435	\N
16	9	Takeshi Yasuda	277	\N	\N	\N	\N	2025-02-17 00:00:00+00	f	takeshi-yasuda	2026-03-17 21:41:45.815+00	2026-03-17 18:18:25.964+00	published	2026-03-17 21:41:45.822+00	2026-03-17 21:41:45.822+00	f	f	Takeshi Yasuda is a Japanese potter who was born in Tokyo, Japan, in 1943. Yasuda trained at the Daisei-Kiln in Mashiko from 1963 to 1966 and established his first studio there. He served as Director of the Pottery Workshop in Jingdezhen, China and exhibits internationally.\n	\N		video	6KS-bIPW3J4	\N	\N
\.


--
-- Data for Name: _posts_v_rels; Type: TABLE DATA; Schema: public; Owner: -
--

COPY public._posts_v_rels (id, "order", parent_id, path, posts_id) FROM stdin;
\.


--
-- Data for Name: _posts_v_version_gallery; Type: TABLE DATA; Schema: public; Owner: -
--

COPY public._posts_v_version_gallery (_order, _parent_id, id, _uuid) FROM stdin;
1	1	1	69b99ae1aa9ac96a3112116f
1	2	2	69b99ae5aa9ac96a31121173
2	2	3	69b99ae5aa9ac96a31121176
1	3	4	69b99ae8aa9ac96a3112117a
2	3	5	69b99ae8aa9ac96a3112117d
1	4	6	69b99aeaaa9ac96a31121181
1	8	7	69b99af1aa9ac96a31121188
2	8	8	69b99af1aa9ac96a3112118b
3	8	9	69b99af1aa9ac96a3112118e
1	9	10	69b99afdaa9ac96a31121192
2	9	11	69b99afdaa9ac96a31121195
3	9	12	69b99afdaa9ac96a31121198
1	10	13	69b99b06aa9ac96a3112119c
2	10	14	69b99b06aa9ac96a3112119e
3	10	15	69b99b06aa9ac96a311211a1
4	10	16	69b99b06aa9ac96a311211a4
1	11	17	69b99b10aa9ac96a311211a8
2	11	18	69b99b10aa9ac96a311211ac
3	11	19	69b99b10aa9ac96a311211af
1	12	20	69b99b21aa9ac96a311211b3
2	12	21	69b99b21aa9ac96a311211b5
3	12	22	69b99b21aa9ac96a311211b9
4	12	23	69b99b21aa9ac96a311211bc
5	12	24	69b99b21aa9ac96a311211c0
1	13	25	69b99b29aa9ac96a311211c5
2	13	26	69b99b29aa9ac96a311211c8
3	13	27	69b99b29aa9ac96a311211ca
1	16	28	69b99af1aa9ac96a31121188
2	16	29	69b99af1aa9ac96a3112118b
3	16	30	69b99af1aa9ac96a3112118e
1	17	31	69b99af1aa9ac96a31121188
2	17	32	69b99af1aa9ac96a3112118b
3	17	33	69b99af1aa9ac96a3112118e
1	18	34	69b99af1aa9ac96a31121188
2	18	35	69b99af1aa9ac96a3112118b
3	18	36	69b99af1aa9ac96a3112118e
\.


--
-- Data for Name: _posts_v_version_gallery_items; Type: TABLE DATA; Schema: public; Owner: -
--

COPY public._posts_v_version_gallery_items (_order, _parent_id, id, image_id, alt, title, _uuid) FROM stdin;
1	1	1	258	\N	Osaka Manhole Cover	69b99ae1aa9ac96a3112116c
2	1	2	259	\N	Toasted Mochi	69b99ae1aa9ac96a3112116d
3	1	3	260	\N	Teabowl (Chawan)	69b99ae1aa9ac96a3112116e
1	2	4	262	\N	Ceramic bottle, disguised as book.	69b99ae5aa9ac96a31121171
2	2	5	263	\N	British slipware. Still very popular in Japan.	69b99ae5aa9ac96a31121172
1	3	6	264	\N	Mount Fuji plate	69b99ae5aa9ac96a31121174
2	3	7	265	\N	Goblets	69b99ae5aa9ac96a31121175
1	4	8	267	\N	Teapot	69b99ae8aa9ac96a31121178
2	4	9	268	\N	Chinese Three Color Glaze (8th Century Tang Dynasty)	69b99ae8aa9ac96a31121179
1	5	10	269	\N	Vase	69b99ae8aa9ac96a3112117b
2	5	11	270	\N	16th Century Chinese Celadon Pots	69b99ae8aa9ac96a3112117c
1	6	12	272	\N	Polish Pottery	69b99aeaaa9ac96a3112117f
2	6	13	273	\N	Polish Pottery	69b99aeaaa9ac96a31121180
1	7	14	278	\N	Platter	69b99af1aa9ac96a31121186
2	7	15	279	\N	Platter Pedestal	69b99af1aa9ac96a31121187
1	8	16	280	\N	Bowls	69b99af1aa9ac96a31121189
2	8	17	281	\N	Goblets	69b99af1aa9ac96a3112118a
1	9	18	282	\N	Vase	69b99af1aa9ac96a3112118c
2	9	19	283	\N	Teapot	69b99af1aa9ac96a3112118d
1	10	20	285	\N	Tomo's Pottery	69b99afdaa9ac96a31121190
2	10	21	286	\N	Tomo's Pottery	69b99afdaa9ac96a31121191
1	11	22	287	\N	Tomo Throwing Chawan	69b99afdaa9ac96a31121193
2	11	23	288	\N	Tomo Throwing Bowl	69b99afdaa9ac96a31121194
1	12	24	289	\N	Tomo and staff at his studio in Mashiko, Japan	69b99afdaa9ac96a31121196
2	12	25	290	\N	Theaster Gates Wood Kiln	69b99afdaa9ac96a31121197
1	13	26	292	\N	Citrus Juicer	69b99b06aa9ac96a3112119a
2	13	27	293	\N	Citrus Juicer	69b99b06aa9ac96a3112119b
1	14	28	294	\N	Citrus Juicer	69b99b06aa9ac96a3112119d
1	15	29	295	\N	Citrus Juicer	69b99b06aa9ac96a3112119f
2	15	30	296	\N	Citrus Juicer	69b99b06aa9ac96a311211a0
1	16	31	297	\N	Citrus Juicer in progress	69b99b06aa9ac96a311211a2
2	16	32	298	\N	Citrus Juicer in progress	69b99b06aa9ac96a311211a3
1	17	33	300	\N	Lidded pot in show	69b99b10aa9ac96a311211a6
2	17	34	301	\N	Lidded pot in show	69b99b10aa9ac96a311211a7
1	18	35	302	\N	Lidded pot in show	69b99b10aa9ac96a311211a9
2	18	36	303	\N	Lidded pot in show	69b99b10aa9ac96a311211aa
3	18	37	304	\N	Lidded pot in show	69b99b10aa9ac96a311211ab
1	19	38	305	\N	Lidded pot in show	69b99b10aa9ac96a311211ad
2	19	39	306	\N	Pot in process (before firing)	69b99b10aa9ac96a311211ae
1	20	40	308	\N	Finished lantern with handmade washi paper	69b99b21aa9ac96a311211b1
2	20	41	309	\N	Finished lantern with handmade washi paper	69b99b21aa9ac96a311211b2
1	21	42	310	\N	Latern Unlit	69b99b21aa9ac96a311211b4
1	22	43	311	\N	Kozo fiber in process	69b99b21aa9ac96a311211b6
2	22	44	312	\N	Kozo fiber in process	69b99b21aa9ac96a311211b7
3	22	45	313	\N	Kozo fiber in process	69b99b21aa9ac96a311211b8
1	23	46	314	\N	Kozo fiber in process	69b99b21aa9ac96a311211ba
2	23	47	315	\N	Kozo fiber suspended	69b99b21aa9ac96a311211bb
1	24	48	316	\N	Mould and deckle	69b99b21aa9ac96a311211bd
2	24	49	317	\N	Removing pulled washi paper	69b99b21aa9ac96a311211be
3	24	50	318	\N	Finished washi paper	69b99b21aa9ac96a311211bf
1	25	51	320	Original Bottle	Original wheel thrown bottle	69b99b29aa9ac96a311211c2
2	25	52	321	\N	Preparing mold	69b99b29aa9ac96a311211c3
3	25	53	322	\N	Pouring plaster	69b99b29aa9ac96a311211c4
1	26	54	323	\N	Slipcast bottle coming out of mold	69b99b29aa9ac96a311211c6
2	26	55	324	\N	Slipcast bottle after being trimmed, ready for firing	69b99b29aa9ac96a311211c7
1	27	56	325	\N	Fired slipcast bottle	69b99b29aa9ac96a311211c9
1	28	57	278	\N	Platter	69b99af1aa9ac96a31121186
2	28	58	279	\N	Platter Pedestal	69b99af1aa9ac96a31121187
1	29	59	280	\N	Bowls	69b99af1aa9ac96a31121189
2	29	60	281	\N	Goblets	69b99af1aa9ac96a3112118a
1	30	61	282	\N	Vase	69b99af1aa9ac96a3112118c
2	30	62	283	\N	Teapot	69b99af1aa9ac96a3112118d
1	31	63	278	\N	Platter	69b99af1aa9ac96a31121186
2	31	64	279	\N	Platter Pedestal	69b99af1aa9ac96a31121187
1	32	65	280	\N	Bowls	69b99af1aa9ac96a31121189
2	32	66	281	\N	Goblets	69b99af1aa9ac96a3112118a
1	33	67	282	\N	Vase	69b99af1aa9ac96a3112118c
2	33	68	283	\N	Teapot	69b99af1aa9ac96a3112118d
1	34	69	278	\N	Platter	69b99af1aa9ac96a31121186
2	34	70	279	\N	Platter Pedestal	69b99af1aa9ac96a31121187
1	35	71	280	\N	Bowls	69b99af1aa9ac96a31121189
2	35	72	281	\N	Goblets	69b99af1aa9ac96a3112118a
1	36	73	282	\N	Vase	69b99af1aa9ac96a3112118c
2	36	74	283	\N	Teapot	69b99af1aa9ac96a3112118d
\.


--
-- Data for Name: announcement; Type: TABLE DATA; Schema: public; Owner: -
--

COPY public.announcement (id, name, live, url, thumb_id, cta, updated_at, created_at, info) FROM stdin;
1	Moms Love You... and Pottery	t	/shop/	475	\N	2026-04-10 18:13:13.213+00	2026-03-17 18:19:25.846+00	{"root": {"type": "root", "format": "", "indent": 0, "version": 1, "children": [{"type": "paragraph", "format": "center", "indent": 0, "version": 1, "children": [{"mode": "normal", "text": "Order by May 1st to ensure your gift arrives in time for Mother's Day. All orders ship for free!", "type": "text", "style": "", "detail": 0, "format": 0, "version": 1}], "direction": null, "textStyle": "", "textFormat": 0}], "direction": null}}
\.


--
-- Data for Name: categories; Type: TABLE DATA; Schema: public; Owner: -
--

COPY public.categories (id, title, generate_slug, slug, parent_id, updated_at, created_at) FROM stdin;
\.


--
-- Data for Name: categories_breadcrumbs; Type: TABLE DATA; Schema: public; Owner: -
--

COPY public.categories_breadcrumbs (_order, _parent_id, id, doc_id, url, label) FROM stdin;
\.


--
-- Data for Name: collection_title; Type: TABLE DATA; Schema: public; Owner: -
--

COPY public.collection_title (id, title, updated_at, created_at) FROM stdin;
1	Set the Table for Mother’s Day Brunch	2026-04-10 15:47:29.768+00	2026-04-10 15:47:29.768+00
\.


--
-- Data for Name: events; Type: TABLE DATA; Schema: public; Owner: -
--

COPY public.events (id, title, start_date, "time", location, address, map_url, url, description, updated_at, created_at) FROM stdin;
1	The Chicago Pottery Market	2026-05-31 00:00:00+00	11AM-6PM	Wilderhouse	1339 N Damen Ave\n\nChicago, IL 60607	https://maps.app.goo.gl/ZNpf2Dm1cszeLA3cA	\N	\N	2026-03-17 18:19:21.342+00	2026-03-17 18:19:21.342+00
2	The Chicago Pottery Market	2026-05-30 00:00:00+00	11AM-6PM	Wilderhouse	1339 N Damen Ave\n\nChicago, IL 60607	https://maps.app.goo.gl/ZNpf2Dm1cszeLA3cA	\N	\N	2026-03-17 18:19:21.348+00	2026-03-17 18:19:21.348+00
3	Oddball Market	2025-12-14 00:00:00+00	5PM-11PM	Broken Hearts	1009 W Lake St\n\nChicago, IL 60607	https://maps.app.goo.gl/GEGgrpWyuuVfQWyH9	\N	\N	2026-03-17 18:19:21.351+00	2026-03-17 18:19:21.351+00
4	Gnarly or Nice Market	2025-12-13 00:00:00+00	1PM-5PM	Co-prosperity Sphere	3219 S Morgan Street\n\nChicago, IL 60608	https://maps.app.goo.gl/riSgCYyHTWwG1Kk18	\N	\N	2026-03-17 18:19:21.354+00	2026-03-17 18:19:21.354+00
5	Put a Lid on It Exhibition	2025-10-03 00:00:00+00	6PM-8PM	Belger Arts Center	12011 Tracy Ave\n\nKansas City, MO	https://maps.app.goo.gl/Smcp35xuuNm8djDs5	\N	\N	2026-03-17 18:19:21.365+00	2026-03-17 18:19:21.365+00
6	Oddball Market	2025-08-23 00:00:00+00	3PM-9PM	Thalia Hall	1807 S Allport St\n\nChicago, IL	https://maps.app.goo.gl/EVZVV7BFagxE7cPy5	\N	\N	2026-03-17 18:19:21.371+00	2026-03-17 18:19:21.371+00
7	Mother's Day Market	2025-05-03 00:00:00+00	12PM-4PM	Gnarware Workshop	1838 W Cermak Ave\n\nChicago, IL	https://maps.app.goo.gl/h9i9FJcHpYUyNp7m7	\N	\N	2026-03-17 18:19:21.376+00	2026-03-17 18:19:21.376+00
8	Coffee & Community	2025-02-16 00:00:00+00	11AM-6PM	Northside Cutlery	4316 N Lincoln Ave\n\nChicago, IL	https://maps.app.goo.gl/tLoiHQKkPCe8tY758	\N	\N	2026-03-17 18:19:21.38+00	2026-03-17 18:19:21.38+00
9	Le Loft Holiday Pop-Up Market	2024-12-15 00:00:00+00	12PM-4PM	Le Loft	2418 W North Ave (2nd Flr)\n\nChicago, IL	https://maps.app.goo.gl/n1dF34jwY46ru8rq7	\N	\N	2026-03-17 18:19:21.384+00	2026-03-17 18:19:21.384+00
10	GnarWare Holiday Market	2024-12-08 00:00:00+00	1PM-5PM	Bourbon on Division	2050 W Division St\n\nChicago, IL	https://maps.app.goo.gl/gEWcoPh5jZyr7imz5	\N	\N	2026-03-17 18:19:21.389+00	2026-03-17 18:19:21.389+00
12	Secret Garden Arts	2024-07-28 00:00:00+00	1-6PM	Marz Brewery	3630 S Iron St\n\nChicago, IL	https://maps.app.goo.gl/At5uuVACCCNQz5Py7	\N	\N	2026-03-17 18:19:21.396+00	2026-03-17 18:19:21.396+00
13	The Art of Pride	2024-06-02 00:00:00+00	12-4PM	Hyde Park Art Center	5020 S Cornell Ave\n\nChicago, IL	https://maps.app.goo.gl/dBD7CqVTeEdjhMfP7	\N	\N	2026-03-17 18:19:21.399+00	2026-03-17 18:19:21.399+00
14	Mothers Day Market	2024-04-28 00:00:00+00	11AM-4PM	GnarWare Workshop	1838 W Cermak Ave\n\nChicago, IL	https://maps.app.goo.gl/h9i9FJcHpYUyNp7m7	\N	\N	2026-03-17 18:19:21.402+00	2026-03-17 18:19:21.402+00
15	Holiday Market	2023-12-16 00:00:00+00	2PM-6PM	GnarWare Workshop	1838 W Cermak Ave\n\nChicago, IL	https://maps.app.goo.gl/h9i9FJcHpYUyNp7m7	\N	\N	2026-03-17 18:19:21.405+00	2026-03-17 18:19:21.405+00
16	Summer Sale	2023-06-25 00:00:00+00	2PM-6PM	GnarWare Workshop	1838 W Cermak Ave\n\nChicago, IL	https://maps.app.goo.gl/h9i9FJcHpYUyNp7m7	\N	\N	2026-03-17 18:19:21.412+00	2026-03-17 18:19:21.412+00
11	Exhibition: Community Unfolding a Path	2024-09-07 00:00:00+00	11AM-12PM	Ariadna Ginez Studio @ Mana Contemporary	2233 S Throop St Chicago, IL	https://maps.app.goo.gl/pvzdMVh2b5U3QUtq9	\N	\N	2026-03-19 14:30:27.624+00	2026-03-17 18:19:21.392+00
\.


--
-- Data for Name: faq; Type: TABLE DATA; Schema: public; Owner: -
--

COPY public.faq (id, updated_at, created_at) FROM stdin;
1	2026-03-17 20:19:22.358+00	2026-03-17 20:19:22.358+00
\.


--
-- Data for Name: faq_items; Type: TABLE DATA; Schema: public; Owner: -
--

COPY public.faq_items (_order, _parent_id, id, question, answer) FROM stdin;
1	1	69b9b73e69dbb2a2af382bb1	Do you ship internationally?	Currently shipping to the US only.
2	1	69b9b75e69dbb2a2af382bb3	Do you accept commissions?	Very rarely.
3	1	69b9b77d69dbb2a2af382bb5	I own a brick and mortar storefront. Will you do consignment or wholesale?	I'm very open to consignment and wholesale partnerships. Reach out and let's discuss.
\.


--
-- Data for Name: footer; Type: TABLE DATA; Schema: public; Owner: -
--

COPY public.footer (id, updated_at, created_at) FROM stdin;
\.


--
-- Data for Name: footer_nav_items; Type: TABLE DATA; Schema: public; Owner: -
--

COPY public.footer_nav_items (_order, _parent_id, id, link_type, link_new_tab, link_url, link_label) FROM stdin;
\.


--
-- Data for Name: footer_rels; Type: TABLE DATA; Schema: public; Owner: -
--

COPY public.footer_rels (id, "order", parent_id, path, pages_id, posts_id) FROM stdin;
\.


--
-- Data for Name: form_submissions; Type: TABLE DATA; Schema: public; Owner: -
--

COPY public.form_submissions (id, form_id, updated_at, created_at) FROM stdin;
\.


--
-- Data for Name: form_submissions_submission_data; Type: TABLE DATA; Schema: public; Owner: -
--

COPY public.form_submissions_submission_data (_order, _parent_id, id, field, value) FROM stdin;
\.


--
-- Data for Name: forms; Type: TABLE DATA; Schema: public; Owner: -
--

COPY public.forms (id, title, submit_button_label, confirmation_type, confirmation_message, redirect_url, updated_at, created_at) FROM stdin;
\.


--
-- Data for Name: forms_blocks_checkbox; Type: TABLE DATA; Schema: public; Owner: -
--

COPY public.forms_blocks_checkbox (_order, _parent_id, _path, id, name, label, width, required, default_value, block_name) FROM stdin;
\.


--
-- Data for Name: forms_blocks_country; Type: TABLE DATA; Schema: public; Owner: -
--

COPY public.forms_blocks_country (_order, _parent_id, _path, id, name, label, width, required, block_name) FROM stdin;
\.


--
-- Data for Name: forms_blocks_email; Type: TABLE DATA; Schema: public; Owner: -
--

COPY public.forms_blocks_email (_order, _parent_id, _path, id, name, label, width, required, block_name) FROM stdin;
\.


--
-- Data for Name: forms_blocks_message; Type: TABLE DATA; Schema: public; Owner: -
--

COPY public.forms_blocks_message (_order, _parent_id, _path, id, message, block_name) FROM stdin;
\.


--
-- Data for Name: forms_blocks_number; Type: TABLE DATA; Schema: public; Owner: -
--

COPY public.forms_blocks_number (_order, _parent_id, _path, id, name, label, width, default_value, required, block_name) FROM stdin;
\.


--
-- Data for Name: forms_blocks_select; Type: TABLE DATA; Schema: public; Owner: -
--

COPY public.forms_blocks_select (_order, _parent_id, _path, id, name, label, width, default_value, placeholder, required, block_name) FROM stdin;
\.


--
-- Data for Name: forms_blocks_select_options; Type: TABLE DATA; Schema: public; Owner: -
--

COPY public.forms_blocks_select_options (_order, _parent_id, id, label, value) FROM stdin;
\.


--
-- Data for Name: forms_blocks_state; Type: TABLE DATA; Schema: public; Owner: -
--

COPY public.forms_blocks_state (_order, _parent_id, _path, id, name, label, width, required, block_name) FROM stdin;
\.


--
-- Data for Name: forms_blocks_text; Type: TABLE DATA; Schema: public; Owner: -
--

COPY public.forms_blocks_text (_order, _parent_id, _path, id, name, label, width, default_value, required, block_name) FROM stdin;
\.


--
-- Data for Name: forms_blocks_textarea; Type: TABLE DATA; Schema: public; Owner: -
--

COPY public.forms_blocks_textarea (_order, _parent_id, _path, id, name, label, width, default_value, required, block_name) FROM stdin;
\.


--
-- Data for Name: forms_emails; Type: TABLE DATA; Schema: public; Owner: -
--

COPY public.forms_emails (_order, _parent_id, id, email_to, cc, bcc, reply_to, email_from, subject, message) FROM stdin;
\.


--
-- Data for Name: gallery; Type: TABLE DATA; Schema: public; Owner: -
--

COPY public.gallery (id, updated_at, created_at) FROM stdin;
1	2026-03-17 16:19:18.216+00	2026-03-17 16:19:18.216+00
\.


--
-- Data for Name: gallery_blocks_equal_row; Type: TABLE DATA; Schema: public; Owner: -
--

COPY public.gallery_blocks_equal_row (_order, _parent_id, _path, id, block_name, image_fit) FROM stdin;
2	1	rows	69b99b48aa9ac96a311211dd	\N	cover
3	1	rows	69bf5a3ae2d1da234e7e6c30	\N	cover
4	1	rows	69b99b48aa9ac96a311211e1	\N	cover
5	1	rows	69b99b48aa9ac96a311211e4	\N	cover
6	1	rows	69b99b48aa9ac96a311211e8	\N	cover
7	1	rows	69b99b48aa9ac96a311211eb	\N	cover
8	1	rows	69b99b48aa9ac96a311211ef	\N	cover
9	1	rows	69b99b48aa9ac96a311211f3	\N	cover
10	1	rows	69b99b48aa9ac96a311211f6	\N	cover
11	1	rows	69b99b48aa9ac96a311211fa	\N	cover
\.


--
-- Data for Name: gallery_blocks_equal_row_items; Type: TABLE DATA; Schema: public; Owner: -
--

COPY public.gallery_blocks_equal_row_items (_order, _parent_id, id, image_id, title) FROM stdin;
1	69b99b48aa9ac96a311211dd	69b99b48aa9ac96a311211da	333	Luminary with Washi Paper
2	69b99b48aa9ac96a311211dd	69b99b48aa9ac96a311211db	308	Luminary Lit
3	69b99b48aa9ac96a311211dd	69b99b48aa9ac96a311211dc	334	Luminary with Washi Paper
1	69bf5a3ae2d1da234e7e6c30	69bf5a3ee2d1da234e7e6c32	372	Lidded Jar, Mug, Petal Trays
2	69bf5a3ae2d1da234e7e6c30	69bf60f0e2d1da234e7e6c34	373	Lidded Jar, Bottle & Plate, Petal Tray
1	69b99b48aa9ac96a311211e1	69b99b48aa9ac96a311211de	335	Canteen Vase
2	69b99b48aa9ac96a311211e1	69b99b48aa9ac96a311211df	336	Canteen Vase
3	69b99b48aa9ac96a311211e1	69b99b48aa9ac96a311211e0	337	Canteen Vase
1	69b99b48aa9ac96a311211e4	69b99b48aa9ac96a311211e2	338	Blue Planter
2	69b99b48aa9ac96a311211e4	69b99b48aa9ac96a311211e3	339	Square Vase
1	69b99b48aa9ac96a311211e8	69b99b48aa9ac96a311211e5	340	Mugs
2	69b99b48aa9ac96a311211e8	69b99b48aa9ac96a311211e6	58	Textured Lidded Jars
3	69b99b48aa9ac96a311211e8	69b99b48aa9ac96a311211e7	228	Slipcast Work
1	69b99b48aa9ac96a311211eb	69b99b48aa9ac96a311211e9	341	4 Bowls
2	69b99b48aa9ac96a311211eb	69b99b48aa9ac96a311211ea	342	Planter
1	69b99b48aa9ac96a311211ef	69b99b48aa9ac96a311211ec	343	Juicer and Cup
2	69b99b48aa9ac96a311211ef	69b99b48aa9ac96a311211ed	344	Juicer and Cup
3	69b99b48aa9ac96a311211ef	69b99b48aa9ac96a311211ee	345	Juicer and Cup
1	69b99b48aa9ac96a311211f3	69b99b48aa9ac96a311211f0	346	Stacking Bowls
2	69b99b48aa9ac96a311211f3	69b99b48aa9ac96a311211f1	347	Nerikomi & Inlay
3	69b99b48aa9ac96a311211f3	69b99b48aa9ac96a311211f2	348	Bowls (Set of 2)
1	69b99b48aa9ac96a311211f6	69b99b48aa9ac96a311211f4	349	Petal Trays
2	69b99b48aa9ac96a311211f6	69b99b48aa9ac96a311211f5	350	Lidded Jar
1	69b99b48aa9ac96a311211fa	69b99b48aa9ac96a311211f7	351	Plate with Rounded Rim
2	69b99b48aa9ac96a311211fa	69b99b48aa9ac96a311211f8	352	Coin Bank / Table Vase
3	69b99b48aa9ac96a311211fa	69b99b48aa9ac96a311211f9	353	Blue Bowls
\.


--
-- Data for Name: gallery_blocks_featured_row; Type: TABLE DATA; Schema: public; Owner: -
--

COPY public.gallery_blocks_featured_row (_order, _parent_id, _path, id, featured_image_id, featured_title, block_name) FROM stdin;
1	1	rows	69b99b48aa9ac96a311211d9	330	Lidded Jar	\N
\.


--
-- Data for Name: gallery_blocks_featured_row_stacked; Type: TABLE DATA; Schema: public; Owner: -
--

COPY public.gallery_blocks_featured_row_stacked (_order, _parent_id, id, image_id, title) FROM stdin;
1	69b99b48aa9ac96a311211d9	69b99b48aa9ac96a311211d7	331	Teapot
2	69b99b48aa9ac96a311211d9	69b99b48aa9ac96a311211d8	332	Teapot
\.


--
-- Data for Name: header; Type: TABLE DATA; Schema: public; Owner: -
--

COPY public.header (id, updated_at, created_at) FROM stdin;
\.


--
-- Data for Name: header_nav_items; Type: TABLE DATA; Schema: public; Owner: -
--

COPY public.header_nav_items (_order, _parent_id, id, link_type, link_new_tab, link_url, link_label) FROM stdin;
\.


--
-- Data for Name: header_rels; Type: TABLE DATA; Schema: public; Owner: -
--

COPY public.header_rels (id, "order", parent_id, path, pages_id, posts_id) FROM stdin;
\.


--
-- Data for Name: links; Type: TABLE DATA; Schema: public; Owner: -
--

COPY public.links (id, updated_at, created_at) FROM stdin;
1	2026-03-16 17:11:06.561+00	2026-03-16 17:11:06.561+00
\.


--
-- Data for Name: links_links; Type: TABLE DATA; Schema: public; Owner: -
--

COPY public.links_links (_order, _parent_id, id, name, url, description) FROM stdin;
1	1	69b99b2daa9ac96a311211cf	Art One Minute	https://www.youtube.com/@artoneminute2821/	Short video reels of pottery. Great for inspiration.
2	1	69b99b2daa9ac96a311211d0	GnarWare Workshop	https://www.gnarwareworkshop.com	Chicago pottery studio in the Pilsen neighborhood.
\.


--
-- Data for Name: media; Type: TABLE DATA; Schema: public; Owner: -
--

COPY public.media (id, alt, caption, folder_id, updated_at, created_at, url, thumbnail_u_r_l, filename, mime_type, filesize, width, height, focal_x, focal_y, sizes_thumbnail_url, sizes_thumbnail_width, sizes_thumbnail_height, sizes_thumbnail_mime_type, sizes_thumbnail_filesize, sizes_thumbnail_filename, sizes_square_url, sizes_square_width, sizes_square_height, sizes_square_mime_type, sizes_square_filesize, sizes_square_filename, sizes_small_url, sizes_small_width, sizes_small_height, sizes_small_mime_type, sizes_small_filesize, sizes_small_filename, sizes_medium_url, sizes_medium_width, sizes_medium_height, sizes_medium_mime_type, sizes_medium_filesize, sizes_medium_filename, sizes_large_url, sizes_large_width, sizes_large_height, sizes_large_mime_type, sizes_large_filesize, sizes_large_filename, sizes_xlarge_url, sizes_xlarge_width, sizes_xlarge_height, sizes_xlarge_mime_type, sizes_xlarge_filesize, sizes_xlarge_filename, sizes_og_url, sizes_og_width, sizes_og_height, sizes_og_mime_type, sizes_og_filesize, sizes_og_filename, imagekit_url) FROM stdin;
451	\N	\N	\N	2026-03-21 03:29:49.539+00	2026-03-21 02:38:30.901+00	/api/media/file/M-0044-BLU-01.jpg	/api/media/file/M-0044-BLU-01-300x225.jpg	M-0044-BLU-01.jpg	image/jpeg	478472	1820	1366	50	50	/api/media/file/M-0044-BLU-01-300x225.jpg	300	225	image/jpeg	6306	M-0044-BLU-01-300x225.jpg	/api/media/file/M-0044-BLU-01-500x500.jpg	500	500	image/jpeg	22308	M-0044-BLU-01-500x500.jpg	/api/media/file/M-0044-BLU-01-600x450.jpg	600	450	image/jpeg	19559	M-0044-BLU-01-600x450.jpg	/api/media/file/M-0044-BLU-01-900x675.jpg	900	675	image/jpeg	38545	M-0044-BLU-01-900x675.jpg	/api/media/file/M-0044-BLU-01-1400x1051.jpg	1400	1051	image/jpeg	79270	M-0044-BLU-01-1400x1051.jpg	\N	\N	\N	\N	\N	\N	/api/media/file/M-0044-BLU-01-1200x630.jpg	1200	630	image/jpeg	55570	M-0044-BLU-01-1200x630.jpg	https://ik.imagekit.io/raygun/redletterclay/M-0044-BLU-01.jpg
1	B-0001-GRN-thumb.jpg	\N	\N	2026-03-17 18:14:17.537+00	2026-03-17 18:14:16.899+00	/api/media/file/B-0001-GRN-thumb.jpg	/api/media/file/B-0001-GRN-thumb-300x300.jpg	B-0001-GRN-thumb.jpg	image/jpeg	48626	400	400	50	50	/api/media/file/B-0001-GRN-thumb-300x300.jpg	300	300	image/jpeg	6925	B-0001-GRN-thumb-300x300.jpg	\N	\N	\N	\N	\N	\N	\N	\N	\N	\N	\N	\N	\N	\N	\N	\N	\N	\N	\N	\N	\N	\N	\N	\N	\N	\N	\N	\N	\N	\N	\N	\N	\N	\N	\N	\N	https://ik.imagekit.io/raygun/redletterclay/B-0001-GRN-thumb.jpg
462	\N	\N	\N	2026-04-09 03:16:21+00	2026-04-09 03:16:19.038+00	/api/media/file/T-0009-GRN-thumb.jpg	\N	T-0009-GRN-thumb.jpg	image/jpeg	86322	400	400	50	50	/api/media/file/T-0009-GRN-thumb-300x300.jpg	300	300	image/jpeg	8283	T-0009-GRN-thumb-300x300.jpg	\N	\N	\N	\N	\N	\N	\N	\N	\N	\N	\N	\N	\N	\N	\N	\N	\N	\N	\N	\N	\N	\N	\N	\N	\N	\N	\N	\N	\N	\N	\N	\N	\N	\N	\N	\N	https://ik.imagekit.io/raygun/redletterclay/T-0009-GRN-thumb.jpg
3	B-0001-GRN-01.jpg	\N	\N	2026-03-17 18:14:18.956+00	2026-03-17 18:14:17.775+00	/api/media/file/B-0001-GRN-01.jpg	/api/media/file/B-0001-GRN-01-300x225.jpg	B-0001-GRN-01.jpg	image/jpeg	326320	1820	1366	50	50	/api/media/file/B-0001-GRN-01-300x225.jpg	300	225	image/jpeg	4261	B-0001-GRN-01-300x225.jpg	/api/media/file/B-0001-GRN-01-500x500.jpg	500	500	image/jpeg	15172	B-0001-GRN-01-500x500.jpg	/api/media/file/B-0001-GRN-01-600x450.jpg	600	450	image/jpeg	13264	B-0001-GRN-01-600x450.jpg	/api/media/file/B-0001-GRN-01-900x675.jpg	900	675	image/jpeg	26497	B-0001-GRN-01-900x675.jpg	/api/media/file/B-0001-GRN-01-1400x1051.jpg	1400	1051	image/jpeg	55139	B-0001-GRN-01-1400x1051.jpg	\N	\N	\N	\N	\N	\N	/api/media/file/B-0001-GRN-01-1200x630.jpg	1200	630	image/jpeg	39582	B-0001-GRN-01-1200x630.jpg	https://ik.imagekit.io/raygun/redletterclay/B-0001-GRN-01.jpg
265	mingei-goblets.jpg	\N	\N	2026-03-17 18:18:13.033+00	2026-03-17 18:18:12.387+00	/api/media/file/mingei-goblets.jpg	/api/media/file/mingei-goblets-300x300.jpg	mingei-goblets.jpg	image/jpeg	126354	1000	1000	50	50	/api/media/file/mingei-goblets-300x300.jpg	300	300	image/jpeg	20902	mingei-goblets-300x300.jpg	/api/media/file/mingei-goblets-500x500.jpg	500	500	image/jpeg	49091	mingei-goblets-500x500.jpg	/api/media/file/mingei-goblets-600x600.jpg	600	600	image/jpeg	65009	mingei-goblets-600x600.jpg	/api/media/file/mingei-goblets-900x900.jpg	900	900	image/jpeg	119962	mingei-goblets-900x900.jpg	\N	\N	\N	\N	\N	\N	\N	\N	\N	\N	\N	\N	/api/media/file/mingei-goblets-1200x630.jpg	1200	630	image/jpeg	111230	mingei-goblets-1200x630.jpg	https://ik.imagekit.io/raygun/redletterclay/mingei-goblets.jpg
4	B-0001-GRN-02.jpg	\N	\N	2026-03-17 18:14:20.015+00	2026-03-17 18:14:19.136+00	/api/media/file/B-0001-GRN-02.jpg	/api/media/file/B-0001-GRN-02-300x225.jpg	B-0001-GRN-02.jpg	image/jpeg	440862	1820	1366	50	50	/api/media/file/B-0001-GRN-02-300x225.jpg	300	225	image/jpeg	5315	B-0001-GRN-02-300x225.jpg	/api/media/file/B-0001-GRN-02-500x500.jpg	500	500	image/jpeg	20105	B-0001-GRN-02-500x500.jpg	/api/media/file/B-0001-GRN-02-600x450.jpg	600	450	image/jpeg	17218	B-0001-GRN-02-600x450.jpg	/api/media/file/B-0001-GRN-02-900x675.jpg	900	675	image/jpeg	35367	B-0001-GRN-02-900x675.jpg	/api/media/file/B-0001-GRN-02-1400x1051.jpg	1400	1051	image/jpeg	75421	B-0001-GRN-02-1400x1051.jpg	\N	\N	\N	\N	\N	\N	/api/media/file/B-0001-GRN-02-1200x630.jpg	1200	630	image/jpeg	54498	B-0001-GRN-02-1200x630.jpg	https://ik.imagekit.io/raygun/redletterclay/B-0001-GRN-02.jpg
5	B-0001-GRN-03.jpg	\N	\N	2026-03-17 18:14:21.211+00	2026-03-17 18:14:20.352+00	/api/media/file/B-0001-GRN-03.jpg	/api/media/file/B-0001-GRN-03-300x225.jpg	B-0001-GRN-03.jpg	image/jpeg	454460	1820	1366	50	50	/api/media/file/B-0001-GRN-03-300x225.jpg	300	225	image/jpeg	5260	B-0001-GRN-03-300x225.jpg	/api/media/file/B-0001-GRN-03-500x500.jpg	500	500	image/jpeg	20074	B-0001-GRN-03-500x500.jpg	/api/media/file/B-0001-GRN-03-600x450.jpg	600	450	image/jpeg	17271	B-0001-GRN-03-600x450.jpg	/api/media/file/B-0001-GRN-03-900x675.jpg	900	675	image/jpeg	35670	B-0001-GRN-03-900x675.jpg	/api/media/file/B-0001-GRN-03-1400x1051.jpg	1400	1051	image/jpeg	75822	B-0001-GRN-03-1400x1051.jpg	\N	\N	\N	\N	\N	\N	/api/media/file/B-0001-GRN-03-1200x630.jpg	1200	630	image/jpeg	54813	B-0001-GRN-03-1200x630.jpg	https://ik.imagekit.io/raygun/redletterclay/B-0001-GRN-03.jpg
6	B-0002-BLK-thumb.jpg	\N	\N	2026-03-17 18:14:21.716+00	2026-03-17 18:14:21.268+00	/api/media/file/B-0002-BLK-thumb.jpg	/api/media/file/B-0002-BLK-thumb-300x300.jpg	B-0002-BLK-thumb.jpg	image/jpeg	67821	400	400	50	50	/api/media/file/B-0002-BLK-thumb-300x300.jpg	300	300	image/jpeg	7168	B-0002-BLK-thumb-300x300.jpg	\N	\N	\N	\N	\N	\N	\N	\N	\N	\N	\N	\N	\N	\N	\N	\N	\N	\N	\N	\N	\N	\N	\N	\N	\N	\N	\N	\N	\N	\N	\N	\N	\N	\N	\N	\N	https://ik.imagekit.io/raygun/redletterclay/B-0002-BLK-thumb.jpg
7	B-0002-BLK-01.jpg	\N	\N	2026-03-17 18:14:22.567+00	2026-03-17 18:14:21.872+00	/api/media/file/B-0002-BLK-01.jpg	/api/media/file/B-0002-BLK-01-300x225.jpg	B-0002-BLK-01.jpg	image/jpeg	438361	1820	1366	50	50	/api/media/file/B-0002-BLK-01-300x225.jpg	300	225	image/jpeg	6023	B-0002-BLK-01-300x225.jpg	/api/media/file/B-0002-BLK-01-500x500.jpg	500	500	image/jpeg	20889	B-0002-BLK-01-500x500.jpg	/api/media/file/B-0002-BLK-01-600x450.jpg	600	450	image/jpeg	18218	B-0002-BLK-01-600x450.jpg	/api/media/file/B-0002-BLK-01-900x675.jpg	900	675	image/jpeg	35567	B-0002-BLK-01-900x675.jpg	/api/media/file/B-0002-BLK-01-1400x1051.jpg	1400	1051	image/jpeg	71954	B-0002-BLK-01-1400x1051.jpg	\N	\N	\N	\N	\N	\N	/api/media/file/B-0002-BLK-01-1200x630.jpg	1200	630	image/jpeg	51245	B-0002-BLK-01-1200x630.jpg	https://ik.imagekit.io/raygun/redletterclay/B-0002-BLK-01.jpg
8	B-0002-BLK-02.jpg	\N	\N	2026-03-17 18:14:23.382+00	2026-03-17 18:14:22.749+00	/api/media/file/B-0002-BLK-02.jpg	/api/media/file/B-0002-BLK-02-300x225.jpg	B-0002-BLK-02.jpg	image/jpeg	474528	1820	1366	50	50	/api/media/file/B-0002-BLK-02-300x225.jpg	300	225	image/jpeg	6218	B-0002-BLK-02-300x225.jpg	/api/media/file/B-0002-BLK-02-500x500.jpg	500	500	image/jpeg	21745	B-0002-BLK-02-500x500.jpg	/api/media/file/B-0002-BLK-02-600x450.jpg	600	450	image/jpeg	18932	B-0002-BLK-02-600x450.jpg	/api/media/file/B-0002-BLK-02-900x675.jpg	900	675	image/jpeg	37163	B-0002-BLK-02-900x675.jpg	/api/media/file/B-0002-BLK-02-1400x1051.jpg	1400	1051	image/jpeg	76307	B-0002-BLK-02-1400x1051.jpg	\N	\N	\N	\N	\N	\N	/api/media/file/B-0002-BLK-02-1200x630.jpg	1200	630	image/jpeg	52396	B-0002-BLK-02-1200x630.jpg	https://ik.imagekit.io/raygun/redletterclay/B-0002-BLK-02.jpg
9	B-0002-BLK-03.jpg	\N	\N	2026-03-17 18:14:24.404+00	2026-03-17 18:14:23.529+00	/api/media/file/B-0002-BLK-03.jpg	/api/media/file/B-0002-BLK-03-300x225.jpg	B-0002-BLK-03.jpg	image/jpeg	677159	1820	1366	50	50	/api/media/file/B-0002-BLK-03-300x225.jpg	300	225	image/jpeg	9364	B-0002-BLK-03-300x225.jpg	/api/media/file/B-0002-BLK-03-500x500.jpg	500	500	image/jpeg	33417	B-0002-BLK-03-500x500.jpg	/api/media/file/B-0002-BLK-03-600x450.jpg	600	450	image/jpeg	28956	B-0002-BLK-03-600x450.jpg	/api/media/file/B-0002-BLK-03-900x675.jpg	900	675	image/jpeg	56585	B-0002-BLK-03-900x675.jpg	/api/media/file/B-0002-BLK-03-1400x1051.jpg	1400	1051	image/jpeg	113717	B-0002-BLK-03-1400x1051.jpg	\N	\N	\N	\N	\N	\N	/api/media/file/B-0002-BLK-03-1200x630.jpg	1200	630	image/jpeg	79402	B-0002-BLK-03-1200x630.jpg	https://ik.imagekit.io/raygun/redletterclay/B-0002-BLK-03.jpg
89	M-0003-TEM-01.jpg	\N	\N	2026-03-17 18:15:32.913+00	2026-03-17 18:15:32.17+00	/api/media/file/M-0003-TEM-01.jpg	/api/media/file/M-0003-TEM-01-300x225.jpg	M-0003-TEM-01.jpg	image/jpeg	468995	1820	1366	50	50	/api/media/file/M-0003-TEM-01-300x225.jpg	300	225	image/jpeg	6160	M-0003-TEM-01-300x225.jpg	/api/media/file/M-0003-TEM-01-500x500.jpg	500	500	image/jpeg	22229	M-0003-TEM-01-500x500.jpg	/api/media/file/M-0003-TEM-01-600x450.jpg	600	450	image/jpeg	19233	M-0003-TEM-01-600x450.jpg	/api/media/file/M-0003-TEM-01-900x675.jpg	900	675	image/jpeg	38726	M-0003-TEM-01-900x675.jpg	/api/media/file/M-0003-TEM-01-1400x1051.jpg	1400	1051	image/jpeg	81147	M-0003-TEM-01-1400x1051.jpg	\N	\N	\N	\N	\N	\N	/api/media/file/M-0003-TEM-01-1200x630.jpg	1200	630	image/jpeg	57948	M-0003-TEM-01-1200x630.jpg	https://ik.imagekit.io/raygun/redletterclay/M-0003-TEM-01.jpg
10	black-bowls-mug.jpg	\N	\N	2026-03-17 18:14:25.611+00	2026-03-17 18:14:24.725+00	/api/media/file/black-bowls-mug.jpg	/api/media/file/black-bowls-mug-300x200.jpg	black-bowls-mug.jpg	image/jpeg	214824	2000	1333	50	50	/api/media/file/black-bowls-mug-300x200.jpg	300	200	image/jpeg	5739	black-bowls-mug-300x200.jpg	/api/media/file/black-bowls-mug-500x500.jpg	500	500	image/jpeg	16352	black-bowls-mug-500x500.jpg	/api/media/file/black-bowls-mug-600x400.jpg	600	400	image/jpeg	16195	black-bowls-mug-600x400.jpg	/api/media/file/black-bowls-mug-900x600.jpg	900	600	image/jpeg	31106	black-bowls-mug-900x600.jpg	/api/media/file/black-bowls-mug-1400x933.jpg	1400	933	image/jpeg	67519	black-bowls-mug-1400x933.jpg	/api/media/file/black-bowls-mug-1920x1280.jpg	1920	1280	image/jpeg	114897	black-bowls-mug-1920x1280.jpg	/api/media/file/black-bowls-mug-1200x630.jpg	1200	630	image/jpeg	43847	black-bowls-mug-1200x630.jpg	https://ik.imagekit.io/raygun/redletterclay/black-bowls-mug.jpg
222	P-0001-PNK-03.jpg	\N	\N	2026-03-17 18:17:33.19+00	2026-03-17 18:17:32.615+00	/api/media/file/P-0001-PNK-03.jpg	/api/media/file/P-0001-PNK-03-300x225.jpg	P-0001-PNK-03.jpg	image/jpeg	235251	1820	1366	50	50	/api/media/file/P-0001-PNK-03-300x225.jpg	300	225	image/jpeg	3588	P-0001-PNK-03-300x225.jpg	/api/media/file/P-0001-PNK-03-500x500.jpg	500	500	image/jpeg	10442	P-0001-PNK-03-500x500.jpg	/api/media/file/P-0001-PNK-03-600x450.jpg	600	450	image/jpeg	9703	P-0001-PNK-03-600x450.jpg	/api/media/file/P-0001-PNK-03-900x675.jpg	900	675	image/jpeg	17582	P-0001-PNK-03-900x675.jpg	/api/media/file/P-0001-PNK-03-1400x1051.jpg	1400	1051	image/jpeg	33024	P-0001-PNK-03-1400x1051.jpg	\N	\N	\N	\N	\N	\N	/api/media/file/P-0001-PNK-03-1200x630.jpg	1200	630	image/jpeg	23209	P-0001-PNK-03-1200x630.jpg	https://ik.imagekit.io/raygun/redletterclay/P-0001-PNK-03.jpg
12	B-0003-COP-thumb.jpg	\N	\N	2026-03-17 18:14:26.065+00	2026-03-17 18:14:25.661+00	/api/media/file/B-0003-COP-thumb.jpg	/api/media/file/B-0003-COP-thumb-300x300.jpg	B-0003-COP-thumb.jpg	image/jpeg	73473	400	400	50	50	/api/media/file/B-0003-COP-thumb-300x300.jpg	300	300	image/jpeg	6579	B-0003-COP-thumb-300x300.jpg	\N	\N	\N	\N	\N	\N	\N	\N	\N	\N	\N	\N	\N	\N	\N	\N	\N	\N	\N	\N	\N	\N	\N	\N	\N	\N	\N	\N	\N	\N	\N	\N	\N	\N	\N	\N	https://ik.imagekit.io/raygun/redletterclay/B-0003-COP-thumb.jpg
496	\N	\N	\N	2026-04-09 04:29:23.611+00	2026-04-09 04:29:21.378+00	/api/media/file/M-0041-PNK-thumb.jpg	\N	M-0041-PNK-thumb.jpg	image/jpeg	93366	400	400	50	50	/api/media/file/M-0041-PNK-thumb-300x300.jpg	300	300	image/jpeg	8104	M-0041-PNK-thumb-300x300.jpg	\N	\N	\N	\N	\N	\N	\N	\N	\N	\N	\N	\N	\N	\N	\N	\N	\N	\N	\N	\N	\N	\N	\N	\N	\N	\N	\N	\N	\N	\N	\N	\N	\N	\N	\N	\N	https://ik.imagekit.io/raygun/redletterclay/M-0041-PNK-thumb.jpg
13	B-0003-COP-01.jpg	\N	\N	2026-03-17 18:14:26.855+00	2026-03-17 18:14:26.223+00	/api/media/file/B-0003-COP-01.jpg	/api/media/file/B-0003-COP-01-300x225.jpg	B-0003-COP-01.jpg	image/jpeg	496268	1820	1366	50	50	/api/media/file/B-0003-COP-01-300x225.jpg	300	225	image/jpeg	6423	B-0003-COP-01-300x225.jpg	/api/media/file/B-0003-COP-01-500x500.jpg	500	500	image/jpeg	22845	B-0003-COP-01-500x500.jpg	/api/media/file/B-0003-COP-01-600x450.jpg	600	450	image/jpeg	19998	B-0003-COP-01-600x450.jpg	/api/media/file/B-0003-COP-01-900x675.jpg	900	675	image/jpeg	38078	B-0003-COP-01-900x675.jpg	/api/media/file/B-0003-COP-01-1400x1051.jpg	1400	1051	image/jpeg	74626	B-0003-COP-01-1400x1051.jpg	\N	\N	\N	\N	\N	\N	/api/media/file/B-0003-COP-01-1200x630.jpg	1200	630	image/jpeg	50187	B-0003-COP-01-1200x630.jpg	https://ik.imagekit.io/raygun/redletterclay/B-0003-COP-01.jpg
14	B-0003-COP-02.jpg	\N	\N	2026-03-17 18:14:27.777+00	2026-03-17 18:14:27.022+00	/api/media/file/B-0003-COP-02.jpg	/api/media/file/B-0003-COP-02-300x225.jpg	B-0003-COP-02.jpg	image/jpeg	406567	1820	1366	50	50	/api/media/file/B-0003-COP-02-300x225.jpg	300	225	image/jpeg	5635	B-0003-COP-02-300x225.jpg	/api/media/file/B-0003-COP-02-500x500.jpg	500	500	image/jpeg	19331	B-0003-COP-02-500x500.jpg	/api/media/file/B-0003-COP-02-600x450.jpg	600	450	image/jpeg	16955	B-0003-COP-02-600x450.jpg	/api/media/file/B-0003-COP-02-900x675.jpg	900	675	image/jpeg	32326	B-0003-COP-02-900x675.jpg	/api/media/file/B-0003-COP-02-1400x1051.jpg	1400	1051	image/jpeg	63959	B-0003-COP-02-1400x1051.jpg	\N	\N	\N	\N	\N	\N	/api/media/file/B-0003-COP-02-1200x630.jpg	1200	630	image/jpeg	47555	B-0003-COP-02-1200x630.jpg	https://ik.imagekit.io/raygun/redletterclay/B-0003-COP-02.jpg
15	B-0003-COP-03.jpg	\N	\N	2026-03-17 18:14:28.962+00	2026-03-17 18:14:27.974+00	/api/media/file/B-0003-COP-03.jpg	/api/media/file/B-0003-COP-03-300x225.jpg	B-0003-COP-03.jpg	image/jpeg	485592	1820	1366	50	50	/api/media/file/B-0003-COP-03-300x225.jpg	300	225	image/jpeg	6384	B-0003-COP-03-300x225.jpg	/api/media/file/B-0003-COP-03-500x500.jpg	500	500	image/jpeg	21489	B-0003-COP-03-500x500.jpg	/api/media/file/B-0003-COP-03-600x450.jpg	600	450	image/jpeg	18832	B-0003-COP-03-600x450.jpg	/api/media/file/B-0003-COP-03-900x675.jpg	900	675	image/jpeg	36065	B-0003-COP-03-900x675.jpg	/api/media/file/B-0003-COP-03-1400x1051.jpg	1400	1051	image/jpeg	73224	B-0003-COP-03-1400x1051.jpg	\N	\N	\N	\N	\N	\N	/api/media/file/B-0003-COP-03-1200x630.jpg	1200	630	image/jpeg	52375	B-0003-COP-03-1200x630.jpg	https://ik.imagekit.io/raygun/redletterclay/B-0003-COP-03.jpg
16	B-0004-COP-thumb.jpg	\N	\N	2026-03-17 18:14:29.451+00	2026-03-17 18:14:29.035+00	/api/media/file/B-0004-COP-thumb.jpg	/api/media/file/B-0004-COP-thumb-300x300.jpg	B-0004-COP-thumb.jpg	image/jpeg	82872	400	400	50	50	/api/media/file/B-0004-COP-thumb-300x300.jpg	300	300	image/jpeg	8002	B-0004-COP-thumb-300x300.jpg	\N	\N	\N	\N	\N	\N	\N	\N	\N	\N	\N	\N	\N	\N	\N	\N	\N	\N	\N	\N	\N	\N	\N	\N	\N	\N	\N	\N	\N	\N	\N	\N	\N	\N	\N	\N	https://ik.imagekit.io/raygun/redletterclay/B-0004-COP-thumb.jpg
17	B-0004-COP-01.jpg	\N	\N	2026-03-17 18:14:30.45+00	2026-03-17 18:14:29.625+00	/api/media/file/B-0004-COP-01.jpg	/api/media/file/B-0004-COP-01-300x225.jpg	B-0004-COP-01.jpg	image/jpeg	455310	1820	1366	50	50	/api/media/file/B-0004-COP-01-300x225.jpg	300	225	image/jpeg	6753	B-0004-COP-01-300x225.jpg	/api/media/file/B-0004-COP-01-500x500.jpg	500	500	image/jpeg	23381	B-0004-COP-01-500x500.jpg	/api/media/file/B-0004-COP-01-600x450.jpg	600	450	image/jpeg	20549	B-0004-COP-01-600x450.jpg	/api/media/file/B-0004-COP-01-900x675.jpg	900	675	image/jpeg	38867	B-0004-COP-01-900x675.jpg	/api/media/file/B-0004-COP-01-1400x1051.jpg	1400	1051	image/jpeg	76327	B-0004-COP-01-1400x1051.jpg	\N	\N	\N	\N	\N	\N	/api/media/file/B-0004-COP-01-1200x630.jpg	1200	630	image/jpeg	57238	B-0004-COP-01-1200x630.jpg	https://ik.imagekit.io/raygun/redletterclay/B-0004-COP-01.jpg
18	B-0004-COP-02.jpg	\N	\N	2026-03-17 18:14:31.942+00	2026-03-17 18:14:30.726+00	/api/media/file/B-0004-COP-02.jpg	/api/media/file/B-0004-COP-02-300x225.jpg	B-0004-COP-02.jpg	image/jpeg	591600	1820	1366	50	50	/api/media/file/B-0004-COP-02-300x225.jpg	300	225	image/jpeg	8793	B-0004-COP-02-300x225.jpg	/api/media/file/B-0004-COP-02-500x500.jpg	500	500	image/jpeg	31857	B-0004-COP-02-500x500.jpg	/api/media/file/B-0004-COP-02-600x450.jpg	600	450	image/jpeg	27863	B-0004-COP-02-600x450.jpg	/api/media/file/B-0004-COP-02-900x675.jpg	900	675	image/jpeg	52047	B-0004-COP-02-900x675.jpg	/api/media/file/B-0004-COP-02-1400x1051.jpg	1400	1051	image/jpeg	100697	B-0004-COP-02-1400x1051.jpg	\N	\N	\N	\N	\N	\N	/api/media/file/B-0004-COP-02-1200x630.jpg	1200	630	image/jpeg	72972	B-0004-COP-02-1200x630.jpg	https://ik.imagekit.io/raygun/redletterclay/B-0004-COP-02.jpg
90	M-0003-TEM-02.jpg	\N	\N	2026-03-17 18:15:33.942+00	2026-03-17 18:15:33.285+00	/api/media/file/M-0003-TEM-02.jpg	/api/media/file/M-0003-TEM-02-300x200.jpg	M-0003-TEM-02.jpg	image/jpeg	145672	2000	1333	50	50	/api/media/file/M-0003-TEM-02-300x200.jpg	300	200	image/jpeg	3881	M-0003-TEM-02-300x200.jpg	/api/media/file/M-0003-TEM-02-500x500.jpg	500	500	image/jpeg	16966	M-0003-TEM-02-500x500.jpg	/api/media/file/M-0003-TEM-02-600x400.jpg	600	400	image/jpeg	11998	M-0003-TEM-02-600x400.jpg	/api/media/file/M-0003-TEM-02-900x600.jpg	900	600	image/jpeg	24766	M-0003-TEM-02-900x600.jpg	/api/media/file/M-0003-TEM-02-1400x933.jpg	1400	933	image/jpeg	54456	M-0003-TEM-02-1400x933.jpg	/api/media/file/M-0003-TEM-02-1920x1280.jpg	1920	1280	image/jpeg	93410	M-0003-TEM-02-1920x1280.jpg	/api/media/file/M-0003-TEM-02-1200x630.jpg	1200	630	image/jpeg	39698	M-0003-TEM-02-1200x630.jpg	https://ik.imagekit.io/raygun/redletterclay/M-0003-TEM-02.jpg
19	B-0004-COP-03.jpg	\N	\N	2026-03-17 18:14:32.909+00	2026-03-17 18:14:32.125+00	/api/media/file/B-0004-COP-03.jpg	/api/media/file/B-0004-COP-03-300x225.jpg	B-0004-COP-03.jpg	image/jpeg	598318	1820	1366	50	50	/api/media/file/B-0004-COP-03-300x225.jpg	300	225	image/jpeg	8318	B-0004-COP-03-300x225.jpg	/api/media/file/B-0004-COP-03-500x500.jpg	500	500	image/jpeg	29478	B-0004-COP-03-500x500.jpg	/api/media/file/B-0004-COP-03-600x450.jpg	600	450	image/jpeg	25749	B-0004-COP-03-600x450.jpg	/api/media/file/B-0004-COP-03-900x675.jpg	900	675	image/jpeg	48851	B-0004-COP-03-900x675.jpg	/api/media/file/B-0004-COP-03-1400x1051.jpg	1400	1051	image/jpeg	96022	B-0004-COP-03-1400x1051.jpg	\N	\N	\N	\N	\N	\N	/api/media/file/B-0004-COP-03-1200x630.jpg	1200	630	image/jpeg	67830	B-0004-COP-03-1200x630.jpg	https://ik.imagekit.io/raygun/redletterclay/B-0004-COP-03.jpg
20	B-0005-GRN-thumb.jpg	\N	\N	2026-03-17 18:14:33.534+00	2026-03-17 18:14:32.975+00	/api/media/file/B-0005-GRN-thumb.jpg	/api/media/file/B-0005-GRN-thumb-300x300.jpg	B-0005-GRN-thumb.jpg	image/jpeg	85182	400	400	50	50	/api/media/file/B-0005-GRN-thumb-300x300.jpg	300	300	image/jpeg	8350	B-0005-GRN-thumb-300x300.jpg	\N	\N	\N	\N	\N	\N	\N	\N	\N	\N	\N	\N	\N	\N	\N	\N	\N	\N	\N	\N	\N	\N	\N	\N	\N	\N	\N	\N	\N	\N	\N	\N	\N	\N	\N	\N	https://ik.imagekit.io/raygun/redletterclay/B-0005-GRN-thumb.jpg
21	B-0005-GRN-01.jpg	\N	\N	2026-03-17 18:14:34.531+00	2026-03-17 18:14:33.699+00	/api/media/file/B-0005-GRN-01.jpg	/api/media/file/B-0005-GRN-01-300x225.jpg	B-0005-GRN-01.jpg	image/jpeg	504502	1820	1366	50	50	/api/media/file/B-0005-GRN-01-300x225.jpg	300	225	image/jpeg	6163	B-0005-GRN-01-300x225.jpg	/api/media/file/B-0005-GRN-01-500x500.jpg	500	500	image/jpeg	23370	B-0005-GRN-01-500x500.jpg	/api/media/file/B-0005-GRN-01-600x450.jpg	600	450	image/jpeg	20240	B-0005-GRN-01-600x450.jpg	/api/media/file/B-0005-GRN-01-900x675.jpg	900	675	image/jpeg	41132	B-0005-GRN-01-900x675.jpg	/api/media/file/B-0005-GRN-01-1400x1051.jpg	1400	1051	image/jpeg	88097	B-0005-GRN-01-1400x1051.jpg	\N	\N	\N	\N	\N	\N	/api/media/file/B-0005-GRN-01-1200x630.jpg	1200	630	image/jpeg	63676	B-0005-GRN-01-1200x630.jpg	https://ik.imagekit.io/raygun/redletterclay/B-0005-GRN-01.jpg
22	B-0005-GRN-02.jpg	\N	\N	2026-03-17 18:14:35.465+00	2026-03-17 18:14:34.842+00	/api/media/file/B-0005-GRN-02.jpg	/api/media/file/B-0005-GRN-02-300x225.jpg	B-0005-GRN-02.jpg	image/jpeg	676588	1820	1366	50	50	/api/media/file/B-0005-GRN-02-300x225.jpg	300	225	image/jpeg	6720	B-0005-GRN-02-300x225.jpg	/api/media/file/B-0005-GRN-02-500x500.jpg	500	500	image/jpeg	26983	B-0005-GRN-02-500x500.jpg	/api/media/file/B-0005-GRN-02-600x450.jpg	600	450	image/jpeg	23010	B-0005-GRN-02-600x450.jpg	/api/media/file/B-0005-GRN-02-900x675.jpg	900	675	image/jpeg	48954	B-0005-GRN-02-900x675.jpg	/api/media/file/B-0005-GRN-02-1400x1051.jpg	1400	1051	image/jpeg	109118	B-0005-GRN-02-1400x1051.jpg	\N	\N	\N	\N	\N	\N	/api/media/file/B-0005-GRN-02-1200x630.jpg	1200	630	image/jpeg	79228	B-0005-GRN-02-1200x630.jpg	https://ik.imagekit.io/raygun/redletterclay/B-0005-GRN-02.jpg
23	B-0005-GRN-03.jpg	\N	\N	2026-03-17 18:14:36.802+00	2026-03-17 18:14:35.666+00	/api/media/file/B-0005-GRN-03.jpg	/api/media/file/B-0005-GRN-03-300x225.jpg	B-0005-GRN-03.jpg	image/jpeg	719716	1820	1366	50	50	/api/media/file/B-0005-GRN-03-300x225.jpg	300	225	image/jpeg	8299	B-0005-GRN-03-300x225.jpg	/api/media/file/B-0005-GRN-03-500x500.jpg	500	500	image/jpeg	32973	B-0005-GRN-03-500x500.jpg	/api/media/file/B-0005-GRN-03-600x450.jpg	600	450	image/jpeg	28176	B-0005-GRN-03-600x450.jpg	/api/media/file/B-0005-GRN-03-900x675.jpg	900	675	image/jpeg	58061	B-0005-GRN-03-900x675.jpg	/api/media/file/B-0005-GRN-03-1400x1051.jpg	1400	1051	image/jpeg	123218	B-0005-GRN-03-1400x1051.jpg	\N	\N	\N	\N	\N	\N	/api/media/file/B-0005-GRN-03-1200x630.jpg	1200	630	image/jpeg	90241	B-0005-GRN-03-1200x630.jpg	https://ik.imagekit.io/raygun/redletterclay/B-0005-GRN-03.jpg
24	B-0006-PUR-thumb.jpg	\N	\N	2026-03-17 18:14:37.486+00	2026-03-17 18:14:36.984+00	/api/media/file/B-0006-PUR-thumb.jpg	/api/media/file/B-0006-PUR-thumb-300x300.jpg	B-0006-PUR-thumb.jpg	image/jpeg	121602	400	400	50	50	/api/media/file/B-0006-PUR-thumb-300x300.jpg	300	300	image/jpeg	12822	B-0006-PUR-thumb-300x300.jpg	\N	\N	\N	\N	\N	\N	\N	\N	\N	\N	\N	\N	\N	\N	\N	\N	\N	\N	\N	\N	\N	\N	\N	\N	\N	\N	\N	\N	\N	\N	\N	\N	\N	\N	\N	\N	https://ik.imagekit.io/raygun/redletterclay/B-0006-PUR-thumb.jpg
25	B-0006-PUR-01.jpg	\N	\N	2026-03-17 18:14:39.036+00	2026-03-17 18:14:37.772+00	/api/media/file/B-0006-PUR-01.jpg	/api/media/file/B-0006-PUR-01-300x225.jpg	B-0006-PUR-01.jpg	image/jpeg	613770	1820	1366	50	50	/api/media/file/B-0006-PUR-01-300x225.jpg	300	225	image/jpeg	8612	B-0006-PUR-01-300x225.jpg	/api/media/file/B-0006-PUR-01-500x500.jpg	500	500	image/jpeg	31393	B-0006-PUR-01-500x500.jpg	/api/media/file/B-0006-PUR-01-600x450.jpg	600	450	image/jpeg	27238	B-0006-PUR-01-600x450.jpg	/api/media/file/B-0006-PUR-01-900x675.jpg	900	675	image/jpeg	53444	B-0006-PUR-01-900x675.jpg	/api/media/file/B-0006-PUR-01-1400x1051.jpg	1400	1051	image/jpeg	108150	B-0006-PUR-01-1400x1051.jpg	\N	\N	\N	\N	\N	\N	/api/media/file/B-0006-PUR-01-1200x630.jpg	1200	630	image/jpeg	76833	B-0006-PUR-01-1200x630.jpg	https://ik.imagekit.io/raygun/redletterclay/B-0006-PUR-01.jpg
26	B-0006-PUR-02.jpg	\N	\N	2026-03-17 18:14:39.969+00	2026-03-17 18:14:39.344+00	/api/media/file/B-0006-PUR-02.jpg	/api/media/file/B-0006-PUR-02-300x225.jpg	B-0006-PUR-02.jpg	image/jpeg	437620	1820	1366	50	50	/api/media/file/B-0006-PUR-02-300x225.jpg	300	225	image/jpeg	5753	B-0006-PUR-02-300x225.jpg	/api/media/file/B-0006-PUR-02-500x500.jpg	500	500	image/jpeg	20295	B-0006-PUR-02-500x500.jpg	/api/media/file/B-0006-PUR-02-600x450.jpg	600	450	image/jpeg	18266	B-0006-PUR-02-600x450.jpg	/api/media/file/B-0006-PUR-02-900x675.jpg	900	675	image/jpeg	36622	B-0006-PUR-02-900x675.jpg	/api/media/file/B-0006-PUR-02-1400x1051.jpg	1400	1051	image/jpeg	74688	B-0006-PUR-02-1400x1051.jpg	\N	\N	\N	\N	\N	\N	/api/media/file/B-0006-PUR-02-1200x630.jpg	1200	630	image/jpeg	55773	B-0006-PUR-02-1200x630.jpg	https://ik.imagekit.io/raygun/redletterclay/B-0006-PUR-02.jpg
27	B-0006-PUR-03.jpg	\N	\N	2026-03-17 18:14:40.922+00	2026-03-17 18:14:40.267+00	/api/media/file/B-0006-PUR-03.jpg	/api/media/file/B-0006-PUR-03-300x225.jpg	B-0006-PUR-03.jpg	image/jpeg	639575	1820	1366	50	50	/api/media/file/B-0006-PUR-03-300x225.jpg	300	225	image/jpeg	7934	B-0006-PUR-03-300x225.jpg	/api/media/file/B-0006-PUR-03-500x500.jpg	500	500	image/jpeg	29099	B-0006-PUR-03-500x500.jpg	/api/media/file/B-0006-PUR-03-600x450.jpg	600	450	image/jpeg	25869	B-0006-PUR-03-600x450.jpg	/api/media/file/B-0006-PUR-03-900x675.jpg	900	675	image/jpeg	52011	B-0006-PUR-03-900x675.jpg	/api/media/file/B-0006-PUR-03-1400x1051.jpg	1400	1051	image/jpeg	106711	B-0006-PUR-03-1400x1051.jpg	\N	\N	\N	\N	\N	\N	/api/media/file/B-0006-PUR-03-1200x630.jpg	1200	630	image/jpeg	79280	B-0006-PUR-03-1200x630.jpg	https://ik.imagekit.io/raygun/redletterclay/B-0006-PUR-03.jpg
28	B-0007-BLK-thumb.jpg	\N	\N	2026-03-17 18:14:41.704+00	2026-03-17 18:14:41.074+00	/api/media/file/B-0007-BLK-thumb.jpg	/api/media/file/B-0007-BLK-thumb-300x300.jpg	B-0007-BLK-thumb.jpg	image/jpeg	232062	1001	1001	50	50	/api/media/file/B-0007-BLK-thumb-300x300.jpg	300	300	image/jpeg	6025	B-0007-BLK-thumb-300x300.jpg	/api/media/file/B-0007-BLK-thumb-500x500.jpg	500	500	image/jpeg	13395	B-0007-BLK-thumb-500x500.jpg	/api/media/file/B-0007-BLK-thumb-600x600.jpg	600	600	image/jpeg	17979	B-0007-BLK-thumb-600x600.jpg	/api/media/file/B-0007-BLK-thumb-900x900.jpg	900	900	image/jpeg	34665	B-0007-BLK-thumb-900x900.jpg	\N	\N	\N	\N	\N	\N	\N	\N	\N	\N	\N	\N	/api/media/file/B-0007-BLK-thumb-1200x630.jpg	1200	630	image/jpeg	45216	B-0007-BLK-thumb-1200x630.jpg	https://ik.imagekit.io/raygun/redletterclay/B-0007-BLK-thumb.jpg
29	B-0007-BLK-01.jpg	\N	\N	2026-03-17 18:14:42.775+00	2026-03-17 18:14:41.968+00	/api/media/file/B-0007-BLK-01.jpg	/api/media/file/B-0007-BLK-01-300x225.jpg	B-0007-BLK-01.jpg	image/jpeg	374448	1820	1366	50	50	/api/media/file/B-0007-BLK-01-300x225.jpg	300	225	image/jpeg	5249	B-0007-BLK-01-300x225.jpg	/api/media/file/B-0007-BLK-01-500x500.jpg	500	500	image/jpeg	17150	B-0007-BLK-01-500x500.jpg	/api/media/file/B-0007-BLK-01-600x450.jpg	600	450	image/jpeg	15148	B-0007-BLK-01-600x450.jpg	/api/media/file/B-0007-BLK-01-900x675.jpg	900	675	image/jpeg	29514	B-0007-BLK-01-900x675.jpg	/api/media/file/B-0007-BLK-01-1400x1051.jpg	1400	1051	image/jpeg	59236	B-0007-BLK-01-1400x1051.jpg	\N	\N	\N	\N	\N	\N	/api/media/file/B-0007-BLK-01-1200x630.jpg	1200	630	image/jpeg	42542	B-0007-BLK-01-1200x630.jpg	https://ik.imagekit.io/raygun/redletterclay/B-0007-BLK-01.jpg
30	B-0007-BLK-02.jpg	\N	\N	2026-03-17 18:14:44.384+00	2026-03-17 18:14:43.465+00	/api/media/file/B-0007-BLK-02.jpg	/api/media/file/B-0007-BLK-02-300x225.jpg	B-0007-BLK-02.jpg	image/jpeg	510150	1820	1366	50	50	/api/media/file/B-0007-BLK-02-300x225.jpg	300	225	image/jpeg	6947	B-0007-BLK-02-300x225.jpg	/api/media/file/B-0007-BLK-02-500x500.jpg	500	500	image/jpeg	23941	B-0007-BLK-02-500x500.jpg	/api/media/file/B-0007-BLK-02-600x450.jpg	600	450	image/jpeg	20991	B-0007-BLK-02-600x450.jpg	/api/media/file/B-0007-BLK-02-900x675.jpg	900	675	image/jpeg	40823	B-0007-BLK-02-900x675.jpg	/api/media/file/B-0007-BLK-02-1400x1051.jpg	1400	1051	image/jpeg	82987	B-0007-BLK-02-1400x1051.jpg	\N	\N	\N	\N	\N	\N	/api/media/file/B-0007-BLK-02-1200x630.jpg	1200	630	image/jpeg	58384	B-0007-BLK-02-1200x630.jpg	https://ik.imagekit.io/raygun/redletterclay/B-0007-BLK-02.jpg
31	B-0007-BLK-03.jpg	\N	\N	2026-03-17 18:14:45.217+00	2026-03-17 18:14:44.576+00	/api/media/file/B-0007-BLK-03.jpg	/api/media/file/B-0007-BLK-03-300x225.jpg	B-0007-BLK-03.jpg	image/jpeg	524482	1820	1366	50	50	/api/media/file/B-0007-BLK-03-300x225.jpg	300	225	image/jpeg	6708	B-0007-BLK-03-300x225.jpg	/api/media/file/B-0007-BLK-03-500x500.jpg	500	500	image/jpeg	24073	B-0007-BLK-03-500x500.jpg	/api/media/file/B-0007-BLK-03-600x450.jpg	600	450	image/jpeg	20869	B-0007-BLK-03-600x450.jpg	/api/media/file/B-0007-BLK-03-900x675.jpg	900	675	image/jpeg	41402	B-0007-BLK-03-900x675.jpg	/api/media/file/B-0007-BLK-03-1400x1051.jpg	1400	1051	image/jpeg	85093	B-0007-BLK-03-1400x1051.jpg	\N	\N	\N	\N	\N	\N	/api/media/file/B-0007-BLK-03-1200x630.jpg	1200	630	image/jpeg	58755	B-0007-BLK-03-1200x630.jpg	https://ik.imagekit.io/raygun/redletterclay/B-0007-BLK-03.jpg
32	B-0008-GRN-thumb.jpg	\N	\N	2026-03-17 18:14:45.839+00	2026-03-17 18:14:45.279+00	/api/media/file/B-0008-GRN-thumb.jpg	/api/media/file/B-0008-GRN-thumb-300x300.jpg	B-0008-GRN-thumb.jpg	image/jpeg	101716	400	400	50	50	/api/media/file/B-0008-GRN-thumb-300x300.jpg	300	300	image/jpeg	7849	B-0008-GRN-thumb-300x300.jpg	\N	\N	\N	\N	\N	\N	\N	\N	\N	\N	\N	\N	\N	\N	\N	\N	\N	\N	\N	\N	\N	\N	\N	\N	\N	\N	\N	\N	\N	\N	\N	\N	\N	\N	\N	\N	https://ik.imagekit.io/raygun/redletterclay/B-0008-GRN-thumb.jpg
33	B-0008-GRN-01.jpg	\N	\N	2026-03-17 18:14:46.889+00	2026-03-17 18:14:46.135+00	/api/media/file/B-0008-GRN-01.jpg	/api/media/file/B-0008-GRN-01-300x225.jpg	B-0008-GRN-01.jpg	image/jpeg	668049	1820	1366	50	50	/api/media/file/B-0008-GRN-01-300x225.jpg	300	225	image/jpeg	5689	B-0008-GRN-01-300x225.jpg	/api/media/file/B-0008-GRN-01-500x500.jpg	500	500	image/jpeg	25414	B-0008-GRN-01-500x500.jpg	/api/media/file/B-0008-GRN-01-600x450.jpg	600	450	image/jpeg	21264	B-0008-GRN-01-600x450.jpg	/api/media/file/B-0008-GRN-01-900x675.jpg	900	675	image/jpeg	48289	B-0008-GRN-01-900x675.jpg	/api/media/file/B-0008-GRN-01-1400x1051.jpg	1400	1051	image/jpeg	110919	B-0008-GRN-01-1400x1051.jpg	\N	\N	\N	\N	\N	\N	/api/media/file/B-0008-GRN-01-1200x630.jpg	1200	630	image/jpeg	80271	B-0008-GRN-01-1200x630.jpg	https://ik.imagekit.io/raygun/redletterclay/B-0008-GRN-01.jpg
35	B-0008-GRN-02.jpg	\N	\N	2026-03-17 18:14:48.298+00	2026-03-17 18:14:47.214+00	/api/media/file/B-0008-GRN-02.jpg	/api/media/file/B-0008-GRN-02-300x225.jpg	B-0008-GRN-02.jpg	image/jpeg	747168	1820	1366	50	50	/api/media/file/B-0008-GRN-02-300x225.jpg	300	225	image/jpeg	6341	B-0008-GRN-02-300x225.jpg	/api/media/file/B-0008-GRN-02-500x500.jpg	500	500	image/jpeg	28129	B-0008-GRN-02-500x500.jpg	/api/media/file/B-0008-GRN-02-600x450.jpg	600	450	image/jpeg	23368	B-0008-GRN-02-600x450.jpg	/api/media/file/B-0008-GRN-02-900x675.jpg	900	675	image/jpeg	52451	B-0008-GRN-02-900x675.jpg	/api/media/file/B-0008-GRN-02-1400x1051.jpg	1400	1051	image/jpeg	119157	B-0008-GRN-02-1400x1051.jpg	\N	\N	\N	\N	\N	\N	/api/media/file/B-0008-GRN-02-1200x630.jpg	1200	630	image/jpeg	85585	B-0008-GRN-02-1200x630.jpg	https://ik.imagekit.io/raygun/redletterclay/B-0008-GRN-02.jpg
36	C-0001-BRN-thumb.jpg	\N	\N	2026-03-17 18:14:48.997+00	2026-03-17 18:14:48.449+00	/api/media/file/C-0001-BRN-thumb.jpg	/api/media/file/C-0001-BRN-thumb-300x300.jpg	C-0001-BRN-thumb.jpg	image/jpeg	90211	400	400	50	50	/api/media/file/C-0001-BRN-thumb-300x300.jpg	300	300	image/jpeg	9218	C-0001-BRN-thumb-300x300.jpg	\N	\N	\N	\N	\N	\N	\N	\N	\N	\N	\N	\N	\N	\N	\N	\N	\N	\N	\N	\N	\N	\N	\N	\N	\N	\N	\N	\N	\N	\N	\N	\N	\N	\N	\N	\N	https://ik.imagekit.io/raygun/redletterclay/C-0001-BRN-thumb.jpg
37	C-0001-BRN-01.jpg	\N	\N	2026-03-17 18:14:49.887+00	2026-03-17 18:14:49.348+00	/api/media/file/C-0001-BRN-01.jpg	/api/media/file/C-0001-BRN-01-300x225.jpg	C-0001-BRN-01.jpg	image/jpeg	350618	1820	1366	50	50	/api/media/file/C-0001-BRN-01-300x225.jpg	300	225	image/jpeg	5148	C-0001-BRN-01-300x225.jpg	/api/media/file/C-0001-BRN-01-500x500.jpg	500	500	image/jpeg	17601	C-0001-BRN-01-500x500.jpg	/api/media/file/C-0001-BRN-01-600x450.jpg	600	450	image/jpeg	15329	C-0001-BRN-01-600x450.jpg	/api/media/file/C-0001-BRN-01-900x675.jpg	900	675	image/jpeg	29760	C-0001-BRN-01-900x675.jpg	/api/media/file/C-0001-BRN-01-1400x1051.jpg	1400	1051	image/jpeg	59293	C-0001-BRN-01-1400x1051.jpg	\N	\N	\N	\N	\N	\N	/api/media/file/C-0001-BRN-01-1200x630.jpg	1200	630	image/jpeg	44345	C-0001-BRN-01-1200x630.jpg	https://ik.imagekit.io/raygun/redletterclay/C-0001-BRN-01.jpg
463	\N	\N	\N	2026-04-09 03:21:24.013+00	2026-04-09 03:21:21.573+00	/api/media/file/T-0009-GRN-01.jpg	\N	T-0009-GRN-01.jpg	image/jpeg	717810	1820	1366	50	50	/api/media/file/T-0009-GRN-01-300x225.jpg	300	225	image/jpeg	8702	T-0009-GRN-01-300x225.jpg	/api/media/file/T-0009-GRN-01-500x500.jpg	500	500	image/jpeg	33449	T-0009-GRN-01-500x500.jpg	/api/media/file/T-0009-GRN-01-600x450.jpg	600	450	image/jpeg	28823	T-0009-GRN-01-600x450.jpg	/api/media/file/T-0009-GRN-01-900x675.jpg	900	675	image/jpeg	58550	T-0009-GRN-01-900x675.jpg	/api/media/file/T-0009-GRN-01-1400x1051.jpg	1400	1051	image/jpeg	123551	T-0009-GRN-01-1400x1051.jpg	\N	\N	\N	\N	\N	\N	/api/media/file/T-0009-GRN-01-1200x630.jpg	1200	630	image/jpeg	92206	T-0009-GRN-01-1200x630.jpg	https://ik.imagekit.io/raygun/redletterclay/T-0009-GRN-01.jpg
38	C-0001-BRN-02.jpg	\N	\N	2026-03-17 18:14:50.887+00	2026-03-17 18:14:50.067+00	/api/media/file/C-0001-BRN-02.jpg	/api/media/file/C-0001-BRN-02-300x225.jpg	C-0001-BRN-02.jpg	image/jpeg	439555	1820	1366	50	50	/api/media/file/C-0001-BRN-02-300x225.jpg	300	225	image/jpeg	6638	C-0001-BRN-02-300x225.jpg	/api/media/file/C-0001-BRN-02-500x500.jpg	500	500	image/jpeg	22027	C-0001-BRN-02-500x500.jpg	/api/media/file/C-0001-BRN-02-600x450.jpg	600	450	image/jpeg	19610	C-0001-BRN-02-600x450.jpg	/api/media/file/C-0001-BRN-02-900x675.jpg	900	675	image/jpeg	36637	C-0001-BRN-02-900x675.jpg	/api/media/file/C-0001-BRN-02-1400x1051.jpg	1400	1051	image/jpeg	70939	C-0001-BRN-02-1400x1051.jpg	\N	\N	\N	\N	\N	\N	/api/media/file/C-0001-BRN-02-1200x630.jpg	1200	630	image/jpeg	52975	C-0001-BRN-02-1200x630.jpg	https://ik.imagekit.io/raygun/redletterclay/C-0001-BRN-02.jpg
39	gallery-mug-029.jpg	\N	\N	2026-03-17 18:14:51.856+00	2026-03-17 18:14:51.073+00	/api/media/file/gallery-mug-029.jpg	/api/media/file/gallery-mug-029-300x300.jpg	gallery-mug-029.jpg	image/jpeg	511782	1080	1080	50	50	/api/media/file/gallery-mug-029-300x300.jpg	300	300	image/jpeg	8298	gallery-mug-029-300x300.jpg	/api/media/file/gallery-mug-029-500x500.jpg	500	500	image/jpeg	19451	gallery-mug-029-500x500.jpg	/api/media/file/gallery-mug-029-600x600.jpg	600	600	image/jpeg	26220	gallery-mug-029-600x600.jpg	/api/media/file/gallery-mug-029-900x900.jpg	900	900	image/jpeg	52773	gallery-mug-029-900x900.jpg	\N	\N	\N	\N	\N	\N	\N	\N	\N	\N	\N	\N	/api/media/file/gallery-mug-029-1200x630.jpg	1200	630	image/jpeg	71466	gallery-mug-029-1200x630.jpg	https://ik.imagekit.io/raygun/redletterclay/gallery-mug-029.jpg
40	C-0002-COP-thumb.jpg	\N	\N	2026-03-17 18:14:52.311+00	2026-03-17 18:14:51.918+00	/api/media/file/C-0002-COP-thumb.jpg	/api/media/file/C-0002-COP-thumb-300x300.jpg	C-0002-COP-thumb.jpg	image/jpeg	95420	400	400	50	50	/api/media/file/C-0002-COP-thumb-300x300.jpg	300	300	image/jpeg	8819	C-0002-COP-thumb-300x300.jpg	\N	\N	\N	\N	\N	\N	\N	\N	\N	\N	\N	\N	\N	\N	\N	\N	\N	\N	\N	\N	\N	\N	\N	\N	\N	\N	\N	\N	\N	\N	\N	\N	\N	\N	\N	\N	https://ik.imagekit.io/raygun/redletterclay/C-0002-COP-thumb.jpg
41	C-0002-COP-01.jpg	\N	\N	2026-03-17 18:14:53.278+00	2026-03-17 18:14:52.485+00	/api/media/file/C-0002-COP-01.jpg	/api/media/file/C-0002-COP-01-300x225.jpg	C-0002-COP-01.jpg	image/jpeg	373766	1820	1366	50	50	/api/media/file/C-0002-COP-01-300x225.jpg	300	225	image/jpeg	5478	C-0002-COP-01-300x225.jpg	/api/media/file/C-0002-COP-01-500x500.jpg	500	500	image/jpeg	18526	C-0002-COP-01-500x500.jpg	/api/media/file/C-0002-COP-01-600x450.jpg	600	450	image/jpeg	16211	C-0002-COP-01-600x450.jpg	/api/media/file/C-0002-COP-01-900x675.jpg	900	675	image/jpeg	30574	C-0002-COP-01-900x675.jpg	/api/media/file/C-0002-COP-01-1400x1051.jpg	1400	1051	image/jpeg	60523	C-0002-COP-01-1400x1051.jpg	\N	\N	\N	\N	\N	\N	/api/media/file/C-0002-COP-01-1200x630.jpg	1200	630	image/jpeg	42193	C-0002-COP-01-1200x630.jpg	https://ik.imagekit.io/raygun/redletterclay/C-0002-COP-01.jpg
42	C-0002-COP-02.jpg	\N	\N	2026-03-17 18:14:54.276+00	2026-03-17 18:14:53.541+00	/api/media/file/C-0002-COP-02.jpg	/api/media/file/C-0002-COP-02-300x225.jpg	C-0002-COP-02.jpg	image/jpeg	593756	1820	1366	50	50	/api/media/file/C-0002-COP-02-300x225.jpg	300	225	image/jpeg	7500	C-0002-COP-02-300x225.jpg	/api/media/file/C-0002-COP-02-500x500.jpg	500	500	image/jpeg	27908	C-0002-COP-02-500x500.jpg	/api/media/file/C-0002-COP-02-600x450.jpg	600	450	image/jpeg	24266	C-0002-COP-02-600x450.jpg	/api/media/file/C-0002-COP-02-900x675.jpg	900	675	image/jpeg	48283	C-0002-COP-02-900x675.jpg	/api/media/file/C-0002-COP-02-1400x1051.jpg	1400	1051	image/jpeg	100161	C-0002-COP-02-1400x1051.jpg	\N	\N	\N	\N	\N	\N	/api/media/file/C-0002-COP-02-1200x630.jpg	1200	630	image/jpeg	66477	C-0002-COP-02-1200x630.jpg	https://ik.imagekit.io/raygun/redletterclay/C-0002-COP-02.jpg
43	C-0002-COP-03.jpg	\N	\N	2026-03-17 18:14:55.27+00	2026-03-17 18:14:54.455+00	/api/media/file/C-0002-COP-03.jpg	/api/media/file/C-0002-COP-03-300x225.jpg	C-0002-COP-03.jpg	image/jpeg	484042	1820	1366	50	50	/api/media/file/C-0002-COP-03-300x225.jpg	300	225	image/jpeg	6771	C-0002-COP-03-300x225.jpg	/api/media/file/C-0002-COP-03-500x500.jpg	500	500	image/jpeg	23831	C-0002-COP-03-500x500.jpg	/api/media/file/C-0002-COP-03-600x450.jpg	600	450	image/jpeg	20826	C-0002-COP-03-600x450.jpg	/api/media/file/C-0002-COP-03-900x675.jpg	900	675	image/jpeg	39683	C-0002-COP-03-900x675.jpg	/api/media/file/C-0002-COP-03-1400x1051.jpg	1400	1051	image/jpeg	78018	C-0002-COP-03-1400x1051.jpg	\N	\N	\N	\N	\N	\N	/api/media/file/C-0002-COP-03-1200x630.jpg	1200	630	image/jpeg	58694	C-0002-COP-03-1200x630.jpg	https://ik.imagekit.io/raygun/redletterclay/C-0002-COP-03.jpg
44	gallery-mug-031.jpg	\N	\N	2026-03-17 18:14:55.952+00	2026-03-17 18:14:55.405+00	/api/media/file/gallery-mug-031.jpg	/api/media/file/gallery-mug-031-300x300.jpg	gallery-mug-031.jpg	image/jpeg	407027	1001	1001	50	50	/api/media/file/gallery-mug-031-300x300.jpg	300	300	image/jpeg	9200	gallery-mug-031-300x300.jpg	/api/media/file/gallery-mug-031-500x500.jpg	500	500	image/jpeg	20501	gallery-mug-031-500x500.jpg	/api/media/file/gallery-mug-031-600x600.jpg	600	600	image/jpeg	27535	gallery-mug-031-600x600.jpg	/api/media/file/gallery-mug-031-900x900.jpg	900	900	image/jpeg	53451	gallery-mug-031-900x900.jpg	\N	\N	\N	\N	\N	\N	\N	\N	\N	\N	\N	\N	/api/media/file/gallery-mug-031-1200x630.jpg	1200	630	image/jpeg	73079	gallery-mug-031-1200x630.jpg	https://ik.imagekit.io/raygun/redletterclay/gallery-mug-031.jpg
46	C-0003-GRN-thumb.jpg	\N	\N	2026-03-17 18:14:56.569+00	2026-03-17 18:14:55.994+00	/api/media/file/C-0003-GRN-thumb.jpg	/api/media/file/C-0003-GRN-thumb-300x300.jpg	C-0003-GRN-thumb.jpg	image/jpeg	91412	400	400	50	50	/api/media/file/C-0003-GRN-thumb-300x300.jpg	300	300	image/jpeg	7479	C-0003-GRN-thumb-300x300.jpg	\N	\N	\N	\N	\N	\N	\N	\N	\N	\N	\N	\N	\N	\N	\N	\N	\N	\N	\N	\N	\N	\N	\N	\N	\N	\N	\N	\N	\N	\N	\N	\N	\N	\N	\N	\N	https://ik.imagekit.io/raygun/redletterclay/C-0003-GRN-thumb.jpg
91	M-0003-TEM-03.jpg	\N	\N	2026-03-17 18:15:34.656+00	2026-03-17 18:15:34.25+00	/api/media/file/M-0003-TEM-03.jpg	/api/media/file/M-0003-TEM-03-300x200.jpg	M-0003-TEM-03.jpg	image/jpeg	142524	2000	1333	50	50	/api/media/file/M-0003-TEM-03-300x200.jpg	300	200	image/jpeg	3919	M-0003-TEM-03-300x200.jpg	/api/media/file/M-0003-TEM-03-500x500.jpg	500	500	image/jpeg	16691	M-0003-TEM-03-500x500.jpg	/api/media/file/M-0003-TEM-03-600x400.jpg	600	400	image/jpeg	11973	M-0003-TEM-03-600x400.jpg	/api/media/file/M-0003-TEM-03-900x600.jpg	900	600	image/jpeg	24158	M-0003-TEM-03-900x600.jpg	/api/media/file/M-0003-TEM-03-1400x933.jpg	1400	933	image/jpeg	52753	M-0003-TEM-03-1400x933.jpg	/api/media/file/M-0003-TEM-03-1920x1280.jpg	1920	1280	image/jpeg	89658	M-0003-TEM-03-1920x1280.jpg	/api/media/file/M-0003-TEM-03-1200x630.jpg	1200	630	image/jpeg	37952	M-0003-TEM-03-1200x630.jpg	https://ik.imagekit.io/raygun/redletterclay/M-0003-TEM-03.jpg
223	pink-tea-set.jpg	\N	\N	2026-03-17 18:17:34.281+00	2026-03-17 18:17:33.55+00	/api/media/file/pink-tea-set.jpg	/api/media/file/pink-tea-set-300x200.jpg	pink-tea-set.jpg	image/jpeg	215940	2000	1333	50	50	/api/media/file/pink-tea-set-300x200.jpg	300	200	image/jpeg	5045	pink-tea-set-300x200.jpg	/api/media/file/pink-tea-set-500x500.jpg	500	500	image/jpeg	18737	pink-tea-set-500x500.jpg	/api/media/file/pink-tea-set-600x400.jpg	600	400	image/jpeg	14552	pink-tea-set-600x400.jpg	/api/media/file/pink-tea-set-900x600.jpg	900	600	image/jpeg	29106	pink-tea-set-900x600.jpg	/api/media/file/pink-tea-set-1400x933.jpg	1400	933	image/jpeg	62802	pink-tea-set-1400x933.jpg	/api/media/file/pink-tea-set-1920x1280.jpg	1920	1280	image/jpeg	106565	pink-tea-set-1920x1280.jpg	/api/media/file/pink-tea-set-1200x630.jpg	1200	630	image/jpeg	43066	pink-tea-set-1200x630.jpg	https://ik.imagekit.io/raygun/redletterclay/pink-tea-set.jpg
92	M-0003-TEM-04.jpg	\N	\N	2026-03-17 18:15:35.662+00	2026-03-17 18:15:34.963+00	/api/media/file/M-0003-TEM-04.jpg	/api/media/file/M-0003-TEM-04-300x200.jpg	M-0003-TEM-04.jpg	image/jpeg	168371	2000	1333	50	50	/api/media/file/M-0003-TEM-04-300x200.jpg	300	200	image/jpeg	5043	M-0003-TEM-04-300x200.jpg	/api/media/file/M-0003-TEM-04-500x500.jpg	500	500	image/jpeg	21617	M-0003-TEM-04-500x500.jpg	/api/media/file/M-0003-TEM-04-600x400.jpg	600	400	image/jpeg	15455	M-0003-TEM-04-600x400.jpg	/api/media/file/M-0003-TEM-04-900x600.jpg	900	600	image/jpeg	31058	M-0003-TEM-04-900x600.jpg	/api/media/file/M-0003-TEM-04-1400x933.jpg	1400	933	image/jpeg	66026	M-0003-TEM-04-1400x933.jpg	/api/media/file/M-0003-TEM-04-1920x1280.jpg	1920	1280	image/jpeg	110676	M-0003-TEM-04-1920x1280.jpg	/api/media/file/M-0003-TEM-04-1200x630.jpg	1200	630	image/jpeg	48954	M-0003-TEM-04-1200x630.jpg	https://ik.imagekit.io/raygun/redletterclay/M-0003-TEM-04.jpg
336	split-vase-canteen.jpg	\N	\N	2026-03-17 18:19:32.92+00	2026-03-17 18:19:32.415+00	/api/media/file/split-vase-canteen.jpg	/api/media/file/split-vase-canteen-300x200.jpg	split-vase-canteen.jpg	image/jpeg	157144	2000	1333	50	50	/api/media/file/split-vase-canteen-300x200.jpg	300	200	image/jpeg	3929	split-vase-canteen-300x200.jpg	/api/media/file/split-vase-canteen-500x500.jpg	500	500	image/jpeg	11447	split-vase-canteen-500x500.jpg	/api/media/file/split-vase-canteen-600x400.jpg	600	400	image/jpeg	9987	split-vase-canteen-600x400.jpg	/api/media/file/split-vase-canteen-900x600.jpg	900	600	image/jpeg	18447	split-vase-canteen-900x600.jpg	/api/media/file/split-vase-canteen-1400x933.jpg	1400	933	image/jpeg	37353	split-vase-canteen-1400x933.jpg	/api/media/file/split-vase-canteen-1920x1280.jpg	1920	1280	image/jpeg	62565	split-vase-canteen-1920x1280.jpg	/api/media/file/split-vase-canteen-1200x630.jpg	1200	630	image/jpeg	23069	split-vase-canteen-1200x630.jpg	https://ik.imagekit.io/raygun/redletterclay/split-vase-canteen.jpg
93	M-0004-COP-thumb.jpg	\N	\N	2026-03-17 18:15:36.386+00	2026-03-17 18:15:35.705+00	/api/media/file/M-0004-COP-thumb.jpg	/api/media/file/M-0004-COP-thumb-300x300.jpg	M-0004-COP-thumb.jpg	image/jpeg	105239	400	400	50	50	/api/media/file/M-0004-COP-thumb-300x300.jpg	300	300	image/jpeg	10266	M-0004-COP-thumb-300x300.jpg	\N	\N	\N	\N	\N	\N	\N	\N	\N	\N	\N	\N	\N	\N	\N	\N	\N	\N	\N	\N	\N	\N	\N	\N	\N	\N	\N	\N	\N	\N	\N	\N	\N	\N	\N	\N	https://ik.imagekit.io/raygun/redletterclay/M-0004-COP-thumb.jpg
224	P-0002-BLU-thumb.jpg	\N	\N	2026-03-17 18:17:34.883+00	2026-03-17 18:17:34.335+00	/api/media/file/P-0002-BLU-thumb.jpg	/api/media/file/P-0002-BLU-thumb-300x300.jpg	P-0002-BLU-thumb.jpg	image/jpeg	67989	400	400	50	50	/api/media/file/P-0002-BLU-thumb-300x300.jpg	300	300	image/jpeg	5793	P-0002-BLU-thumb-300x300.jpg	\N	\N	\N	\N	\N	\N	\N	\N	\N	\N	\N	\N	\N	\N	\N	\N	\N	\N	\N	\N	\N	\N	\N	\N	\N	\N	\N	\N	\N	\N	\N	\N	\N	\N	\N	\N	https://ik.imagekit.io/raygun/redletterclay/P-0002-BLU-thumb.jpg
94	M-0004-COP-01.jpg	\N	\N	2026-03-17 18:15:37.422+00	2026-03-17 18:15:36.754+00	/api/media/file/M-0004-COP-01.jpg	/api/media/file/M-0004-COP-01-300x225.jpg	M-0004-COP-01.jpg	image/jpeg	416391	1820	1366	50	50	/api/media/file/M-0004-COP-01-300x225.jpg	300	225	image/jpeg	6353	M-0004-COP-01-300x225.jpg	/api/media/file/M-0004-COP-01-500x500.jpg	500	500	image/jpeg	21835	M-0004-COP-01-500x500.jpg	/api/media/file/M-0004-COP-01-600x450.jpg	600	450	image/jpeg	19095	M-0004-COP-01-600x450.jpg	/api/media/file/M-0004-COP-01-900x675.jpg	900	675	image/jpeg	36039	M-0004-COP-01-900x675.jpg	/api/media/file/M-0004-COP-01-1400x1051.jpg	1400	1051	image/jpeg	70452	M-0004-COP-01-1400x1051.jpg	\N	\N	\N	\N	\N	\N	/api/media/file/M-0004-COP-01-1200x630.jpg	1200	630	image/jpeg	50950	M-0004-COP-01-1200x630.jpg	https://ik.imagekit.io/raygun/redletterclay/M-0004-COP-01.jpg
478	\N	\N	\N	2026-04-09 03:53:01.01+00	2026-04-09 03:52:56.836+00	/api/media/file/M-0036-PUR-03.jpg	\N	M-0036-PUR-03.jpg	image/jpeg	536077	1820	1366	50	50	/api/media/file/M-0036-PUR-03-300x225.jpg	300	225	image/jpeg	6796	M-0036-PUR-03-300x225.jpg	/api/media/file/M-0036-PUR-03-500x500.jpg	500	500	image/jpeg	27013	M-0036-PUR-03-500x500.jpg	/api/media/file/M-0036-PUR-03-600x450.jpg	600	450	image/jpeg	23149	M-0036-PUR-03-600x450.jpg	/api/media/file/M-0036-PUR-03-900x675.jpg	900	675	image/jpeg	46190	M-0036-PUR-03-900x675.jpg	/api/media/file/M-0036-PUR-03-1400x1051.jpg	1400	1051	image/jpeg	94801	M-0036-PUR-03-1400x1051.jpg	\N	\N	\N	\N	\N	\N	/api/media/file/M-0036-PUR-03-1200x630.jpg	1200	630	image/jpeg	66435	M-0036-PUR-03-1200x630.jpg	https://ik.imagekit.io/raygun/redletterclay/M-0036-PUR-03.jpg
95	M-0004-COP-02.jpg	\N	\N	2026-03-17 18:15:38.368+00	2026-03-17 18:15:37.708+00	/api/media/file/M-0004-COP-02.jpg	/api/media/file/M-0004-COP-02-300x225.jpg	M-0004-COP-02.jpg	image/jpeg	401173	1820	1366	50	50	/api/media/file/M-0004-COP-02-300x225.jpg	300	225	image/jpeg	6023	M-0004-COP-02-300x225.jpg	/api/media/file/M-0004-COP-02-500x500.jpg	500	500	image/jpeg	20611	M-0004-COP-02-500x500.jpg	/api/media/file/M-0004-COP-02-600x450.jpg	600	450	image/jpeg	18158	M-0004-COP-02-600x450.jpg	/api/media/file/M-0004-COP-02-900x675.jpg	900	675	image/jpeg	34216	M-0004-COP-02-900x675.jpg	/api/media/file/M-0004-COP-02-1400x1051.jpg	1400	1051	image/jpeg	67040	M-0004-COP-02-1400x1051.jpg	\N	\N	\N	\N	\N	\N	/api/media/file/M-0004-COP-02-1200x630.jpg	1200	630	image/jpeg	47321	M-0004-COP-02-1200x630.jpg	https://ik.imagekit.io/raygun/redletterclay/M-0004-COP-02.jpg
225	P-0002-BLU-01.jpg	\N	\N	2026-03-17 18:17:35.702+00	2026-03-17 18:17:35.051+00	/api/media/file/P-0002-BLU-01.jpg	/api/media/file/P-0002-BLU-01-300x225.jpg	P-0002-BLU-01.jpg	image/jpeg	295301	1820	1366	50	50	/api/media/file/P-0002-BLU-01-300x225.jpg	300	225	image/jpeg	3777	P-0002-BLU-01-300x225.jpg	/api/media/file/P-0002-BLU-01-500x500.jpg	500	500	image/jpeg	12156	P-0002-BLU-01-500x500.jpg	/api/media/file/P-0002-BLU-01-600x450.jpg	600	450	image/jpeg	10801	P-0002-BLU-01-600x450.jpg	/api/media/file/P-0002-BLU-01-900x675.jpg	900	675	image/jpeg	21759	P-0002-BLU-01-900x675.jpg	/api/media/file/P-0002-BLU-01-1400x1051.jpg	1400	1051	image/jpeg	46809	P-0002-BLU-01-1400x1051.jpg	\N	\N	\N	\N	\N	\N	/api/media/file/P-0002-BLU-01-1200x630.jpg	1200	630	image/jpeg	31369	P-0002-BLU-01-1200x630.jpg	https://ik.imagekit.io/raygun/redletterclay/P-0002-BLU-01.jpg
47	C-0003-GRN-01.jpg	\N	\N	2026-03-17 18:14:57.399+00	2026-03-17 18:14:56.746+00	/api/media/file/C-0003-GRN-01.jpg	/api/media/file/C-0003-GRN-01-300x225.jpg	C-0003-GRN-01.jpg	image/jpeg	422405	1820	1366	50	50	/api/media/file/C-0003-GRN-01-300x225.jpg	300	225	image/jpeg	4744	C-0003-GRN-01-300x225.jpg	/api/media/file/C-0003-GRN-01-500x500.jpg	500	500	image/jpeg	18454	C-0003-GRN-01-500x500.jpg	/api/media/file/C-0003-GRN-01-600x450.jpg	600	450	image/jpeg	15988	C-0003-GRN-01-600x450.jpg	/api/media/file/C-0003-GRN-01-900x675.jpg	900	675	image/jpeg	32748	C-0003-GRN-01-900x675.jpg	/api/media/file/C-0003-GRN-01-1400x1051.jpg	1400	1051	image/jpeg	69453	C-0003-GRN-01-1400x1051.jpg	\N	\N	\N	\N	\N	\N	/api/media/file/C-0003-GRN-01-1200x630.jpg	1200	630	image/jpeg	43206	C-0003-GRN-01-1200x630.jpg	https://ik.imagekit.io/raygun/redletterclay/C-0003-GRN-01.jpg
465	\N	\N	\N	2026-04-09 03:21:26.182+00	2026-04-09 03:21:24.269+00	/api/media/file/T-0009-GRN-03.jpg	\N	T-0009-GRN-03.jpg	image/jpeg	631611	1820	1366	50	50	/api/media/file/T-0009-GRN-03-300x225.jpg	300	225	image/jpeg	8139	T-0009-GRN-03-300x225.jpg	/api/media/file/T-0009-GRN-03-500x500.jpg	500	500	image/jpeg	29575	T-0009-GRN-03-500x500.jpg	/api/media/file/T-0009-GRN-03-600x450.jpg	600	450	image/jpeg	26270	T-0009-GRN-03-600x450.jpg	/api/media/file/T-0009-GRN-03-900x675.jpg	900	675	image/jpeg	52397	T-0009-GRN-03-900x675.jpg	/api/media/file/T-0009-GRN-03-1400x1051.jpg	1400	1051	image/jpeg	109106	T-0009-GRN-03-1400x1051.jpg	\N	\N	\N	\N	\N	\N	/api/media/file/T-0009-GRN-03-1200x630.jpg	1200	630	image/jpeg	80307	T-0009-GRN-03-1200x630.jpg	https://ik.imagekit.io/raygun/redletterclay/T-0009-GRN-03.jpg
48	C-0003-GRN-02.jpg	\N	\N	2026-03-17 18:14:58.289+00	2026-03-17 18:14:57.544+00	/api/media/file/C-0003-GRN-02.jpg	/api/media/file/C-0003-GRN-02-300x225.jpg	C-0003-GRN-02.jpg	image/jpeg	614341	1820	1366	50	50	/api/media/file/C-0003-GRN-02-300x225.jpg	300	225	image/jpeg	7383	C-0003-GRN-02-300x225.jpg	/api/media/file/C-0003-GRN-02-500x500.jpg	500	500	image/jpeg	27112	C-0003-GRN-02-500x500.jpg	/api/media/file/C-0003-GRN-02-600x450.jpg	600	450	image/jpeg	23525	C-0003-GRN-02-600x450.jpg	/api/media/file/C-0003-GRN-02-900x675.jpg	900	675	image/jpeg	47701	C-0003-GRN-02-900x675.jpg	/api/media/file/C-0003-GRN-02-1400x1051.jpg	1400	1051	image/jpeg	99954	C-0003-GRN-02-1400x1051.jpg	\N	\N	\N	\N	\N	\N	/api/media/file/C-0003-GRN-02-1200x630.jpg	1200	630	image/jpeg	60473	C-0003-GRN-02-1200x630.jpg	https://ik.imagekit.io/raygun/redletterclay/C-0003-GRN-02.jpg
49	C-0003-GRN-03.jpg	\N	\N	2026-03-17 18:14:59.17+00	2026-03-17 18:14:58.447+00	/api/media/file/C-0003-GRN-03.jpg	/api/media/file/C-0003-GRN-03-300x225.jpg	C-0003-GRN-03.jpg	image/jpeg	542090	1820	1366	50	50	/api/media/file/C-0003-GRN-03-300x225.jpg	300	225	image/jpeg	6183	C-0003-GRN-03-300x225.jpg	/api/media/file/C-0003-GRN-03-500x500.jpg	500	500	image/jpeg	23694	C-0003-GRN-03-500x500.jpg	/api/media/file/C-0003-GRN-03-600x450.jpg	600	450	image/jpeg	20621	C-0003-GRN-03-600x450.jpg	/api/media/file/C-0003-GRN-03-900x675.jpg	900	675	image/jpeg	41581	C-0003-GRN-03-900x675.jpg	/api/media/file/C-0003-GRN-03-1400x1051.jpg	1400	1051	image/jpeg	85172	C-0003-GRN-03-1400x1051.jpg	\N	\N	\N	\N	\N	\N	/api/media/file/C-0003-GRN-03-1200x630.jpg	1200	630	image/jpeg	60589	C-0003-GRN-03-1200x630.jpg	https://ik.imagekit.io/raygun/redletterclay/C-0003-GRN-03.jpg
50	C-0004-GRN-thumb.jpg	\N	\N	2026-03-17 18:14:59.747+00	2026-03-17 18:14:59.206+00	/api/media/file/C-0004-GRN-thumb.jpg	/api/media/file/C-0004-GRN-thumb-300x300.jpg	C-0004-GRN-thumb.jpg	image/jpeg	94082	400	400	50	50	/api/media/file/C-0004-GRN-thumb-300x300.jpg	300	300	image/jpeg	7646	C-0004-GRN-thumb-300x300.jpg	\N	\N	\N	\N	\N	\N	\N	\N	\N	\N	\N	\N	\N	\N	\N	\N	\N	\N	\N	\N	\N	\N	\N	\N	\N	\N	\N	\N	\N	\N	\N	\N	\N	\N	\N	\N	https://ik.imagekit.io/raygun/redletterclay/C-0004-GRN-thumb.jpg
51	C-0004-GRN-01.jpg	\N	\N	2026-03-17 18:15:00.705+00	2026-03-17 18:14:59.957+00	/api/media/file/C-0004-GRN-01.jpg	/api/media/file/C-0004-GRN-01-300x225.jpg	C-0004-GRN-01.jpg	image/jpeg	417031	1820	1366	50	50	/api/media/file/C-0004-GRN-01-300x225.jpg	300	225	image/jpeg	4702	C-0004-GRN-01-300x225.jpg	/api/media/file/C-0004-GRN-01-500x500.jpg	500	500	image/jpeg	18275	C-0004-GRN-01-500x500.jpg	/api/media/file/C-0004-GRN-01-600x450.jpg	600	450	image/jpeg	15790	C-0004-GRN-01-600x450.jpg	/api/media/file/C-0004-GRN-01-900x675.jpg	900	675	image/jpeg	32213	C-0004-GRN-01-900x675.jpg	/api/media/file/C-0004-GRN-01-1400x1051.jpg	1400	1051	image/jpeg	67995	C-0004-GRN-01-1400x1051.jpg	\N	\N	\N	\N	\N	\N	/api/media/file/C-0004-GRN-01-1200x630.jpg	1200	630	image/jpeg	44330	C-0004-GRN-01-1200x630.jpg	https://ik.imagekit.io/raygun/redletterclay/C-0004-GRN-01.jpg
52	C-0004-GRN-02.jpg	\N	\N	2026-03-17 18:15:01.76+00	2026-03-17 18:15:00.854+00	/api/media/file/C-0004-GRN-02.jpg	/api/media/file/C-0004-GRN-02-300x225.jpg	C-0004-GRN-02.jpg	image/jpeg	607652	1820	1366	50	50	/api/media/file/C-0004-GRN-02-300x225.jpg	300	225	image/jpeg	7910	C-0004-GRN-02-300x225.jpg	/api/media/file/C-0004-GRN-02-500x500.jpg	500	500	image/jpeg	29279	C-0004-GRN-02-500x500.jpg	/api/media/file/C-0004-GRN-02-600x450.jpg	600	450	image/jpeg	25444	C-0004-GRN-02-600x450.jpg	/api/media/file/C-0004-GRN-02-900x675.jpg	900	675	image/jpeg	50396	C-0004-GRN-02-900x675.jpg	/api/media/file/C-0004-GRN-02-1400x1051.jpg	1400	1051	image/jpeg	103470	C-0004-GRN-02-1400x1051.jpg	\N	\N	\N	\N	\N	\N	/api/media/file/C-0004-GRN-02-1200x630.jpg	1200	630	image/jpeg	64685	C-0004-GRN-02-1200x630.jpg	https://ik.imagekit.io/raygun/redletterclay/C-0004-GRN-02.jpg
53	C-0004-GRN-03.jpg	\N	\N	2026-03-17 18:15:03.009+00	2026-03-17 18:15:01.943+00	/api/media/file/C-0004-GRN-03.jpg	/api/media/file/C-0004-GRN-03-300x225.jpg	C-0004-GRN-03.jpg	image/jpeg	646435	1820	1366	50	50	/api/media/file/C-0004-GRN-03-300x225.jpg	300	225	image/jpeg	6964	C-0004-GRN-03-300x225.jpg	/api/media/file/C-0004-GRN-03-500x500.jpg	500	500	image/jpeg	28917	C-0004-GRN-03-500x500.jpg	/api/media/file/C-0004-GRN-03-600x450.jpg	600	450	image/jpeg	24500	C-0004-GRN-03-600x450.jpg	/api/media/file/C-0004-GRN-03-900x675.jpg	900	675	image/jpeg	50563	C-0004-GRN-03-900x675.jpg	/api/media/file/C-0004-GRN-03-1400x1051.jpg	1400	1051	image/jpeg	105397	C-0004-GRN-03-1400x1051.jpg	\N	\N	\N	\N	\N	\N	/api/media/file/C-0004-GRN-03-1200x630.jpg	1200	630	image/jpeg	75687	C-0004-GRN-03-1200x630.jpg	https://ik.imagekit.io/raygun/redletterclay/C-0004-GRN-03.jpg
54	J-0001-GRN-thumb.jpg	\N	\N	2026-03-17 18:15:03.69+00	2026-03-17 18:15:03.065+00	/api/media/file/J-0001-GRN-thumb.jpg	/api/media/file/J-0001-GRN-thumb-300x300.jpg	J-0001-GRN-thumb.jpg	image/jpeg	56643	400	400	50	50	/api/media/file/J-0001-GRN-thumb-300x300.jpg	300	300	image/jpeg	5100	J-0001-GRN-thumb-300x300.jpg	\N	\N	\N	\N	\N	\N	\N	\N	\N	\N	\N	\N	\N	\N	\N	\N	\N	\N	\N	\N	\N	\N	\N	\N	\N	\N	\N	\N	\N	\N	\N	\N	\N	\N	\N	\N	https://ik.imagekit.io/raygun/redletterclay/J-0001-GRN-thumb.jpg
55	J-0001-GRN-01.jpg	\N	\N	2026-03-17 18:15:04.606+00	2026-03-17 18:15:03.88+00	/api/media/file/J-0001-GRN-01.jpg	/api/media/file/J-0001-GRN-01-300x225.jpg	J-0001-GRN-01.jpg	image/jpeg	315031	1820	1366	50	50	/api/media/file/J-0001-GRN-01-300x225.jpg	300	225	image/jpeg	3762	J-0001-GRN-01-300x225.jpg	/api/media/file/J-0001-GRN-01-500x500.jpg	500	500	image/jpeg	13360	J-0001-GRN-01-500x500.jpg	/api/media/file/J-0001-GRN-01-600x450.jpg	600	450	image/jpeg	11518	J-0001-GRN-01-600x450.jpg	/api/media/file/J-0001-GRN-01-900x675.jpg	900	675	image/jpeg	23890	J-0001-GRN-01-900x675.jpg	/api/media/file/J-0001-GRN-01-1400x1051.jpg	1400	1051	image/jpeg	50130	J-0001-GRN-01-1400x1051.jpg	\N	\N	\N	\N	\N	\N	/api/media/file/J-0001-GRN-01-1200x630.jpg	1200	630	image/jpeg	34417	J-0001-GRN-01-1200x630.jpg	https://ik.imagekit.io/raygun/redletterclay/J-0001-GRN-01.jpg
56	J-0001-GRN-02.jpg	\N	\N	2026-03-17 18:15:05.996+00	2026-03-17 18:15:05.135+00	/api/media/file/J-0001-GRN-02.jpg	/api/media/file/J-0001-GRN-02-300x225.jpg	J-0001-GRN-02.jpg	image/jpeg	439178	1820	1366	50	50	/api/media/file/J-0001-GRN-02-300x225.jpg	300	225	image/jpeg	6028	J-0001-GRN-02-300x225.jpg	/api/media/file/J-0001-GRN-02-500x500.jpg	500	500	image/jpeg	20830	J-0001-GRN-02-500x500.jpg	/api/media/file/J-0001-GRN-02-600x450.jpg	600	450	image/jpeg	18387	J-0001-GRN-02-600x450.jpg	/api/media/file/J-0001-GRN-02-900x675.jpg	900	675	image/jpeg	35097	J-0001-GRN-02-900x675.jpg	/api/media/file/J-0001-GRN-02-1400x1051.jpg	1400	1051	image/jpeg	68250	J-0001-GRN-02-1400x1051.jpg	\N	\N	\N	\N	\N	\N	/api/media/file/J-0001-GRN-02-1200x630.jpg	1200	630	image/jpeg	47937	J-0001-GRN-02-1200x630.jpg	https://ik.imagekit.io/raygun/redletterclay/J-0001-GRN-02.jpg
464	\N	\N	\N	2026-04-09 03:21:29.126+00	2026-04-09 03:21:23.015+00	/api/media/file/T-0009-GRN-02.jpg	\N	T-0009-GRN-02.jpg	image/jpeg	702891	1820	1366	50	50	/api/media/file/T-0009-GRN-02-300x225.jpg	300	225	image/jpeg	8505	T-0009-GRN-02-300x225.jpg	/api/media/file/T-0009-GRN-02-500x500.jpg	500	500	image/jpeg	32199	T-0009-GRN-02-500x500.jpg	/api/media/file/T-0009-GRN-02-600x450.jpg	600	450	image/jpeg	28384	T-0009-GRN-02-600x450.jpg	/api/media/file/T-0009-GRN-02-900x675.jpg	900	675	image/jpeg	57324	T-0009-GRN-02-900x675.jpg	/api/media/file/T-0009-GRN-02-1400x1051.jpg	1400	1051	image/jpeg	120533	T-0009-GRN-02-1400x1051.jpg	\N	\N	\N	\N	\N	\N	/api/media/file/T-0009-GRN-02-1200x630.jpg	1200	630	image/jpeg	89441	T-0009-GRN-02-1200x630.jpg	https://ik.imagekit.io/raygun/redletterclay/T-0009-GRN-02.jpg
57	J-0001-GRN-03.jpg	\N	\N	2026-03-17 18:15:07.112+00	2026-03-17 18:15:06.181+00	/api/media/file/J-0001-GRN-03.jpg	/api/media/file/J-0001-GRN-03-300x225.jpg	J-0001-GRN-03.jpg	image/jpeg	594889	1820	1366	50	50	/api/media/file/J-0001-GRN-03-300x225.jpg	300	225	image/jpeg	7767	J-0001-GRN-03-300x225.jpg	/api/media/file/J-0001-GRN-03-500x500.jpg	500	500	image/jpeg	25741	J-0001-GRN-03-500x500.jpg	/api/media/file/J-0001-GRN-03-600x450.jpg	600	450	image/jpeg	24779	J-0001-GRN-03-600x450.jpg	/api/media/file/J-0001-GRN-03-900x675.jpg	900	675	image/jpeg	49410	J-0001-GRN-03-900x675.jpg	/api/media/file/J-0001-GRN-03-1400x1051.jpg	1400	1051	image/jpeg	100174	J-0001-GRN-03-1400x1051.jpg	\N	\N	\N	\N	\N	\N	/api/media/file/J-0001-GRN-03-1200x630.jpg	1200	630	image/jpeg	75407	J-0001-GRN-03-1200x630.jpg	https://ik.imagekit.io/raygun/redletterclay/J-0001-GRN-03.jpg
61	lantern-02.jpeg	\N	\N	2026-03-17 18:28:12.852+00	2026-03-17 18:15:10.221+00	/api/media/file/lantern-02.jpeg	/api/media/file/lantern-02-300x400.jpg	lantern-02.jpeg	image/jpeg	1099693	2761	3682	50	50	/api/media/file/lantern-02-300x400.jpg	300	400	image/jpeg	11903	lantern-02-300x400.jpg	/api/media/file/lantern-02-500x500.jpg	500	500	image/jpeg	23723	lantern-02-500x500.jpg	/api/media/file/lantern-02-600x800.jpg	600	800	image/jpeg	35209	lantern-02-600x800.jpg	/api/media/file/lantern-02-900x1200.jpg	900	1200	image/jpeg	71003	lantern-02-900x1200.jpg	/api/media/file/lantern-02-1400x1867.jpg	1400	1867	image/jpeg	161010	lantern-02-1400x1867.jpg	/api/media/file/lantern-02-1920x2560.jpg	1920	2560	image/jpeg	283260	lantern-02-1920x2560.jpg	/api/media/file/lantern-02-1200x630.jpg	1200	630	image/jpeg	70400	lantern-02-1200x630.jpg	https://ik.imagekit.io/raygun/redletterclay/lantern-02.jpeg
58	jar-pair.jpg	\N	\N	2026-03-17 18:15:08.202+00	2026-03-17 18:15:07.368+00	/api/media/file/jar-pair.jpg	/api/media/file/jar-pair-300x200.jpg	jar-pair.jpg	image/jpeg	1160088	2000	1333	50	50	/api/media/file/jar-pair-300x200.jpg	300	200	image/jpeg	10146	jar-pair-300x200.jpg	/api/media/file/jar-pair-500x500.jpg	500	500	image/jpeg	39371	jar-pair-500x500.jpg	/api/media/file/jar-pair-600x400.jpg	600	400	image/jpeg	34287	jar-pair-600x400.jpg	/api/media/file/jar-pair-900x600.jpg	900	600	image/jpeg	71838	jar-pair-900x600.jpg	/api/media/file/jar-pair-1400x933.jpg	1400	933	image/jpeg	157273	jar-pair-1400x933.jpg	/api/media/file/jar-pair-1920x1280.jpg	1920	1280	image/jpeg	261771	jar-pair-1920x1280.jpg	/api/media/file/jar-pair-1200x630.jpg	1200	630	image/jpeg	97350	jar-pair-1200x630.jpg	https://ik.imagekit.io/raygun/redletterclay/jar-pair.jpg
59	J-0002-BLU-thumb.jpg	\N	\N	2026-03-17 18:15:08.915+00	2026-03-17 18:15:08.256+00	/api/media/file/J-0002-BLU-thumb.jpg	/api/media/file/J-0002-BLU-thumb-300x300.jpg	J-0002-BLU-thumb.jpg	image/jpeg	85672	400	400	50	50	/api/media/file/J-0002-BLU-thumb-300x300.jpg	300	300	image/jpeg	7501	J-0002-BLU-thumb-300x300.jpg	\N	\N	\N	\N	\N	\N	\N	\N	\N	\N	\N	\N	\N	\N	\N	\N	\N	\N	\N	\N	\N	\N	\N	\N	\N	\N	\N	\N	\N	\N	\N	\N	\N	\N	\N	\N	https://ik.imagekit.io/raygun/redletterclay/J-0002-BLU-thumb.jpg
60	J-0002-BLU-01.jpg	\N	\N	2026-03-17 18:15:10.175+00	2026-03-17 18:15:09.091+00	/api/media/file/J-0002-BLU-01.jpg	/api/media/file/J-0002-BLU-01-300x225.jpg	J-0002-BLU-01.jpg	image/jpeg	469216	1820	1366	50	50	/api/media/file/J-0002-BLU-01-300x225.jpg	300	225	image/jpeg	5641	J-0002-BLU-01-300x225.jpg	/api/media/file/J-0002-BLU-01-500x500.jpg	500	500	image/jpeg	21657	J-0002-BLU-01-500x500.jpg	/api/media/file/J-0002-BLU-01-600x450.jpg	600	450	image/jpeg	18689	J-0002-BLU-01-600x450.jpg	/api/media/file/J-0002-BLU-01-900x675.jpg	900	675	image/jpeg	37758	J-0002-BLU-01-900x675.jpg	/api/media/file/J-0002-BLU-01-1400x1051.jpg	1400	1051	image/jpeg	78614	J-0002-BLU-01-1400x1051.jpg	\N	\N	\N	\N	\N	\N	/api/media/file/J-0002-BLU-01-1200x630.jpg	1200	630	image/jpeg	54641	J-0002-BLU-01-1200x630.jpg	https://ik.imagekit.io/raygun/redletterclay/J-0002-BLU-01.jpg
62	J-0002-BLU-02.jpg	\N	\N	2026-03-17 18:15:11.143+00	2026-03-17 18:15:10.344+00	/api/media/file/J-0002-BLU-02.jpg	/api/media/file/J-0002-BLU-02-300x225.jpg	J-0002-BLU-02.jpg	image/jpeg	555563	1820	1366	50	50	/api/media/file/J-0002-BLU-02-300x225.jpg	300	225	image/jpeg	6906	J-0002-BLU-02-300x225.jpg	/api/media/file/J-0002-BLU-02-500x500.jpg	500	500	image/jpeg	26057	J-0002-BLU-02-500x500.jpg	/api/media/file/J-0002-BLU-02-600x450.jpg	600	450	image/jpeg	22530	J-0002-BLU-02-600x450.jpg	/api/media/file/J-0002-BLU-02-900x675.jpg	900	675	image/jpeg	44846	J-0002-BLU-02-900x675.jpg	/api/media/file/J-0002-BLU-02-1400x1051.jpg	1400	1051	image/jpeg	92386	J-0002-BLU-02-1400x1051.jpg	\N	\N	\N	\N	\N	\N	/api/media/file/J-0002-BLU-02-1200x630.jpg	1200	630	image/jpeg	64461	J-0002-BLU-02-1200x630.jpg	https://ik.imagekit.io/raygun/redletterclay/J-0002-BLU-02.jpg
63	J-0002-BLU-03.jpg	\N	\N	2026-03-17 18:15:12.224+00	2026-03-17 18:15:11.388+00	/api/media/file/J-0002-BLU-03.jpg	/api/media/file/J-0002-BLU-03-300x225.jpg	J-0002-BLU-03.jpg	image/jpeg	902170	1820	1366	50	50	/api/media/file/J-0002-BLU-03-300x225.jpg	300	225	image/jpeg	9740	J-0002-BLU-03-300x225.jpg	/api/media/file/J-0002-BLU-03-500x500.jpg	500	500	image/jpeg	34737	J-0002-BLU-03-500x500.jpg	/api/media/file/J-0002-BLU-03-600x450.jpg	600	450	image/jpeg	32413	J-0002-BLU-03-600x450.jpg	/api/media/file/J-0002-BLU-03-900x675.jpg	900	675	image/jpeg	66745	J-0002-BLU-03-900x675.jpg	/api/media/file/J-0002-BLU-03-1400x1051.jpg	1400	1051	image/jpeg	142725	J-0002-BLU-03-1400x1051.jpg	\N	\N	\N	\N	\N	\N	/api/media/file/J-0002-BLU-03-1200x630.jpg	1200	630	image/jpeg	100425	J-0002-BLU-03-1200x630.jpg	https://ik.imagekit.io/raygun/redletterclay/J-0002-BLU-03.jpg
64	J-0003-BLU-thumb.jpg	\N	\N	2026-03-17 18:15:12.775+00	2026-03-17 18:15:12.28+00	/api/media/file/J-0003-BLU-thumb.jpg	/api/media/file/J-0003-BLU-thumb-300x300.jpg	J-0003-BLU-thumb.jpg	image/jpeg	112593	400	400	50	50	/api/media/file/J-0003-BLU-thumb-300x300.jpg	300	300	image/jpeg	9162	J-0003-BLU-thumb-300x300.jpg	\N	\N	\N	\N	\N	\N	\N	\N	\N	\N	\N	\N	\N	\N	\N	\N	\N	\N	\N	\N	\N	\N	\N	\N	\N	\N	\N	\N	\N	\N	\N	\N	\N	\N	\N	\N	https://ik.imagekit.io/raygun/redletterclay/J-0003-BLU-thumb.jpg
65	J-0003-BLU-01.jpg	\N	\N	2026-03-17 18:15:13.624+00	2026-03-17 18:15:12.972+00	/api/media/file/J-0003-BLU-01.jpg	/api/media/file/J-0003-BLU-01-300x225.jpg	J-0003-BLU-01.jpg	image/jpeg	604370	1820	1366	50	50	/api/media/file/J-0003-BLU-01-300x225.jpg	300	225	image/jpeg	6464	J-0003-BLU-01-300x225.jpg	/api/media/file/J-0003-BLU-01-500x500.jpg	500	500	image/jpeg	26346	J-0003-BLU-01-500x500.jpg	/api/media/file/J-0003-BLU-01-600x450.jpg	600	450	image/jpeg	22576	J-0003-BLU-01-600x450.jpg	/api/media/file/J-0003-BLU-01-900x675.jpg	900	675	image/jpeg	47012	J-0003-BLU-01-900x675.jpg	/api/media/file/J-0003-BLU-01-1400x1051.jpg	1400	1051	image/jpeg	100038	J-0003-BLU-01-1400x1051.jpg	\N	\N	\N	\N	\N	\N	/api/media/file/J-0003-BLU-01-1200x630.jpg	1200	630	image/jpeg	70456	J-0003-BLU-01-1200x630.jpg	https://ik.imagekit.io/raygun/redletterclay/J-0003-BLU-01.jpg
66	J-0003-BLU-02.jpg	\N	\N	2026-03-17 18:15:14.519+00	2026-03-17 18:15:13.844+00	/api/media/file/J-0003-BLU-02.jpg	/api/media/file/J-0003-BLU-02-300x225.jpg	J-0003-BLU-02.jpg	image/jpeg	713064	1820	1366	50	50	/api/media/file/J-0003-BLU-02-300x225.jpg	300	225	image/jpeg	7921	J-0003-BLU-02-300x225.jpg	/api/media/file/J-0003-BLU-02-500x500.jpg	500	500	image/jpeg	32630	J-0003-BLU-02-500x500.jpg	/api/media/file/J-0003-BLU-02-600x450.jpg	600	450	image/jpeg	27768	J-0003-BLU-02-600x450.jpg	/api/media/file/J-0003-BLU-02-900x675.jpg	900	675	image/jpeg	57606	J-0003-BLU-02-900x675.jpg	/api/media/file/J-0003-BLU-02-1400x1051.jpg	1400	1051	image/jpeg	121960	J-0003-BLU-02-1400x1051.jpg	\N	\N	\N	\N	\N	\N	/api/media/file/J-0003-BLU-02-1200x630.jpg	1200	630	image/jpeg	80303	J-0003-BLU-02-1200x630.jpg	https://ik.imagekit.io/raygun/redletterclay/J-0003-BLU-02.jpg
67	J-0003-BLU-03.jpg	\N	\N	2026-03-17 18:15:15.476+00	2026-03-17 18:15:14.699+00	/api/media/file/J-0003-BLU-03.jpg	/api/media/file/J-0003-BLU-03-300x225.jpg	J-0003-BLU-03.jpg	image/jpeg	801470	1820	1366	50	50	/api/media/file/J-0003-BLU-03-300x225.jpg	300	225	image/jpeg	8634	J-0003-BLU-03-300x225.jpg	/api/media/file/J-0003-BLU-03-500x500.jpg	500	500	image/jpeg	34582	J-0003-BLU-03-500x500.jpg	/api/media/file/J-0003-BLU-03-600x450.jpg	600	450	image/jpeg	30606	J-0003-BLU-03-600x450.jpg	/api/media/file/J-0003-BLU-03-900x675.jpg	900	675	image/jpeg	64076	J-0003-BLU-03-900x675.jpg	/api/media/file/J-0003-BLU-03-1400x1051.jpg	1400	1051	image/jpeg	136311	J-0003-BLU-03-1400x1051.jpg	\N	\N	\N	\N	\N	\N	/api/media/file/J-0003-BLU-03-1200x630.jpg	1200	630	image/jpeg	101292	J-0003-BLU-03-1200x630.jpg	https://ik.imagekit.io/raygun/redletterclay/J-0003-BLU-03.jpg
68	J-0003-BLU-04.jpg	\N	\N	2026-03-17 18:15:16.326+00	2026-03-17 18:15:15.652+00	/api/media/file/J-0003-BLU-04.jpg	/api/media/file/J-0003-BLU-04-300x225.jpg	J-0003-BLU-04.jpg	image/jpeg	737571	1820	1366	50	50	/api/media/file/J-0003-BLU-04-300x225.jpg	300	225	image/jpeg	7894	J-0003-BLU-04-300x225.jpg	/api/media/file/J-0003-BLU-04-500x500.jpg	500	500	image/jpeg	31756	J-0003-BLU-04-500x500.jpg	/api/media/file/J-0003-BLU-04-600x450.jpg	600	450	image/jpeg	27780	J-0003-BLU-04-600x450.jpg	/api/media/file/J-0003-BLU-04-900x675.jpg	900	675	image/jpeg	58158	J-0003-BLU-04-900x675.jpg	/api/media/file/J-0003-BLU-04-1400x1051.jpg	1400	1051	image/jpeg	124922	J-0003-BLU-04-1400x1051.jpg	\N	\N	\N	\N	\N	\N	/api/media/file/J-0003-BLU-04-1200x630.jpg	1200	630	image/jpeg	92819	J-0003-BLU-04-1200x630.jpg	https://ik.imagekit.io/raygun/redletterclay/J-0003-BLU-04.jpg
69	jar-petal-trays.jpg	\N	\N	2026-03-17 18:15:17.551+00	2026-03-17 18:15:16.689+00	/api/media/file/jar-petal-trays.jpg	/api/media/file/jar-petal-trays-300x200.jpg	jar-petal-trays.jpg	image/jpeg	302227	2000	1333	50	50	/api/media/file/jar-petal-trays-300x200.jpg	300	200	image/jpeg	8334	jar-petal-trays-300x200.jpg	/api/media/file/jar-petal-trays-500x500.jpg	500	500	image/jpeg	27361	jar-petal-trays-500x500.jpg	/api/media/file/jar-petal-trays-600x400.jpg	600	400	image/jpeg	23905	jar-petal-trays-600x400.jpg	/api/media/file/jar-petal-trays-900x600.jpg	900	600	image/jpeg	47409	jar-petal-trays-900x600.jpg	/api/media/file/jar-petal-trays-1400x933.jpg	1400	933	image/jpeg	106398	jar-petal-trays-1400x933.jpg	/api/media/file/jar-petal-trays-1920x1280.jpg	1920	1280	image/jpeg	186614	jar-petal-trays-1920x1280.jpg	/api/media/file/jar-petal-trays-1200x630.jpg	1200	630	image/jpeg	69655	jar-petal-trays-1200x630.jpg	https://ik.imagekit.io/raygun/redletterclay/jar-petal-trays.jpg
70	J-0004-BLU-thumb.jpg	\N	\N	2026-03-17 18:15:18.222+00	2026-03-17 18:15:17.629+00	/api/media/file/J-0004-BLU-thumb.jpg	/api/media/file/J-0004-BLU-thumb-300x300.jpg	J-0004-BLU-thumb.jpg	image/jpeg	128224	400	400	50	50	/api/media/file/J-0004-BLU-thumb-300x300.jpg	300	300	image/jpeg	11622	J-0004-BLU-thumb-300x300.jpg	\N	\N	\N	\N	\N	\N	\N	\N	\N	\N	\N	\N	\N	\N	\N	\N	\N	\N	\N	\N	\N	\N	\N	\N	\N	\N	\N	\N	\N	\N	\N	\N	\N	\N	\N	\N	https://ik.imagekit.io/raygun/redletterclay/J-0004-BLU-thumb.jpg
71	J-0004-BLU-01.jpg	\N	\N	2026-03-17 18:15:19.392+00	2026-03-17 18:15:18.375+00	/api/media/file/J-0004-BLU-01.jpg	/api/media/file/J-0004-BLU-01-300x225.jpg	J-0004-BLU-01.jpg	image/jpeg	660782	1820	1366	50	50	/api/media/file/J-0004-BLU-01-300x225.jpg	300	225	image/jpeg	7775	J-0004-BLU-01-300x225.jpg	/api/media/file/J-0004-BLU-01-500x500.jpg	500	500	image/jpeg	31798	J-0004-BLU-01-500x500.jpg	/api/media/file/J-0004-BLU-01-600x450.jpg	600	450	image/jpeg	27226	J-0004-BLU-01-600x450.jpg	/api/media/file/J-0004-BLU-01-900x675.jpg	900	675	image/jpeg	54731	J-0004-BLU-01-900x675.jpg	/api/media/file/J-0004-BLU-01-1400x1051.jpg	1400	1051	image/jpeg	111321	J-0004-BLU-01-1400x1051.jpg	\N	\N	\N	\N	\N	\N	/api/media/file/J-0004-BLU-01-1200x630.jpg	1200	630	image/jpeg	79269	J-0004-BLU-01-1200x630.jpg	https://ik.imagekit.io/raygun/redletterclay/J-0004-BLU-01.jpg
72	J-0004-BLU-02.jpg	\N	\N	2026-03-17 18:15:20.762+00	2026-03-17 18:15:19.562+00	/api/media/file/J-0004-BLU-02.jpg	/api/media/file/J-0004-BLU-02-300x225.jpg	J-0004-BLU-02.jpg	image/jpeg	612371	1820	1366	50	50	/api/media/file/J-0004-BLU-02-300x225.jpg	300	225	image/jpeg	7749	J-0004-BLU-02-300x225.jpg	/api/media/file/J-0004-BLU-02-500x500.jpg	500	500	image/jpeg	29926	J-0004-BLU-02-500x500.jpg	/api/media/file/J-0004-BLU-02-600x450.jpg	600	450	image/jpeg	25920	J-0004-BLU-02-600x450.jpg	/api/media/file/J-0004-BLU-02-900x675.jpg	900	675	image/jpeg	51016	J-0004-BLU-02-900x675.jpg	/api/media/file/J-0004-BLU-02-1400x1051.jpg	1400	1051	image/jpeg	101657	J-0004-BLU-02-1400x1051.jpg	\N	\N	\N	\N	\N	\N	/api/media/file/J-0004-BLU-02-1200x630.jpg	1200	630	image/jpeg	73755	J-0004-BLU-02-1200x630.jpg	https://ik.imagekit.io/raygun/redletterclay/J-0004-BLU-02.jpg
73	J-0004-BLU-03.jpg	\N	\N	2026-03-17 18:15:21.798+00	2026-03-17 18:15:20.986+00	/api/media/file/J-0004-BLU-03.jpg	/api/media/file/J-0004-BLU-03-300x225.jpg	J-0004-BLU-03.jpg	image/jpeg	761254	1820	1366	50	50	/api/media/file/J-0004-BLU-03-300x225.jpg	300	225	image/jpeg	9011	J-0004-BLU-03-300x225.jpg	/api/media/file/J-0004-BLU-03-500x500.jpg	500	500	image/jpeg	35438	J-0004-BLU-03-500x500.jpg	/api/media/file/J-0004-BLU-03-600x450.jpg	600	450	image/jpeg	30467	J-0004-BLU-03-600x450.jpg	/api/media/file/J-0004-BLU-03-900x675.jpg	900	675	image/jpeg	62472	J-0004-BLU-03-900x675.jpg	/api/media/file/J-0004-BLU-03-1400x1051.jpg	1400	1051	image/jpeg	130229	J-0004-BLU-03-1400x1051.jpg	\N	\N	\N	\N	\N	\N	/api/media/file/J-0004-BLU-03-1200x630.jpg	1200	630	image/jpeg	94742	J-0004-BLU-03-1200x630.jpg	https://ik.imagekit.io/raygun/redletterclay/J-0004-BLU-03.jpg
97	M-0004-COP-03.jpg	\N	\N	2026-03-17 18:15:39.191+00	2026-03-17 18:15:38.544+00	/api/media/file/M-0004-COP-03.jpg	/api/media/file/M-0004-COP-03-300x225.jpg	M-0004-COP-03.jpg	image/jpeg	523549	1820	1366	50	50	/api/media/file/M-0004-COP-03-300x225.jpg	300	225	image/jpeg	7083	M-0004-COP-03-300x225.jpg	/api/media/file/M-0004-COP-03-500x500.jpg	500	500	image/jpeg	26214	M-0004-COP-03-500x500.jpg	/api/media/file/M-0004-COP-03-600x450.jpg	600	450	image/jpeg	22700	M-0004-COP-03-600x450.jpg	/api/media/file/M-0004-COP-03-900x675.jpg	900	675	image/jpeg	44239	M-0004-COP-03-900x675.jpg	/api/media/file/M-0004-COP-03-1400x1051.jpg	1400	1051	image/jpeg	87141	M-0004-COP-03-1400x1051.jpg	\N	\N	\N	\N	\N	\N	/api/media/file/M-0004-COP-03-1200x630.jpg	1200	630	image/jpeg	59977	M-0004-COP-03-1200x630.jpg	https://ik.imagekit.io/raygun/redletterclay/M-0004-COP-03.jpg
226	P-0002-BLU-02.jpg	\N	\N	2026-03-17 18:17:36.577+00	2026-03-17 18:17:35.892+00	/api/media/file/P-0002-BLU-02.jpg	/api/media/file/P-0002-BLU-02-300x225.jpg	P-0002-BLU-02.jpg	image/jpeg	213506	1820	1366	50	50	/api/media/file/P-0002-BLU-02-300x225.jpg	300	225	image/jpeg	3145	P-0002-BLU-02-300x225.jpg	/api/media/file/P-0002-BLU-02-500x500.jpg	500	500	image/jpeg	9520	P-0002-BLU-02-500x500.jpg	/api/media/file/P-0002-BLU-02-600x450.jpg	600	450	image/jpeg	8581	P-0002-BLU-02-600x450.jpg	/api/media/file/P-0002-BLU-02-900x675.jpg	900	675	image/jpeg	16271	P-0002-BLU-02-900x675.jpg	/api/media/file/P-0002-BLU-02-1400x1051.jpg	1400	1051	image/jpeg	32526	P-0002-BLU-02-1400x1051.jpg	\N	\N	\N	\N	\N	\N	/api/media/file/P-0002-BLU-02-1200x630.jpg	1200	630	image/jpeg	21241	P-0002-BLU-02-1200x630.jpg	https://ik.imagekit.io/raygun/redletterclay/P-0002-BLU-02.jpg
98	M-0004-COP-04.jpg	\N	\N	2026-03-17 18:15:40.238+00	2026-03-17 18:15:39.486+00	/api/media/file/M-0004-COP-04.jpg	/api/media/file/M-0004-COP-04-300x225.jpg	M-0004-COP-04.jpg	image/jpeg	478758	1820	1366	50	50	/api/media/file/M-0004-COP-04-300x225.jpg	300	225	image/jpeg	7457	M-0004-COP-04-300x225.jpg	/api/media/file/M-0004-COP-04-500x500.jpg	500	500	image/jpeg	24971	M-0004-COP-04-500x500.jpg	/api/media/file/M-0004-COP-04-600x450.jpg	600	450	image/jpeg	22018	M-0004-COP-04-600x450.jpg	/api/media/file/M-0004-COP-04-900x675.jpg	900	675	image/jpeg	41311	M-0004-COP-04-900x675.jpg	/api/media/file/M-0004-COP-04-1400x1051.jpg	1400	1051	image/jpeg	79480	M-0004-COP-04-1400x1051.jpg	\N	\N	\N	\N	\N	\N	/api/media/file/M-0004-COP-04-1200x630.jpg	1200	630	image/jpeg	59811	M-0004-COP-04-1200x630.jpg	https://ik.imagekit.io/raygun/redletterclay/M-0004-COP-04.jpg
79	switchgrass-03.jpg	\N	\N	2026-03-17 18:28:11.254+00	2026-03-17 18:15:25.395+00	/api/media/file/switchgrass-03.jpg	/api/media/file/switchgrass-03-300x300.jpg	switchgrass-03.jpg	image/jpeg	468268	1440	1440	50	50	/api/media/file/switchgrass-03-300x300.jpg	300	300	image/jpeg	31092	switchgrass-03-300x300.jpg	/api/media/file/switchgrass-03-500x500.jpg	500	500	image/jpeg	75179	switchgrass-03-500x500.jpg	/api/media/file/switchgrass-03-600x600.jpg	600	600	image/jpeg	100005	switchgrass-03-600x600.jpg	/api/media/file/switchgrass-03-900x900.jpg	900	900	image/jpeg	189311	switchgrass-03-900x900.jpg	/api/media/file/switchgrass-03-1400x1400.jpg	1400	1400	image/jpeg	357039	switchgrass-03-1400x1400.jpg	\N	\N	\N	\N	\N	\N	/api/media/file/switchgrass-03-1200x630.jpg	1200	630	image/jpeg	149185	switchgrass-03-1200x630.jpg	https://ik.imagekit.io/raygun/redletterclay/switchgrass-03.jpg
99	M-0005-PUR-thumb.jpg	\N	\N	2026-03-17 18:15:41.007+00	2026-03-17 18:15:40.294+00	/api/media/file/M-0005-PUR-thumb.jpg	/api/media/file/M-0005-PUR-thumb-300x300.jpg	M-0005-PUR-thumb.jpg	image/jpeg	129790	400	400	50	50	/api/media/file/M-0005-PUR-thumb-300x300.jpg	300	300	image/jpeg	12702	M-0005-PUR-thumb-300x300.jpg	\N	\N	\N	\N	\N	\N	\N	\N	\N	\N	\N	\N	\N	\N	\N	\N	\N	\N	\N	\N	\N	\N	\N	\N	\N	\N	\N	\N	\N	\N	\N	\N	\N	\N	\N	\N	https://ik.imagekit.io/raygun/redletterclay/M-0005-PUR-thumb.jpg
75	lantern-04.jpg	\N	\N	2026-03-17 18:28:11.915+00	2026-03-17 18:15:22.141+00	/api/media/file/lantern-04.jpg	/api/media/file/lantern-04-300x200.jpg	lantern-04.jpg	image/jpeg	301648	2000	1333	50	50	/api/media/file/lantern-04-300x200.jpg	300	200	image/jpeg	7362	lantern-04-300x200.jpg	/api/media/file/lantern-04-500x500.jpg	500	500	image/jpeg	30878	lantern-04-500x500.jpg	/api/media/file/lantern-04-600x400.jpg	600	400	image/jpeg	25558	lantern-04-600x400.jpg	/api/media/file/lantern-04-900x600.jpg	900	600	image/jpeg	54668	lantern-04-900x600.jpg	/api/media/file/lantern-04-1400x933.jpg	1400	933	image/jpeg	124552	lantern-04-1400x933.jpg	/api/media/file/lantern-04-1920x1280.jpg	1920	1280	image/jpeg	215633	lantern-04-1920x1280.jpg	/api/media/file/lantern-04-1200x630.jpg	1200	630	image/jpeg	73384	lantern-04-1200x630.jpg	https://ik.imagekit.io/raygun/redletterclay/lantern-04.jpg
100	M-0005-PUR-01.jpg	\N	\N	2026-03-17 18:15:41.8+00	2026-03-17 18:15:41.172+00	/api/media/file/M-0005-PUR-01.jpg	/api/media/file/M-0005-PUR-01-300x225.jpg	M-0005-PUR-01.jpg	image/jpeg	566747	1820	1366	50	50	/api/media/file/M-0005-PUR-01-300x225.jpg	300	225	image/jpeg	7155	M-0005-PUR-01-300x225.jpg	/api/media/file/M-0005-PUR-01-500x500.jpg	500	500	image/jpeg	28800	M-0005-PUR-01-500x500.jpg	/api/media/file/M-0005-PUR-01-600x450.jpg	600	450	image/jpeg	24712	M-0005-PUR-01-600x450.jpg	/api/media/file/M-0005-PUR-01-900x675.jpg	900	675	image/jpeg	49368	M-0005-PUR-01-900x675.jpg	/api/media/file/M-0005-PUR-01-1400x1051.jpg	1400	1051	image/jpeg	99661	M-0005-PUR-01-1400x1051.jpg	\N	\N	\N	\N	\N	\N	/api/media/file/M-0005-PUR-01-1200x630.jpg	1200	630	image/jpeg	72053	M-0005-PUR-01-1200x630.jpg	https://ik.imagekit.io/raygun/redletterclay/M-0005-PUR-01.jpg
101	M-0005-PUR-02.jpg	\N	\N	2026-03-17 18:15:42.535+00	2026-03-17 18:15:41.962+00	/api/media/file/M-0005-PUR-02.jpg	/api/media/file/M-0005-PUR-02-300x225.jpg	M-0005-PUR-02.jpg	image/jpeg	478369	1820	1366	50	50	/api/media/file/M-0005-PUR-02-300x225.jpg	300	225	image/jpeg	6025	M-0005-PUR-02-300x225.jpg	/api/media/file/M-0005-PUR-02-500x500.jpg	500	500	image/jpeg	23827	M-0005-PUR-02-500x500.jpg	/api/media/file/M-0005-PUR-02-600x450.jpg	600	450	image/jpeg	20557	M-0005-PUR-02-600x450.jpg	/api/media/file/M-0005-PUR-02-900x675.jpg	900	675	image/jpeg	41184	M-0005-PUR-02-900x675.jpg	/api/media/file/M-0005-PUR-02-1400x1051.jpg	1400	1051	image/jpeg	83109	M-0005-PUR-02-1400x1051.jpg	\N	\N	\N	\N	\N	\N	/api/media/file/M-0005-PUR-02-1200x630.jpg	1200	630	image/jpeg	59912	M-0005-PUR-02-1200x630.jpg	https://ik.imagekit.io/raygun/redletterclay/M-0005-PUR-02.jpg
102	M-0005-PUR-03.jpg	\N	\N	2026-03-17 18:15:43.537+00	2026-03-17 18:15:42.727+00	/api/media/file/M-0005-PUR-03.jpg	/api/media/file/M-0005-PUR-03-300x225.jpg	M-0005-PUR-03.jpg	image/jpeg	609364	1820	1366	50	50	/api/media/file/M-0005-PUR-03-300x225.jpg	300	225	image/jpeg	7582	M-0005-PUR-03-300x225.jpg	/api/media/file/M-0005-PUR-03-500x500.jpg	500	500	image/jpeg	29196	M-0005-PUR-03-500x500.jpg	/api/media/file/M-0005-PUR-03-600x450.jpg	600	450	image/jpeg	25078	M-0005-PUR-03-600x450.jpg	/api/media/file/M-0005-PUR-03-900x675.jpg	900	675	image/jpeg	50155	M-0005-PUR-03-900x675.jpg	/api/media/file/M-0005-PUR-03-1400x1051.jpg	1400	1051	image/jpeg	103329	M-0005-PUR-03-1400x1051.jpg	\N	\N	\N	\N	\N	\N	/api/media/file/M-0005-PUR-03-1200x630.jpg	1200	630	image/jpeg	69982	M-0005-PUR-03-1200x630.jpg	https://ik.imagekit.io/raygun/redletterclay/M-0005-PUR-03.jpg
382	\N	\N	\N	2026-03-19 00:03:38.512+00	2026-03-19 00:03:37.652+00	/api/media/file/P-0007-GRN-thumb.jpg	\N	P-0007-GRN-thumb.jpg	image/jpeg	100865	400	400	50	50	/api/media/file/P-0007-GRN-thumb-300x300.jpg	300	300	image/jpeg	8446	P-0007-GRN-thumb-300x300.jpg	\N	\N	\N	\N	\N	\N	\N	\N	\N	\N	\N	\N	\N	\N	\N	\N	\N	\N	\N	\N	\N	\N	\N	\N	\N	\N	\N	\N	\N	\N	\N	\N	\N	\N	\N	\N	https://ik.imagekit.io/raygun/redletterclay/P-0007-GRN-thumb.jpg
74	J-0004-BLU-04.jpg	\N	\N	2026-03-17 18:15:22.646+00	2026-03-17 18:15:22.022+00	/api/media/file/J-0004-BLU-04.jpg	/api/media/file/J-0004-BLU-04-300x225.jpg	J-0004-BLU-04.jpg	image/jpeg	843182	1820	1366	50	50	/api/media/file/J-0004-BLU-04-300x225.jpg	300	225	image/jpeg	9980	J-0004-BLU-04-300x225.jpg	/api/media/file/J-0004-BLU-04-500x500.jpg	500	500	image/jpeg	37740	J-0004-BLU-04-500x500.jpg	/api/media/file/J-0004-BLU-04-600x450.jpg	600	450	image/jpeg	34240	J-0004-BLU-04-600x450.jpg	/api/media/file/J-0004-BLU-04-900x675.jpg	900	675	image/jpeg	70282	J-0004-BLU-04-900x675.jpg	/api/media/file/J-0004-BLU-04-1400x1051.jpg	1400	1051	image/jpeg	146584	J-0004-BLU-04-1400x1051.jpg	\N	\N	\N	\N	\N	\N	/api/media/file/J-0004-BLU-04-1200x630.jpg	1200	630	image/jpeg	109984	J-0004-BLU-04-1200x630.jpg	https://ik.imagekit.io/raygun/redletterclay/J-0004-BLU-04.jpg
76	J-0005-PUR-thumb.jpg	\N	\N	2026-03-17 18:15:23.491+00	2026-03-17 18:15:22.775+00	/api/media/file/J-0005-PUR-thumb.jpg	/api/media/file/J-0005-PUR-thumb-300x300.jpg	J-0005-PUR-thumb.jpg	image/jpeg	474670	1001	1001	50	50	/api/media/file/J-0005-PUR-thumb-300x300.jpg	300	300	image/jpeg	10264	J-0005-PUR-thumb-300x300.jpg	/api/media/file/J-0005-PUR-thumb-500x500.jpg	500	500	image/jpeg	24998	J-0005-PUR-thumb-500x500.jpg	/api/media/file/J-0005-PUR-thumb-600x600.jpg	600	600	image/jpeg	33947	J-0005-PUR-thumb-600x600.jpg	/api/media/file/J-0005-PUR-thumb-900x900.jpg	900	900	image/jpeg	66012	J-0005-PUR-thumb-900x900.jpg	\N	\N	\N	\N	\N	\N	\N	\N	\N	\N	\N	\N	/api/media/file/J-0005-PUR-thumb-1200x630.jpg	1200	630	image/jpeg	74606	J-0005-PUR-thumb-1200x630.jpg	https://ik.imagekit.io/raygun/redletterclay/J-0005-PUR-thumb.jpg
103	M-0005-PUR-04.jpg	\N	\N	2026-03-17 18:15:44.554+00	2026-03-17 18:15:43.758+00	/api/media/file/M-0005-PUR-04.jpg	/api/media/file/M-0005-PUR-04-300x225.jpg	M-0005-PUR-04.jpg	image/jpeg	558648	1820	1366	50	50	/api/media/file/M-0005-PUR-04-300x225.jpg	300	225	image/jpeg	7250	M-0005-PUR-04-300x225.jpg	/api/media/file/M-0005-PUR-04-500x500.jpg	500	500	image/jpeg	28437	M-0005-PUR-04-500x500.jpg	/api/media/file/M-0005-PUR-04-600x450.jpg	600	450	image/jpeg	24487	M-0005-PUR-04-600x450.jpg	/api/media/file/M-0005-PUR-04-900x675.jpg	900	675	image/jpeg	48090	M-0005-PUR-04-900x675.jpg	/api/media/file/M-0005-PUR-04-1400x1051.jpg	1400	1051	image/jpeg	95506	M-0005-PUR-04-1400x1051.jpg	\N	\N	\N	\N	\N	\N	/api/media/file/M-0005-PUR-04-1200x630.jpg	1200	630	image/jpeg	70901	M-0005-PUR-04-1200x630.jpg	https://ik.imagekit.io/raygun/redletterclay/M-0005-PUR-04.jpg
77	J-0005-PUR-01.jpg	\N	\N	2026-03-17 18:15:24.29+00	2026-03-17 18:15:23.656+00	/api/media/file/J-0005-PUR-01.jpg	/api/media/file/J-0005-PUR-01-300x225.jpg	J-0005-PUR-01.jpg	image/jpeg	670141	1820	1366	50	50	/api/media/file/J-0005-PUR-01-300x225.jpg	300	225	image/jpeg	8803	J-0005-PUR-01-300x225.jpg	/api/media/file/J-0005-PUR-01-500x500.jpg	500	500	image/jpeg	33541	J-0005-PUR-01-500x500.jpg	/api/media/file/J-0005-PUR-01-600x450.jpg	600	450	image/jpeg	29126	J-0005-PUR-01-600x450.jpg	/api/media/file/J-0005-PUR-01-900x675.jpg	900	675	image/jpeg	57032	J-0005-PUR-01-900x675.jpg	/api/media/file/J-0005-PUR-01-1400x1051.jpg	1400	1051	image/jpeg	115491	J-0005-PUR-01-1400x1051.jpg	\N	\N	\N	\N	\N	\N	/api/media/file/J-0005-PUR-01-1200x630.jpg	1200	630	image/jpeg	82400	J-0005-PUR-01-1200x630.jpg	https://ik.imagekit.io/raygun/redletterclay/J-0005-PUR-01.jpg
78	J-0005-PUR-02.jpg	\N	\N	2026-03-17 18:15:25.318+00	2026-03-17 18:15:24.483+00	/api/media/file/J-0005-PUR-02.jpg	/api/media/file/J-0005-PUR-02-300x225.jpg	J-0005-PUR-02.jpg	image/jpeg	590274	1820	1366	50	50	/api/media/file/J-0005-PUR-02-300x225.jpg	300	225	image/jpeg	7224	J-0005-PUR-02-300x225.jpg	/api/media/file/J-0005-PUR-02-500x500.jpg	500	500	image/jpeg	28416	J-0005-PUR-02-500x500.jpg	/api/media/file/J-0005-PUR-02-600x450.jpg	600	450	image/jpeg	24632	J-0005-PUR-02-600x450.jpg	/api/media/file/J-0005-PUR-02-900x675.jpg	900	675	image/jpeg	48537	J-0005-PUR-02-900x675.jpg	/api/media/file/J-0005-PUR-02-1400x1051.jpg	1400	1051	image/jpeg	98960	J-0005-PUR-02-1400x1051.jpg	\N	\N	\N	\N	\N	\N	/api/media/file/J-0005-PUR-02-1200x630.jpg	1200	630	image/jpeg	69259	J-0005-PUR-02-1200x630.jpg	https://ik.imagekit.io/raygun/redletterclay/J-0005-PUR-02.jpg
104	M-0006-GRN-thumb.jpg	\N	\N	2026-03-17 18:15:45.218+00	2026-03-17 18:15:44.614+00	/api/media/file/M-0006-GRN-thumb.jpg	/api/media/file/M-0006-GRN-thumb-300x300.jpg	M-0006-GRN-thumb.jpg	image/jpeg	95272	400	400	50	50	/api/media/file/M-0006-GRN-thumb-300x300.jpg	300	300	image/jpeg	9751	M-0006-GRN-thumb-300x300.jpg	\N	\N	\N	\N	\N	\N	\N	\N	\N	\N	\N	\N	\N	\N	\N	\N	\N	\N	\N	\N	\N	\N	\N	\N	\N	\N	\N	\N	\N	\N	\N	\N	\N	\N	\N	\N	https://ik.imagekit.io/raygun/redletterclay/M-0006-GRN-thumb.jpg
80	J-0005-PUR-03.jpg	\N	\N	2026-03-17 18:15:26.277+00	2026-03-17 18:15:25.499+00	/api/media/file/J-0005-PUR-03.jpg	/api/media/file/J-0005-PUR-03-300x225.jpg	J-0005-PUR-03.jpg	image/jpeg	599946	1820	1366	50	50	/api/media/file/J-0005-PUR-03-300x225.jpg	300	225	image/jpeg	6797	J-0005-PUR-03-300x225.jpg	/api/media/file/J-0005-PUR-03-500x500.jpg	500	500	image/jpeg	28320	J-0005-PUR-03-500x500.jpg	/api/media/file/J-0005-PUR-03-600x450.jpg	600	450	image/jpeg	24088	J-0005-PUR-03-600x450.jpg	/api/media/file/J-0005-PUR-03-900x675.jpg	900	675	image/jpeg	49037	J-0005-PUR-03-900x675.jpg	/api/media/file/J-0005-PUR-03-1400x1051.jpg	1400	1051	image/jpeg	102282	J-0005-PUR-03-1400x1051.jpg	\N	\N	\N	\N	\N	\N	/api/media/file/J-0005-PUR-03-1200x630.jpg	1200	630	image/jpeg	70840	J-0005-PUR-03-1200x630.jpg	https://ik.imagekit.io/raygun/redletterclay/J-0005-PUR-03.jpg
390	\N	\N	\N	2026-03-19 00:31:49.738+00	2026-03-19 00:31:48.978+00	/api/media/file/T-0006-GRN-thumb.jpg	\N	T-0006-GRN-thumb.jpg	image/jpeg	86804	400	400	50	50	/api/media/file/T-0006-GRN-thumb-300x300.jpg	300	300	image/jpeg	8087	T-0006-GRN-thumb-300x300.jpg	\N	\N	\N	\N	\N	\N	\N	\N	\N	\N	\N	\N	\N	\N	\N	\N	\N	\N	\N	\N	\N	\N	\N	\N	\N	\N	\N	\N	\N	\N	\N	\N	\N	\N	\N	\N	https://ik.imagekit.io/raygun/redletterclay/T-0006-GRN-thumb.jpg
81	J-0005-PUR-04.jpg	\N	\N	2026-03-17 18:15:27.157+00	2026-03-17 18:15:26.517+00	/api/media/file/J-0005-PUR-04.jpg	/api/media/file/J-0005-PUR-04-300x225.jpg	J-0005-PUR-04.jpg	image/jpeg	659275	1820	1366	50	50	/api/media/file/J-0005-PUR-04-300x225.jpg	300	225	image/jpeg	7637	J-0005-PUR-04-300x225.jpg	/api/media/file/J-0005-PUR-04-500x500.jpg	500	500	image/jpeg	30181	J-0005-PUR-04-500x500.jpg	/api/media/file/J-0005-PUR-04-600x450.jpg	600	450	image/jpeg	26406	J-0005-PUR-04-600x450.jpg	/api/media/file/J-0005-PUR-04-900x675.jpg	900	675	image/jpeg	53461	J-0005-PUR-04-900x675.jpg	/api/media/file/J-0005-PUR-04-1400x1051.jpg	1400	1051	image/jpeg	110737	J-0005-PUR-04-1400x1051.jpg	\N	\N	\N	\N	\N	\N	/api/media/file/J-0005-PUR-04-1200x630.jpg	1200	630	image/jpeg	79904	J-0005-PUR-04-1200x630.jpg	https://ik.imagekit.io/raygun/redletterclay/J-0005-PUR-04.jpg
82	M-0002-PUR-thumb.jpg	\N	\N	2026-03-17 18:15:27.61+00	2026-03-17 18:15:27.201+00	/api/media/file/M-0002-PUR-thumb.jpg	/api/media/file/M-0002-PUR-thumb-300x300.jpg	M-0002-PUR-thumb.jpg	image/jpeg	105725	400	400	50	50	/api/media/file/M-0002-PUR-thumb-300x300.jpg	300	300	image/jpeg	10274	M-0002-PUR-thumb-300x300.jpg	\N	\N	\N	\N	\N	\N	\N	\N	\N	\N	\N	\N	\N	\N	\N	\N	\N	\N	\N	\N	\N	\N	\N	\N	\N	\N	\N	\N	\N	\N	\N	\N	\N	\N	\N	\N	https://ik.imagekit.io/raygun/redletterclay/M-0002-PUR-thumb.jpg
83	M-0002-PUR-01.jpg	\N	\N	2026-03-17 18:15:28.433+00	2026-03-17 18:15:27.769+00	/api/media/file/M-0002-PUR-01.jpg	/api/media/file/M-0002-PUR-01-300x225.jpg	M-0002-PUR-01.jpg	image/jpeg	459299	1820	1366	50	50	/api/media/file/M-0002-PUR-01-300x225.jpg	300	225	image/jpeg	5773	M-0002-PUR-01-300x225.jpg	/api/media/file/M-0002-PUR-01-500x500.jpg	500	500	image/jpeg	21857	M-0002-PUR-01-500x500.jpg	/api/media/file/M-0002-PUR-01-600x450.jpg	600	450	image/jpeg	18848	M-0002-PUR-01-600x450.jpg	/api/media/file/M-0002-PUR-01-900x675.jpg	900	675	image/jpeg	38162	M-0002-PUR-01-900x675.jpg	/api/media/file/M-0002-PUR-01-1400x1051.jpg	1400	1051	image/jpeg	80423	M-0002-PUR-01-1400x1051.jpg	\N	\N	\N	\N	\N	\N	/api/media/file/M-0002-PUR-01-1200x630.jpg	1200	630	image/jpeg	57975	M-0002-PUR-01-1200x630.jpg	https://ik.imagekit.io/raygun/redletterclay/M-0002-PUR-01.jpg
84	M-0002-PUR-02.jpg	\N	\N	2026-03-17 18:15:29.353+00	2026-03-17 18:15:28.595+00	/api/media/file/M-0002-PUR-02.jpg	/api/media/file/M-0002-PUR-02-300x225.jpg	M-0002-PUR-02.jpg	image/jpeg	505745	1820	1366	50	50	/api/media/file/M-0002-PUR-02-300x225.jpg	300	225	image/jpeg	5562	M-0002-PUR-02-300x225.jpg	/api/media/file/M-0002-PUR-02-500x500.jpg	500	500	image/jpeg	20997	M-0002-PUR-02-500x500.jpg	/api/media/file/M-0002-PUR-02-600x450.jpg	600	450	image/jpeg	18136	M-0002-PUR-02-600x450.jpg	/api/media/file/M-0002-PUR-02-900x675.jpg	900	675	image/jpeg	37219	M-0002-PUR-02-900x675.jpg	/api/media/file/M-0002-PUR-02-1400x1051.jpg	1400	1051	image/jpeg	80260	M-0002-PUR-02-1400x1051.jpg	\N	\N	\N	\N	\N	\N	/api/media/file/M-0002-PUR-02-1200x630.jpg	1200	630	image/jpeg	54674	M-0002-PUR-02-1200x630.jpg	https://ik.imagekit.io/raygun/redletterclay/M-0002-PUR-02.jpg
88	M-0003-TEM-thumb.jpg	\N	\N	2026-03-17 18:15:31.977+00	2026-03-17 18:15:31.236+00	/api/media/file/M-0003-TEM-thumb.jpg	/api/media/file/M-0003-TEM-thumb-300x300.jpg	M-0003-TEM-thumb.jpg	image/jpeg	106663	400	400	50	50	/api/media/file/M-0003-TEM-thumb-300x300.jpg	300	300	image/jpeg	10009	M-0003-TEM-thumb-300x300.jpg	\N	\N	\N	\N	\N	\N	\N	\N	\N	\N	\N	\N	\N	\N	\N	\N	\N	\N	\N	\N	\N	\N	\N	\N	\N	\N	\N	\N	\N	\N	\N	\N	\N	\N	\N	\N	https://ik.imagekit.io/raygun/redletterclay/M-0003-TEM-thumb.jpg
85	M-0002-PUR-03.jpg	\N	\N	2026-03-17 18:15:30.293+00	2026-03-17 18:15:29.547+00	/api/media/file/M-0002-PUR-03.jpg	/api/media/file/M-0002-PUR-03-300x225.jpg	M-0002-PUR-03.jpg	image/jpeg	537260	1820	1366	50	50	/api/media/file/M-0002-PUR-03-300x225.jpg	300	225	image/jpeg	5872	M-0002-PUR-03-300x225.jpg	/api/media/file/M-0002-PUR-03-500x500.jpg	500	500	image/jpeg	22211	M-0002-PUR-03-500x500.jpg	/api/media/file/M-0002-PUR-03-600x450.jpg	600	450	image/jpeg	19256	M-0002-PUR-03-600x450.jpg	/api/media/file/M-0002-PUR-03-900x675.jpg	900	675	image/jpeg	39500	M-0002-PUR-03-900x675.jpg	/api/media/file/M-0002-PUR-03-1400x1051.jpg	1400	1051	image/jpeg	85825	M-0002-PUR-03-1400x1051.jpg	\N	\N	\N	\N	\N	\N	/api/media/file/M-0002-PUR-03-1200x630.jpg	1200	630	image/jpeg	59213	M-0002-PUR-03-1200x630.jpg	https://ik.imagekit.io/raygun/redletterclay/M-0002-PUR-03.jpg
87	M-0002-PUR-04.jpg	\N	\N	2026-03-17 18:15:31.148+00	2026-03-17 18:15:30.471+00	/api/media/file/M-0002-PUR-04.jpg	/api/media/file/M-0002-PUR-04-300x225.jpg	M-0002-PUR-04.jpg	image/jpeg	686551	1820	1366	50	50	/api/media/file/M-0002-PUR-04-300x225.jpg	300	225	image/jpeg	7010	M-0002-PUR-04-300x225.jpg	/api/media/file/M-0002-PUR-04-500x500.jpg	500	500	image/jpeg	28319	M-0002-PUR-04-500x500.jpg	/api/media/file/M-0002-PUR-04-600x450.jpg	600	450	image/jpeg	24034	M-0002-PUR-04-600x450.jpg	/api/media/file/M-0002-PUR-04-900x675.jpg	900	675	image/jpeg	50204	M-0002-PUR-04-900x675.jpg	/api/media/file/M-0002-PUR-04-1400x1051.jpg	1400	1051	image/jpeg	109208	M-0002-PUR-04-1400x1051.jpg	\N	\N	\N	\N	\N	\N	/api/media/file/M-0002-PUR-04-1200x630.jpg	1200	630	image/jpeg	79448	M-0002-PUR-04-1200x630.jpg	https://ik.imagekit.io/raygun/redletterclay/M-0002-PUR-04.jpg
227	P-0002-BLU-03.jpg	\N	\N	2026-03-17 18:17:37.591+00	2026-03-17 18:17:36.876+00	/api/media/file/P-0002-BLU-03.jpg	/api/media/file/P-0002-BLU-03-300x225.jpg	P-0002-BLU-03.jpg	image/jpeg	320569	1820	1366	50	50	/api/media/file/P-0002-BLU-03-300x225.jpg	300	225	image/jpeg	4080	P-0002-BLU-03-300x225.jpg	/api/media/file/P-0002-BLU-03-500x500.jpg	500	500	image/jpeg	13016	P-0002-BLU-03-500x500.jpg	/api/media/file/P-0002-BLU-03-600x450.jpg	600	450	image/jpeg	11617	P-0002-BLU-03-600x450.jpg	/api/media/file/P-0002-BLU-03-900x675.jpg	900	675	image/jpeg	22696	P-0002-BLU-03-900x675.jpg	/api/media/file/P-0002-BLU-03-1400x1051.jpg	1400	1051	image/jpeg	46874	P-0002-BLU-03-1400x1051.jpg	\N	\N	\N	\N	\N	\N	/api/media/file/P-0002-BLU-03-1200x630.jpg	1200	630	image/jpeg	33180	P-0002-BLU-03-1200x630.jpg	https://ik.imagekit.io/raygun/redletterclay/P-0002-BLU-03.jpg
105	M-0006-GRN-01.jpg	\N	\N	2026-03-17 18:15:46.15+00	2026-03-17 18:15:45.428+00	/api/media/file/M-0006-GRN-01.jpg	/api/media/file/M-0006-GRN-01-300x225.jpg	M-0006-GRN-01.jpg	image/jpeg	421263	1820	1366	50	50	/api/media/file/M-0006-GRN-01-300x225.jpg	300	225	image/jpeg	6097	M-0006-GRN-01-300x225.jpg	/api/media/file/M-0006-GRN-01-500x500.jpg	500	500	image/jpeg	21389	M-0006-GRN-01-500x500.jpg	/api/media/file/M-0006-GRN-01-600x450.jpg	600	450	image/jpeg	18535	M-0006-GRN-01-600x450.jpg	/api/media/file/M-0006-GRN-01-900x675.jpg	900	675	image/jpeg	36260	M-0006-GRN-01-900x675.jpg	/api/media/file/M-0006-GRN-01-1400x1051.jpg	1400	1051	image/jpeg	73351	M-0006-GRN-01-1400x1051.jpg	\N	\N	\N	\N	\N	\N	/api/media/file/M-0006-GRN-01-1200x630.jpg	1200	630	image/jpeg	51553	M-0006-GRN-01-1200x630.jpg	https://ik.imagekit.io/raygun/redletterclay/M-0006-GRN-01.jpg
375	\N	\N	\N	2026-03-18 21:38:11.755+00	2026-03-18 21:38:10.186+00	/api/media/file/P-0006-PUR-01.jpg	\N	P-0006-PUR-01.jpg	image/jpeg	310360	1820	1366	50	50	/api/media/file/P-0006-PUR-01-300x225.jpg	300	225	image/jpeg	3799	P-0006-PUR-01-300x225.jpg	/api/media/file/P-0006-PUR-01-500x500.jpg	500	500	image/jpeg	13500	P-0006-PUR-01-500x500.jpg	/api/media/file/P-0006-PUR-01-600x450.jpg	600	450	image/jpeg	11747	P-0006-PUR-01-600x450.jpg	/api/media/file/P-0006-PUR-01-900x675.jpg	900	675	image/jpeg	24758	P-0006-PUR-01-900x675.jpg	/api/media/file/P-0006-PUR-01-1400x1051.jpg	1400	1051	image/jpeg	54700	P-0006-PUR-01-1400x1051.jpg	\N	\N	\N	\N	\N	\N	/api/media/file/P-0006-PUR-01-1200x630.jpg	1200	630	image/jpeg	38167	P-0006-PUR-01-1200x630.jpg	https://ik.imagekit.io/raygun/redletterclay/P-0006-PUR-01.jpg
106	M-0006-GRN-02.jpg	\N	\N	2026-03-17 18:15:47.172+00	2026-03-17 18:15:46.332+00	/api/media/file/M-0006-GRN-02.jpg	/api/media/file/M-0006-GRN-02-300x225.jpg	M-0006-GRN-02.jpg	image/jpeg	368026	1820	1366	50	50	/api/media/file/M-0006-GRN-02-300x225.jpg	300	225	image/jpeg	5248	M-0006-GRN-02-300x225.jpg	/api/media/file/M-0006-GRN-02-500x500.jpg	500	500	image/jpeg	18178	M-0006-GRN-02-500x500.jpg	/api/media/file/M-0006-GRN-02-600x450.jpg	600	450	image/jpeg	15872	M-0006-GRN-02-600x450.jpg	/api/media/file/M-0006-GRN-02-900x675.jpg	900	675	image/jpeg	30922	M-0006-GRN-02-900x675.jpg	/api/media/file/M-0006-GRN-02-1400x1051.jpg	1400	1051	image/jpeg	62654	M-0006-GRN-02-1400x1051.jpg	\N	\N	\N	\N	\N	\N	/api/media/file/M-0006-GRN-02-1200x630.jpg	1200	630	image/jpeg	44001	M-0006-GRN-02-1200x630.jpg	https://ik.imagekit.io/raygun/redletterclay/M-0006-GRN-02.jpg
107	M-0006-GRN-03.jpg	\N	\N	2026-03-17 18:15:48.131+00	2026-03-17 18:15:47.388+00	/api/media/file/M-0006-GRN-03.jpg	/api/media/file/M-0006-GRN-03-300x225.jpg	M-0006-GRN-03.jpg	image/jpeg	601861	1820	1366	50	50	/api/media/file/M-0006-GRN-03-300x225.jpg	300	225	image/jpeg	8521	M-0006-GRN-03-300x225.jpg	/api/media/file/M-0006-GRN-03-500x500.jpg	500	500	image/jpeg	30213	M-0006-GRN-03-500x500.jpg	/api/media/file/M-0006-GRN-03-600x450.jpg	600	450	image/jpeg	26269	M-0006-GRN-03-600x450.jpg	/api/media/file/M-0006-GRN-03-900x675.jpg	900	675	image/jpeg	50808	M-0006-GRN-03-900x675.jpg	/api/media/file/M-0006-GRN-03-1400x1051.jpg	1400	1051	image/jpeg	100748	M-0006-GRN-03-1400x1051.jpg	\N	\N	\N	\N	\N	\N	/api/media/file/M-0006-GRN-03-1200x630.jpg	1200	630	image/jpeg	64176	M-0006-GRN-03-1200x630.jpg	https://ik.imagekit.io/raygun/redletterclay/M-0006-GRN-03.jpg
266	tokyo-national-museum-thumb.jpg	\N	\N	2026-03-17 18:18:13.777+00	2026-03-17 18:18:13.2+00	/api/media/file/tokyo-national-museum-thumb.jpg	/api/media/file/tokyo-national-museum-thumb-300x300.jpg	tokyo-national-museum-thumb.jpg	image/jpeg	118107	1000	1000	50	50	/api/media/file/tokyo-national-museum-thumb-300x300.jpg	300	300	image/jpeg	15099	tokyo-national-museum-thumb-300x300.jpg	/api/media/file/tokyo-national-museum-thumb-500x500.jpg	500	500	image/jpeg	36755	tokyo-national-museum-thumb-500x500.jpg	/api/media/file/tokyo-national-museum-thumb-600x600.jpg	600	600	image/jpeg	49940	tokyo-national-museum-thumb-600x600.jpg	/api/media/file/tokyo-national-museum-thumb-900x900.jpg	900	900	image/jpeg	97921	tokyo-national-museum-thumb-900x900.jpg	\N	\N	\N	\N	\N	\N	\N	\N	\N	\N	\N	\N	/api/media/file/tokyo-national-museum-thumb-1200x630.jpg	1200	630	image/jpeg	87093	tokyo-national-museum-thumb-1200x630.jpg	https://ik.imagekit.io/raygun/redletterclay/tokyo-national-museum-thumb.jpg
108	M-0006-GRN-04.jpg	\N	\N	2026-03-17 18:15:48.901+00	2026-03-17 18:15:48.302+00	/api/media/file/M-0006-GRN-04.jpg	/api/media/file/M-0006-GRN-04-300x225.jpg	M-0006-GRN-04.jpg	image/jpeg	594709	1820	1366	50	50	/api/media/file/M-0006-GRN-04-300x225.jpg	300	225	image/jpeg	8086	M-0006-GRN-04-300x225.jpg	/api/media/file/M-0006-GRN-04-500x500.jpg	500	500	image/jpeg	29328	M-0006-GRN-04-500x500.jpg	/api/media/file/M-0006-GRN-04-600x450.jpg	600	450	image/jpeg	25536	M-0006-GRN-04-600x450.jpg	/api/media/file/M-0006-GRN-04-900x675.jpg	900	675	image/jpeg	49481	M-0006-GRN-04-900x675.jpg	/api/media/file/M-0006-GRN-04-1400x1051.jpg	1400	1051	image/jpeg	97215	M-0006-GRN-04-1400x1051.jpg	\N	\N	\N	\N	\N	\N	/api/media/file/M-0006-GRN-04-1200x630.jpg	1200	630	image/jpeg	72062	M-0006-GRN-04-1200x630.jpg	https://ik.imagekit.io/raygun/redletterclay/M-0006-GRN-04.jpg
228	slipcast-work.jpg	\N	\N	2026-03-17 18:17:38.566+00	2026-03-17 18:17:37.87+00	/api/media/file/slipcast-work.jpg	/api/media/file/slipcast-work-300x200.jpg	slipcast-work.jpg	image/jpeg	910092	2000	1333	50	50	/api/media/file/slipcast-work-300x200.jpg	300	200	image/jpeg	11783	slipcast-work-300x200.jpg	/api/media/file/slipcast-work-500x500.jpg	500	500	image/jpeg	29034	slipcast-work-500x500.jpg	/api/media/file/slipcast-work-600x400.jpg	600	400	image/jpeg	32087	slipcast-work-600x400.jpg	/api/media/file/slipcast-work-900x600.jpg	900	600	image/jpeg	61023	slipcast-work-900x600.jpg	/api/media/file/slipcast-work-1400x933.jpg	1400	933	image/jpeg	129236	slipcast-work-1400x933.jpg	/api/media/file/slipcast-work-1920x1280.jpg	1920	1280	image/jpeg	223556	slipcast-work-1920x1280.jpg	/api/media/file/slipcast-work-1200x630.jpg	1200	630	image/jpeg	85686	slipcast-work-1200x630.jpg	https://ik.imagekit.io/raygun/redletterclay/slipcast-work.jpg
109	M-0007-GRN-thumb.jpg	\N	\N	2026-03-17 18:15:49.612+00	2026-03-17 18:15:48.973+00	/api/media/file/M-0007-GRN-thumb.jpg	/api/media/file/M-0007-GRN-thumb-300x300.jpg	M-0007-GRN-thumb.jpg	image/jpeg	109085	400	400	50	50	/api/media/file/M-0007-GRN-thumb-300x300.jpg	300	300	image/jpeg	9726	M-0007-GRN-thumb-300x300.jpg	\N	\N	\N	\N	\N	\N	\N	\N	\N	\N	\N	\N	\N	\N	\N	\N	\N	\N	\N	\N	\N	\N	\N	\N	\N	\N	\N	\N	\N	\N	\N	\N	\N	\N	\N	\N	https://ik.imagekit.io/raygun/redletterclay/M-0007-GRN-thumb.jpg
110	M-0007-GRN-01.jpg	\N	\N	2026-03-17 18:15:50.708+00	2026-03-17 18:15:49.79+00	/api/media/file/M-0007-GRN-01.jpg	/api/media/file/M-0007-GRN-01-300x225.jpg	M-0007-GRN-01.jpg	image/jpeg	478198	1820	1366	50	50	/api/media/file/M-0007-GRN-01-300x225.jpg	300	225	image/jpeg	6163	M-0007-GRN-01-300x225.jpg	/api/media/file/M-0007-GRN-01-500x500.jpg	500	500	image/jpeg	22578	M-0007-GRN-01-500x500.jpg	/api/media/file/M-0007-GRN-01-600x450.jpg	600	450	image/jpeg	19597	M-0007-GRN-01-600x450.jpg	/api/media/file/M-0007-GRN-01-900x675.jpg	900	675	image/jpeg	39179	M-0007-GRN-01-900x675.jpg	/api/media/file/M-0007-GRN-01-1400x1051.jpg	1400	1051	image/jpeg	80988	M-0007-GRN-01-1400x1051.jpg	\N	\N	\N	\N	\N	\N	/api/media/file/M-0007-GRN-01-1200x630.jpg	1200	630	image/jpeg	56889	M-0007-GRN-01-1200x630.jpg	https://ik.imagekit.io/raygun/redletterclay/M-0007-GRN-01.jpg
111	M-0007-GRN-02.jpg	\N	\N	2026-03-17 18:15:51.727+00	2026-03-17 18:15:50.874+00	/api/media/file/M-0007-GRN-02.jpg	/api/media/file/M-0007-GRN-02-300x225.jpg	M-0007-GRN-02.jpg	image/jpeg	443482	1820	1366	50	50	/api/media/file/M-0007-GRN-02-300x225.jpg	300	225	image/jpeg	5573	M-0007-GRN-02-300x225.jpg	/api/media/file/M-0007-GRN-02-500x500.jpg	500	500	image/jpeg	20653	M-0007-GRN-02-500x500.jpg	/api/media/file/M-0007-GRN-02-600x450.jpg	600	450	image/jpeg	17778	M-0007-GRN-02-600x450.jpg	/api/media/file/M-0007-GRN-02-900x675.jpg	900	675	image/jpeg	36060	M-0007-GRN-02-900x675.jpg	/api/media/file/M-0007-GRN-02-1400x1051.jpg	1400	1051	image/jpeg	74952	M-0007-GRN-02-1400x1051.jpg	\N	\N	\N	\N	\N	\N	/api/media/file/M-0007-GRN-02-1200x630.jpg	1200	630	image/jpeg	51684	M-0007-GRN-02-1200x630.jpg	https://ik.imagekit.io/raygun/redletterclay/M-0007-GRN-02.jpg
112	M-0007-GRN-03.jpg	\N	\N	2026-03-17 18:15:52.522+00	2026-03-17 18:15:51.913+00	/api/media/file/M-0007-GRN-03.jpg	/api/media/file/M-0007-GRN-03-300x225.jpg	M-0007-GRN-03.jpg	image/jpeg	578455	1820	1366	50	50	/api/media/file/M-0007-GRN-03-300x225.jpg	300	225	image/jpeg	7520	M-0007-GRN-03-300x225.jpg	/api/media/file/M-0007-GRN-03-500x500.jpg	500	500	image/jpeg	28173	M-0007-GRN-03-500x500.jpg	/api/media/file/M-0007-GRN-03-600x450.jpg	600	450	image/jpeg	24300	M-0007-GRN-03-600x450.jpg	/api/media/file/M-0007-GRN-03-900x675.jpg	900	675	image/jpeg	48078	M-0007-GRN-03-900x675.jpg	/api/media/file/M-0007-GRN-03-1400x1051.jpg	1400	1051	image/jpeg	96918	M-0007-GRN-03-1400x1051.jpg	\N	\N	\N	\N	\N	\N	/api/media/file/M-0007-GRN-03-1200x630.jpg	1200	630	image/jpeg	67373	M-0007-GRN-03-1200x630.jpg	https://ik.imagekit.io/raygun/redletterclay/M-0007-GRN-03.jpg
113	M-0007-GRN-04.jpg	\N	\N	2026-03-17 18:15:53.538+00	2026-03-17 18:15:52.739+00	/api/media/file/M-0007-GRN-04.jpg	/api/media/file/M-0007-GRN-04-300x225.jpg	M-0007-GRN-04.jpg	image/jpeg	639861	1820	1366	50	50	/api/media/file/M-0007-GRN-04-300x225.jpg	300	225	image/jpeg	7983	M-0007-GRN-04-300x225.jpg	/api/media/file/M-0007-GRN-04-500x500.jpg	500	500	image/jpeg	30438	M-0007-GRN-04-500x500.jpg	/api/media/file/M-0007-GRN-04-600x450.jpg	600	450	image/jpeg	26195	M-0007-GRN-04-600x450.jpg	/api/media/file/M-0007-GRN-04-900x675.jpg	900	675	image/jpeg	52316	M-0007-GRN-04-900x675.jpg	/api/media/file/M-0007-GRN-04-1400x1051.jpg	1400	1051	image/jpeg	105790	M-0007-GRN-04-1400x1051.jpg	\N	\N	\N	\N	\N	\N	/api/media/file/M-0007-GRN-04-1200x630.jpg	1200	630	image/jpeg	77442	M-0007-GRN-04-1200x630.jpg	https://ik.imagekit.io/raygun/redletterclay/M-0007-GRN-04.jpg
114	M-0008-PNK-thumb.jpg	\N	\N	2026-03-17 18:15:54.21+00	2026-03-17 18:15:53.595+00	/api/media/file/M-0008-PNK-thumb.jpg	/api/media/file/M-0008-PNK-thumb-300x300.jpg	M-0008-PNK-thumb.jpg	image/jpeg	124805	400	400	50	50	/api/media/file/M-0008-PNK-thumb-300x300.jpg	300	300	image/jpeg	10581	M-0008-PNK-thumb-300x300.jpg	\N	\N	\N	\N	\N	\N	\N	\N	\N	\N	\N	\N	\N	\N	\N	\N	\N	\N	\N	\N	\N	\N	\N	\N	\N	\N	\N	\N	\N	\N	\N	\N	\N	\N	\N	\N	https://ik.imagekit.io/raygun/redletterclay/M-0008-PNK-thumb.jpg
115	M-0008-PNK-01.jpg	\N	\N	2026-03-17 18:15:55.953+00	2026-03-17 18:15:54.421+00	/api/media/file/M-0008-PNK-01.jpg	/api/media/file/M-0008-PNK-01-300x225.jpg	M-0008-PNK-01.jpg	image/jpeg	554095	1820	1366	50	50	/api/media/file/M-0008-PNK-01-300x225.jpg	300	225	image/jpeg	6939	M-0008-PNK-01-300x225.jpg	/api/media/file/M-0008-PNK-01-500x500.jpg	500	500	image/jpeg	25926	M-0008-PNK-01-500x500.jpg	/api/media/file/M-0008-PNK-01-600x450.jpg	600	450	image/jpeg	22371	M-0008-PNK-01-600x450.jpg	/api/media/file/M-0008-PNK-01-900x675.jpg	900	675	image/jpeg	44485	M-0008-PNK-01-900x675.jpg	/api/media/file/M-0008-PNK-01-1400x1051.jpg	1400	1051	image/jpeg	91829	M-0008-PNK-01-1400x1051.jpg	\N	\N	\N	\N	\N	\N	/api/media/file/M-0008-PNK-01-1200x630.jpg	1200	630	image/jpeg	67782	M-0008-PNK-01-1200x630.jpg	https://ik.imagekit.io/raygun/redletterclay/M-0008-PNK-01.jpg
116	M-0008-PNK-02.jpg	\N	\N	2026-03-17 18:15:57.234+00	2026-03-17 18:15:56.132+00	/api/media/file/M-0008-PNK-02.jpg	/api/media/file/M-0008-PNK-02-300x225.jpg	M-0008-PNK-02.jpg	image/jpeg	565939	1820	1366	50	50	/api/media/file/M-0008-PNK-02-300x225.jpg	300	225	image/jpeg	6913	M-0008-PNK-02-300x225.jpg	/api/media/file/M-0008-PNK-02-500x500.jpg	500	500	image/jpeg	25917	M-0008-PNK-02-500x500.jpg	/api/media/file/M-0008-PNK-02-600x450.jpg	600	450	image/jpeg	22471	M-0008-PNK-02-600x450.jpg	/api/media/file/M-0008-PNK-02-900x675.jpg	900	675	image/jpeg	45088	M-0008-PNK-02-900x675.jpg	/api/media/file/M-0008-PNK-02-1400x1051.jpg	1400	1051	image/jpeg	92369	M-0008-PNK-02-1400x1051.jpg	\N	\N	\N	\N	\N	\N	/api/media/file/M-0008-PNK-02-1200x630.jpg	1200	630	image/jpeg	65469	M-0008-PNK-02-1200x630.jpg	https://ik.imagekit.io/raygun/redletterclay/M-0008-PNK-02.jpg
117	M-0008-PNK-03.jpg	\N	\N	2026-03-17 18:15:57.989+00	2026-03-17 18:15:57.406+00	/api/media/file/M-0008-PNK-03.jpg	/api/media/file/M-0008-PNK-03-300x225.jpg	M-0008-PNK-03.jpg	image/jpeg	597245	1820	1366	50	50	/api/media/file/M-0008-PNK-03-300x225.jpg	300	225	image/jpeg	7436	M-0008-PNK-03-300x225.jpg	/api/media/file/M-0008-PNK-03-500x500.jpg	500	500	image/jpeg	28609	M-0008-PNK-03-500x500.jpg	/api/media/file/M-0008-PNK-03-600x450.jpg	600	450	image/jpeg	24582	M-0008-PNK-03-600x450.jpg	/api/media/file/M-0008-PNK-03-900x675.jpg	900	675	image/jpeg	48929	M-0008-PNK-03-900x675.jpg	/api/media/file/M-0008-PNK-03-1400x1051.jpg	1400	1051	image/jpeg	100343	M-0008-PNK-03-1400x1051.jpg	\N	\N	\N	\N	\N	\N	/api/media/file/M-0008-PNK-03-1200x630.jpg	1200	630	image/jpeg	65188	M-0008-PNK-03-1200x630.jpg	https://ik.imagekit.io/raygun/redletterclay/M-0008-PNK-03.jpg
229	P-0003-BRN-thumb.jpg	\N	\N	2026-03-17 18:17:39.077+00	2026-03-17 18:17:38.653+00	/api/media/file/P-0003-BRN-thumb.jpg	/api/media/file/P-0003-BRN-thumb-300x300.jpg	P-0003-BRN-thumb.jpg	image/jpeg	98873	400	400	50	50	/api/media/file/P-0003-BRN-thumb-300x300.jpg	300	300	image/jpeg	8528	P-0003-BRN-thumb-300x300.jpg	\N	\N	\N	\N	\N	\N	\N	\N	\N	\N	\N	\N	\N	\N	\N	\N	\N	\N	\N	\N	\N	\N	\N	\N	\N	\N	\N	\N	\N	\N	\N	\N	\N	\N	\N	\N	https://ik.imagekit.io/raygun/redletterclay/P-0003-BRN-thumb.jpg
118	M-0008-PNK-04.jpg	\N	\N	2026-03-17 18:15:58.923+00	2026-03-17 18:15:58.178+00	/api/media/file/M-0008-PNK-04.jpg	/api/media/file/M-0008-PNK-04-300x225.jpg	M-0008-PNK-04.jpg	image/jpeg	648548	1820	1366	50	50	/api/media/file/M-0008-PNK-04-300x225.jpg	300	225	image/jpeg	7067	M-0008-PNK-04-300x225.jpg	/api/media/file/M-0008-PNK-04-500x500.jpg	500	500	image/jpeg	28558	M-0008-PNK-04-500x500.jpg	/api/media/file/M-0008-PNK-04-600x450.jpg	600	450	image/jpeg	24477	M-0008-PNK-04-600x450.jpg	/api/media/file/M-0008-PNK-04-900x675.jpg	900	675	image/jpeg	50432	M-0008-PNK-04-900x675.jpg	/api/media/file/M-0008-PNK-04-1400x1051.jpg	1400	1051	image/jpeg	106045	M-0008-PNK-04-1400x1051.jpg	\N	\N	\N	\N	\N	\N	/api/media/file/M-0008-PNK-04-1200x630.jpg	1200	630	image/jpeg	77953	M-0008-PNK-04-1200x630.jpg	https://ik.imagekit.io/raygun/redletterclay/M-0008-PNK-04.jpg
337	split-vase-separate.jpg	\N	\N	2026-03-17 18:19:33.893+00	2026-03-17 18:19:33.205+00	/api/media/file/split-vase-separate.jpg	/api/media/file/split-vase-separate-300x200.jpg	split-vase-separate.jpg	image/jpeg	136073	2000	1333	50	50	/api/media/file/split-vase-separate-300x200.jpg	300	200	image/jpeg	4799	split-vase-separate-300x200.jpg	/api/media/file/split-vase-separate-500x500.jpg	500	500	image/jpeg	12431	split-vase-separate-500x500.jpg	/api/media/file/split-vase-separate-600x400.jpg	600	400	image/jpeg	11847	split-vase-separate-600x400.jpg	/api/media/file/split-vase-separate-900x600.jpg	900	600	image/jpeg	21004	split-vase-separate-900x600.jpg	/api/media/file/split-vase-separate-1400x933.jpg	1400	933	image/jpeg	40491	split-vase-separate-1400x933.jpg	/api/media/file/split-vase-separate-1920x1280.jpg	1920	1280	image/jpeg	65610	split-vase-separate-1920x1280.jpg	/api/media/file/split-vase-separate-1200x630.jpg	1200	630	image/jpeg	28938	split-vase-separate-1200x630.jpg	https://ik.imagekit.io/raygun/redletterclay/split-vase-separate.jpg
119	M-0009-GRN-thumb.jpg	\N	\N	2026-03-17 18:15:59.442+00	2026-03-17 18:15:58.975+00	/api/media/file/M-0009-GRN-thumb.jpg	/api/media/file/M-0009-GRN-thumb-300x300.jpg	M-0009-GRN-thumb.jpg	image/jpeg	123379	400	400	50	50	/api/media/file/M-0009-GRN-thumb-300x300.jpg	300	300	image/jpeg	10462	M-0009-GRN-thumb-300x300.jpg	\N	\N	\N	\N	\N	\N	\N	\N	\N	\N	\N	\N	\N	\N	\N	\N	\N	\N	\N	\N	\N	\N	\N	\N	\N	\N	\N	\N	\N	\N	\N	\N	\N	\N	\N	\N	https://ik.imagekit.io/raygun/redletterclay/M-0009-GRN-thumb.jpg
230	P-0003-BRN-01.jpg	\N	\N	2026-03-17 18:17:40.252+00	2026-03-17 18:17:39.28+00	/api/media/file/P-0003-BRN-01.jpg	/api/media/file/P-0003-BRN-01-300x225.jpg	P-0003-BRN-01.jpg	image/jpeg	445269	1820	1366	50	50	/api/media/file/P-0003-BRN-01-300x225.jpg	300	225	image/jpeg	5208	P-0003-BRN-01-300x225.jpg	/api/media/file/P-0003-BRN-01-500x500.jpg	500	500	image/jpeg	19206	P-0003-BRN-01-500x500.jpg	/api/media/file/P-0003-BRN-01-600x450.jpg	600	450	image/jpeg	16535	P-0003-BRN-01-600x450.jpg	/api/media/file/P-0003-BRN-01-900x675.jpg	900	675	image/jpeg	34458	P-0003-BRN-01-900x675.jpg	/api/media/file/P-0003-BRN-01-1400x1051.jpg	1400	1051	image/jpeg	74720	P-0003-BRN-01-1400x1051.jpg	\N	\N	\N	\N	\N	\N	/api/media/file/P-0003-BRN-01-1200x630.jpg	1200	630	image/jpeg	53004	P-0003-BRN-01-1200x630.jpg	https://ik.imagekit.io/raygun/redletterclay/P-0003-BRN-01.jpg
120	M-0009-GRN-01.jpg	\N	\N	2026-03-17 18:16:00.832+00	2026-03-17 18:15:59.599+00	/api/media/file/M-0009-GRN-01.jpg	/api/media/file/M-0009-GRN-01-300x225.jpg	M-0009-GRN-01.jpg	image/jpeg	549600	1820	1366	50	50	/api/media/file/M-0009-GRN-01-300x225.jpg	300	225	image/jpeg	6462	M-0009-GRN-01-300x225.jpg	/api/media/file/M-0009-GRN-01-500x500.jpg	500	500	image/jpeg	24889	M-0009-GRN-01-500x500.jpg	/api/media/file/M-0009-GRN-01-600x450.jpg	600	450	image/jpeg	21342	M-0009-GRN-01-600x450.jpg	/api/media/file/M-0009-GRN-01-900x675.jpg	900	675	image/jpeg	43432	M-0009-GRN-01-900x675.jpg	/api/media/file/M-0009-GRN-01-1400x1051.jpg	1400	1051	image/jpeg	91508	M-0009-GRN-01-1400x1051.jpg	\N	\N	\N	\N	\N	\N	/api/media/file/M-0009-GRN-01-1200x630.jpg	1200	630	image/jpeg	65617	M-0009-GRN-01-1200x630.jpg	https://ik.imagekit.io/raygun/redletterclay/M-0009-GRN-01.jpg
121	M-0009-GRN-02.jpg	\N	\N	2026-03-17 18:16:01.852+00	2026-03-17 18:16:01.014+00	/api/media/file/M-0009-GRN-02.jpg	/api/media/file/M-0009-GRN-02-300x225.jpg	M-0009-GRN-02.jpg	image/jpeg	529338	1820	1366	50	50	/api/media/file/M-0009-GRN-02-300x225.jpg	300	225	image/jpeg	5951	M-0009-GRN-02-300x225.jpg	/api/media/file/M-0009-GRN-02-500x500.jpg	500	500	image/jpeg	23221	M-0009-GRN-02-500x500.jpg	/api/media/file/M-0009-GRN-02-600x450.jpg	600	450	image/jpeg	19988	M-0009-GRN-02-600x450.jpg	/api/media/file/M-0009-GRN-02-900x675.jpg	900	675	image/jpeg	41083	M-0009-GRN-02-900x675.jpg	/api/media/file/M-0009-GRN-02-1400x1051.jpg	1400	1051	image/jpeg	87177	M-0009-GRN-02-1400x1051.jpg	\N	\N	\N	\N	\N	\N	/api/media/file/M-0009-GRN-02-1200x630.jpg	1200	630	image/jpeg	60540	M-0009-GRN-02-1200x630.jpg	https://ik.imagekit.io/raygun/redletterclay/M-0009-GRN-02.jpg
231	P-0003-BRN-02.jpg	\N	\N	2026-03-17 18:17:41.231+00	2026-03-17 18:17:40.434+00	/api/media/file/P-0003-BRN-02.jpg	/api/media/file/P-0003-BRN-02-300x225.jpg	P-0003-BRN-02.jpg	image/jpeg	364931	1820	1366	50	50	/api/media/file/P-0003-BRN-02-300x225.jpg	300	225	image/jpeg	4365	P-0003-BRN-02-300x225.jpg	/api/media/file/P-0003-BRN-02-500x500.jpg	500	500	image/jpeg	15857	P-0003-BRN-02-500x500.jpg	/api/media/file/P-0003-BRN-02-600x450.jpg	600	450	image/jpeg	13696	P-0003-BRN-02-600x450.jpg	/api/media/file/P-0003-BRN-02-900x675.jpg	900	675	image/jpeg	28498	P-0003-BRN-02-900x675.jpg	/api/media/file/P-0003-BRN-02-1400x1051.jpg	1400	1051	image/jpeg	62226	P-0003-BRN-02-1400x1051.jpg	\N	\N	\N	\N	\N	\N	/api/media/file/P-0003-BRN-02-1200x630.jpg	1200	630	image/jpeg	42574	P-0003-BRN-02-1200x630.jpg	https://ik.imagekit.io/raygun/redletterclay/P-0003-BRN-02.jpg
122	M-0009-GRN-03.jpg	\N	\N	2026-03-17 18:16:02.65+00	2026-03-17 18:16:02.024+00	/api/media/file/M-0009-GRN-03.jpg	/api/media/file/M-0009-GRN-03-300x225.jpg	M-0009-GRN-03.jpg	image/jpeg	609003	1820	1366	50	50	/api/media/file/M-0009-GRN-03-300x225.jpg	300	225	image/jpeg	7351	M-0009-GRN-03-300x225.jpg	/api/media/file/M-0009-GRN-03-500x500.jpg	500	500	image/jpeg	27632	M-0009-GRN-03-500x500.jpg	/api/media/file/M-0009-GRN-03-600x450.jpg	600	450	image/jpeg	23695	M-0009-GRN-03-600x450.jpg	/api/media/file/M-0009-GRN-03-900x675.jpg	900	675	image/jpeg	48430	M-0009-GRN-03-900x675.jpg	/api/media/file/M-0009-GRN-03-1400x1051.jpg	1400	1051	image/jpeg	102894	M-0009-GRN-03-1400x1051.jpg	\N	\N	\N	\N	\N	\N	/api/media/file/M-0009-GRN-03-1200x630.jpg	1200	630	image/jpeg	63928	M-0009-GRN-03-1200x630.jpg	https://ik.imagekit.io/raygun/redletterclay/M-0009-GRN-03.jpg
123	M-0009-GRN-04.jpg	\N	\N	2026-03-17 18:16:03.742+00	2026-03-17 18:16:02.805+00	/api/media/file/M-0009-GRN-04.jpg	/api/media/file/M-0009-GRN-04-300x225.jpg	M-0009-GRN-04.jpg	image/jpeg	740960	1820	1366	50	50	/api/media/file/M-0009-GRN-04-300x225.jpg	300	225	image/jpeg	8078	M-0009-GRN-04-300x225.jpg	/api/media/file/M-0009-GRN-04-500x500.jpg	500	500	image/jpeg	32547	M-0009-GRN-04-500x500.jpg	/api/media/file/M-0009-GRN-04-600x450.jpg	600	450	image/jpeg	27755	M-0009-GRN-04-600x450.jpg	/api/media/file/M-0009-GRN-04-900x675.jpg	900	675	image/jpeg	57183	M-0009-GRN-04-900x675.jpg	/api/media/file/M-0009-GRN-04-1400x1051.jpg	1400	1051	image/jpeg	120572	M-0009-GRN-04-1400x1051.jpg	\N	\N	\N	\N	\N	\N	/api/media/file/M-0009-GRN-04-1200x630.jpg	1200	630	image/jpeg	86097	M-0009-GRN-04-1200x630.jpg	https://ik.imagekit.io/raygun/redletterclay/M-0009-GRN-04.jpg
124	M-0010-GRN-thumb.jpg	\N	\N	2026-03-17 18:16:04.472+00	2026-03-17 18:16:03.786+00	/api/media/file/M-0010-GRN-thumb.jpg	/api/media/file/M-0010-GRN-thumb-300x300.jpg	M-0010-GRN-thumb.jpg	image/jpeg	113993	400	400	50	50	/api/media/file/M-0010-GRN-thumb-300x300.jpg	300	300	image/jpeg	9788	M-0010-GRN-thumb-300x300.jpg	\N	\N	\N	\N	\N	\N	\N	\N	\N	\N	\N	\N	\N	\N	\N	\N	\N	\N	\N	\N	\N	\N	\N	\N	\N	\N	\N	\N	\N	\N	\N	\N	\N	\N	\N	\N	https://ik.imagekit.io/raygun/redletterclay/M-0010-GRN-thumb.jpg
125	M-0010-GRN-01.jpg	\N	\N	2026-03-17 18:16:05.524+00	2026-03-17 18:16:04.635+00	/api/media/file/M-0010-GRN-01.jpg	/api/media/file/M-0010-GRN-01-300x225.jpg	M-0010-GRN-01.jpg	image/jpeg	514973	1820	1366	50	50	/api/media/file/M-0010-GRN-01-300x225.jpg	300	225	image/jpeg	6294	M-0010-GRN-01-300x225.jpg	/api/media/file/M-0010-GRN-01-500x500.jpg	500	500	image/jpeg	23367	M-0010-GRN-01-500x500.jpg	/api/media/file/M-0010-GRN-01-600x450.jpg	600	450	image/jpeg	20157	M-0010-GRN-01-600x450.jpg	/api/media/file/M-0010-GRN-01-900x675.jpg	900	675	image/jpeg	40486	M-0010-GRN-01-900x675.jpg	/api/media/file/M-0010-GRN-01-1400x1051.jpg	1400	1051	image/jpeg	84647	M-0010-GRN-01-1400x1051.jpg	\N	\N	\N	\N	\N	\N	/api/media/file/M-0010-GRN-01-1200x630.jpg	1200	630	image/jpeg	62211	M-0010-GRN-01-1200x630.jpg	https://ik.imagekit.io/raygun/redletterclay/M-0010-GRN-01.jpg
126	M-0010-GRN-02.jpg	\N	\N	2026-03-17 18:16:06.601+00	2026-03-17 18:16:05.735+00	/api/media/file/M-0010-GRN-02.jpg	/api/media/file/M-0010-GRN-02-300x225.jpg	M-0010-GRN-02.jpg	image/jpeg	528700	1820	1366	50	50	/api/media/file/M-0010-GRN-02-300x225.jpg	300	225	image/jpeg	6569	M-0010-GRN-02-300x225.jpg	/api/media/file/M-0010-GRN-02-500x500.jpg	500	500	image/jpeg	24918	M-0010-GRN-02-500x500.jpg	/api/media/file/M-0010-GRN-02-600x450.jpg	600	450	image/jpeg	21503	M-0010-GRN-02-600x450.jpg	/api/media/file/M-0010-GRN-02-900x675.jpg	900	675	image/jpeg	42806	M-0010-GRN-02-900x675.jpg	/api/media/file/M-0010-GRN-02-1400x1051.jpg	1400	1051	image/jpeg	86635	M-0010-GRN-02-1400x1051.jpg	\N	\N	\N	\N	\N	\N	/api/media/file/M-0010-GRN-02-1200x630.jpg	1200	630	image/jpeg	60055	M-0010-GRN-02-1200x630.jpg	https://ik.imagekit.io/raygun/redletterclay/M-0010-GRN-02.jpg
401	\N	\N	\N	2026-03-19 01:27:30.838+00	2026-03-19 01:27:30.167+00	/api/media/file/T-0009-WHT-thumb.jpg	\N	T-0009-WHT-thumb.jpg	image/jpeg	78004	400	400	50	50	/api/media/file/T-0009-WHT-thumb-300x300.jpg	300	300	image/jpeg	7325	T-0009-WHT-thumb-300x300.jpg	\N	\N	\N	\N	\N	\N	\N	\N	\N	\N	\N	\N	\N	\N	\N	\N	\N	\N	\N	\N	\N	\N	\N	\N	\N	\N	\N	\N	\N	\N	\N	\N	\N	\N	\N	\N	https://ik.imagekit.io/raygun/redletterclay/T-0009-WHT-thumb.jpg
127	M-0010-GRN-03.jpg	\N	\N	2026-03-17 18:16:07.834+00	2026-03-17 18:16:06.853+00	/api/media/file/M-0010-GRN-03.jpg	/api/media/file/M-0010-GRN-03-300x225.jpg	M-0010-GRN-03.jpg	image/jpeg	538212	1820	1366	50	50	/api/media/file/M-0010-GRN-03-300x225.jpg	300	225	image/jpeg	6908	M-0010-GRN-03-300x225.jpg	/api/media/file/M-0010-GRN-03-500x500.jpg	500	500	image/jpeg	25165	M-0010-GRN-03-500x500.jpg	/api/media/file/M-0010-GRN-03-600x450.jpg	600	450	image/jpeg	21758	M-0010-GRN-03-600x450.jpg	/api/media/file/M-0010-GRN-03-900x675.jpg	900	675	image/jpeg	43595	M-0010-GRN-03-900x675.jpg	/api/media/file/M-0010-GRN-03-1400x1051.jpg	1400	1051	image/jpeg	90446	M-0010-GRN-03-1400x1051.jpg	\N	\N	\N	\N	\N	\N	/api/media/file/M-0010-GRN-03-1200x630.jpg	1200	630	image/jpeg	63003	M-0010-GRN-03-1200x630.jpg	https://ik.imagekit.io/raygun/redletterclay/M-0010-GRN-03.jpg
128	M-0010-GRN-04.jpg	\N	\N	2026-03-17 18:16:09.024+00	2026-03-17 18:16:08.108+00	/api/media/file/M-0010-GRN-04.jpg	/api/media/file/M-0010-GRN-04-300x225.jpg	M-0010-GRN-04.jpg	image/jpeg	811519	1820	1366	50	50	/api/media/file/M-0010-GRN-04-300x225.jpg	300	225	image/jpeg	8987	M-0010-GRN-04-300x225.jpg	/api/media/file/M-0010-GRN-04-500x500.jpg	500	500	image/jpeg	35856	M-0010-GRN-04-500x500.jpg	/api/media/file/M-0010-GRN-04-600x450.jpg	600	450	image/jpeg	30632	M-0010-GRN-04-600x450.jpg	/api/media/file/M-0010-GRN-04-900x675.jpg	900	675	image/jpeg	63003	M-0010-GRN-04-900x675.jpg	/api/media/file/M-0010-GRN-04-1400x1051.jpg	1400	1051	image/jpeg	131872	M-0010-GRN-04-1400x1051.jpg	\N	\N	\N	\N	\N	\N	/api/media/file/M-0010-GRN-04-1200x630.jpg	1200	630	image/jpeg	93687	M-0010-GRN-04-1200x630.jpg	https://ik.imagekit.io/raygun/redletterclay/M-0010-GRN-04.jpg
129	M-0011-BLU-thumb.jpg	\N	\N	2026-03-17 18:16:09.764+00	2026-03-17 18:16:09.08+00	/api/media/file/M-0011-BLU-thumb.jpg	/api/media/file/M-0011-BLU-thumb-300x300.jpg	M-0011-BLU-thumb.jpg	image/jpeg	133158	400	400	50	50	/api/media/file/M-0011-BLU-thumb-300x300.jpg	300	300	image/jpeg	10677	M-0011-BLU-thumb-300x300.jpg	\N	\N	\N	\N	\N	\N	\N	\N	\N	\N	\N	\N	\N	\N	\N	\N	\N	\N	\N	\N	\N	\N	\N	\N	\N	\N	\N	\N	\N	\N	\N	\N	\N	\N	\N	\N	https://ik.imagekit.io/raygun/redletterclay/M-0011-BLU-thumb.jpg
130	M-0011-BLU-01.jpg	\N	\N	2026-03-17 18:16:10.644+00	2026-03-17 18:16:09.914+00	/api/media/file/M-0011-BLU-01.jpg	/api/media/file/M-0011-BLU-01-300x225.jpg	M-0011-BLU-01.jpg	image/jpeg	582132	1820	1366	50	50	/api/media/file/M-0011-BLU-01-300x225.jpg	300	225	image/jpeg	6207	M-0011-BLU-01-300x225.jpg	/api/media/file/M-0011-BLU-01-500x500.jpg	500	500	image/jpeg	24990	M-0011-BLU-01-500x500.jpg	/api/media/file/M-0011-BLU-01-600x450.jpg	600	450	image/jpeg	21337	M-0011-BLU-01-600x450.jpg	/api/media/file/M-0011-BLU-01-900x675.jpg	900	675	image/jpeg	44706	M-0011-BLU-01-900x675.jpg	/api/media/file/M-0011-BLU-01-1400x1051.jpg	1400	1051	image/jpeg	95448	M-0011-BLU-01-1400x1051.jpg	\N	\N	\N	\N	\N	\N	/api/media/file/M-0011-BLU-01-1200x630.jpg	1200	630	image/jpeg	67371	M-0011-BLU-01-1200x630.jpg	https://ik.imagekit.io/raygun/redletterclay/M-0011-BLU-01.jpg
131	M-0011-BLU-02.jpg	\N	\N	2026-03-17 18:16:11.574+00	2026-03-17 18:16:10.806+00	/api/media/file/M-0011-BLU-02.jpg	/api/media/file/M-0011-BLU-02-300x225.jpg	M-0011-BLU-02.jpg	image/jpeg	560098	1820	1366	50	50	/api/media/file/M-0011-BLU-02-300x225.jpg	300	225	image/jpeg	5922	M-0011-BLU-02-300x225.jpg	/api/media/file/M-0011-BLU-02-500x500.jpg	500	500	image/jpeg	23948	M-0011-BLU-02-500x500.jpg	/api/media/file/M-0011-BLU-02-600x450.jpg	600	450	image/jpeg	20446	M-0011-BLU-02-600x450.jpg	/api/media/file/M-0011-BLU-02-900x675.jpg	900	675	image/jpeg	43003	M-0011-BLU-02-900x675.jpg	/api/media/file/M-0011-BLU-02-1400x1051.jpg	1400	1051	image/jpeg	92119	M-0011-BLU-02-1400x1051.jpg	\N	\N	\N	\N	\N	\N	/api/media/file/M-0011-BLU-02-1200x630.jpg	1200	630	image/jpeg	64744	M-0011-BLU-02-1200x630.jpg	https://ik.imagekit.io/raygun/redletterclay/M-0011-BLU-02.jpg
132	M-0011-BLU-03.jpg	\N	\N	2026-03-17 18:16:12.403+00	2026-03-17 18:16:11.744+00	/api/media/file/M-0011-BLU-03.jpg	/api/media/file/M-0011-BLU-03-300x225.jpg	M-0011-BLU-03.jpg	image/jpeg	649869	1820	1366	50	50	/api/media/file/M-0011-BLU-03-300x225.jpg	300	225	image/jpeg	7426	M-0011-BLU-03-300x225.jpg	/api/media/file/M-0011-BLU-03-500x500.jpg	500	500	image/jpeg	28395	M-0011-BLU-03-500x500.jpg	/api/media/file/M-0011-BLU-03-600x450.jpg	600	450	image/jpeg	24291	M-0011-BLU-03-600x450.jpg	/api/media/file/M-0011-BLU-03-900x675.jpg	900	675	image/jpeg	50056	M-0011-BLU-03-900x675.jpg	/api/media/file/M-0011-BLU-03-1400x1051.jpg	1400	1051	image/jpeg	106937	M-0011-BLU-03-1400x1051.jpg	\N	\N	\N	\N	\N	\N	/api/media/file/M-0011-BLU-03-1200x630.jpg	1200	630	image/jpeg	67634	M-0011-BLU-03-1200x630.jpg	https://ik.imagekit.io/raygun/redletterclay/M-0011-BLU-03.jpg
232	P-0003-BRN-03.jpg	\N	\N	2026-03-17 18:17:42.246+00	2026-03-17 18:17:41.418+00	/api/media/file/P-0003-BRN-03.jpg	/api/media/file/P-0003-BRN-03-300x225.jpg	P-0003-BRN-03.jpg	image/jpeg	390857	1820	1366	50	50	/api/media/file/P-0003-BRN-03-300x225.jpg	300	225	image/jpeg	5030	P-0003-BRN-03-300x225.jpg	/api/media/file/P-0003-BRN-03-500x500.jpg	500	500	image/jpeg	17478	P-0003-BRN-03-500x500.jpg	/api/media/file/P-0003-BRN-03-600x450.jpg	600	450	image/jpeg	15226	P-0003-BRN-03-600x450.jpg	/api/media/file/P-0003-BRN-03-900x675.jpg	900	675	image/jpeg	30317	P-0003-BRN-03-900x675.jpg	/api/media/file/P-0003-BRN-03-1400x1051.jpg	1400	1051	image/jpeg	62849	P-0003-BRN-03-1400x1051.jpg	\N	\N	\N	\N	\N	\N	/api/media/file/P-0003-BRN-03-1200x630.jpg	1200	630	image/jpeg	45582	P-0003-BRN-03-1200x630.jpg	https://ik.imagekit.io/raygun/redletterclay/P-0003-BRN-03.jpg
133	M-0011-BLU-04.jpg	\N	\N	2026-03-17 18:16:13.386+00	2026-03-17 18:16:12.573+00	/api/media/file/M-0011-BLU-04.jpg	/api/media/file/M-0011-BLU-04-300x225.jpg	M-0011-BLU-04.jpg	image/jpeg	689400	1820	1366	50	50	/api/media/file/M-0011-BLU-04-300x225.jpg	300	225	image/jpeg	7586	M-0011-BLU-04-300x225.jpg	/api/media/file/M-0011-BLU-04-500x500.jpg	500	500	image/jpeg	31060	M-0011-BLU-04-500x500.jpg	/api/media/file/M-0011-BLU-04-600x450.jpg	600	450	image/jpeg	26581	M-0011-BLU-04-600x450.jpg	/api/media/file/M-0011-BLU-04-900x675.jpg	900	675	image/jpeg	54262	M-0011-BLU-04-900x675.jpg	/api/media/file/M-0011-BLU-04-1400x1051.jpg	1400	1051	image/jpeg	110581	M-0011-BLU-04-1400x1051.jpg	\N	\N	\N	\N	\N	\N	/api/media/file/M-0011-BLU-04-1200x630.jpg	1200	630	image/jpeg	81795	M-0011-BLU-04-1200x630.jpg	https://ik.imagekit.io/raygun/redletterclay/M-0011-BLU-04.jpg
338	planter-blue.jpg	\N	\N	2026-03-17 18:19:34.744+00	2026-03-17 18:19:34.076+00	/api/media/file/planter-blue.jpg	/api/media/file/planter-blue-300x200.jpg	planter-blue.jpg	image/jpeg	316400	2000	1333	50	50	/api/media/file/planter-blue-300x200.jpg	300	200	image/jpeg	4722	planter-blue-300x200.jpg	/api/media/file/planter-blue-500x500.jpg	500	500	image/jpeg	22285	planter-blue-500x500.jpg	/api/media/file/planter-blue-600x400.jpg	600	400	image/jpeg	15729	planter-blue-600x400.jpg	/api/media/file/planter-blue-900x600.jpg	900	600	image/jpeg	32658	planter-blue-900x600.jpg	/api/media/file/planter-blue-1400x933.jpg	1400	933	image/jpeg	70818	planter-blue-1400x933.jpg	/api/media/file/planter-blue-1920x1280.jpg	1920	1280	image/jpeg	118519	planter-blue-1920x1280.jpg	/api/media/file/planter-blue-1200x630.jpg	1200	630	image/jpeg	51238	planter-blue-1200x630.jpg	https://ik.imagekit.io/raygun/redletterclay/planter-blue.jpg
134	M-0012-BRN-thumb.jpg	\N	\N	2026-03-17 18:16:13.912+00	2026-03-17 18:16:13.457+00	/api/media/file/M-0012-BRN-thumb.jpg	/api/media/file/M-0012-BRN-thumb-300x300.jpg	M-0012-BRN-thumb.jpg	image/jpeg	117484	400	400	50	50	/api/media/file/M-0012-BRN-thumb-300x300.jpg	300	300	image/jpeg	10726	M-0012-BRN-thumb-300x300.jpg	\N	\N	\N	\N	\N	\N	\N	\N	\N	\N	\N	\N	\N	\N	\N	\N	\N	\N	\N	\N	\N	\N	\N	\N	\N	\N	\N	\N	\N	\N	\N	\N	\N	\N	\N	\N	https://ik.imagekit.io/raygun/redletterclay/M-0012-BRN-thumb.jpg
233	P-0005-COP-thumb.jpg	\N	\N	2026-03-17 18:17:42.895+00	2026-03-17 18:17:42.299+00	/api/media/file/P-0005-COP-thumb.jpg	/api/media/file/P-0005-COP-thumb-300x300.jpg	P-0005-COP-thumb.jpg	image/jpeg	46909	400	400	50	50	/api/media/file/P-0005-COP-thumb-300x300.jpg	300	300	image/jpeg	5261	P-0005-COP-thumb-300x300.jpg	\N	\N	\N	\N	\N	\N	\N	\N	\N	\N	\N	\N	\N	\N	\N	\N	\N	\N	\N	\N	\N	\N	\N	\N	\N	\N	\N	\N	\N	\N	\N	\N	\N	\N	\N	\N	https://ik.imagekit.io/raygun/redletterclay/P-0005-COP-thumb.jpg
135	M-0012-BRN-01.jpg	\N	\N	2026-03-17 18:16:14.96+00	2026-03-17 18:16:14.087+00	/api/media/file/M-0012-BRN-01.jpg	/api/media/file/M-0012-BRN-01-300x225.jpg	M-0012-BRN-01.jpg	image/jpeg	451478	1820	1366	50	50	/api/media/file/M-0012-BRN-01-300x225.jpg	300	225	image/jpeg	6108	M-0012-BRN-01-300x225.jpg	/api/media/file/M-0012-BRN-01-500x500.jpg	500	500	image/jpeg	21437	M-0012-BRN-01-500x500.jpg	/api/media/file/M-0012-BRN-01-600x450.jpg	600	450	image/jpeg	18770	M-0012-BRN-01-600x450.jpg	/api/media/file/M-0012-BRN-01-900x675.jpg	900	675	image/jpeg	36968	M-0012-BRN-01-900x675.jpg	/api/media/file/M-0012-BRN-01-1400x1051.jpg	1400	1051	image/jpeg	76114	M-0012-BRN-01-1400x1051.jpg	\N	\N	\N	\N	\N	\N	/api/media/file/M-0012-BRN-01-1200x630.jpg	1200	630	image/jpeg	54580	M-0012-BRN-01-1200x630.jpg	https://ik.imagekit.io/raygun/redletterclay/M-0012-BRN-01.jpg
136	M-0012-BRN-02.jpg	\N	\N	2026-03-17 18:16:16.005+00	2026-03-17 18:16:15.138+00	/api/media/file/M-0012-BRN-02.jpg	/api/media/file/M-0012-BRN-02-300x225.jpg	M-0012-BRN-02.jpg	image/jpeg	449342	1820	1366	50	50	/api/media/file/M-0012-BRN-02-300x225.jpg	300	225	image/jpeg	5632	M-0012-BRN-02-300x225.jpg	/api/media/file/M-0012-BRN-02-500x500.jpg	500	500	image/jpeg	20900	M-0012-BRN-02-500x500.jpg	/api/media/file/M-0012-BRN-02-600x450.jpg	600	450	image/jpeg	17933	M-0012-BRN-02-600x450.jpg	/api/media/file/M-0012-BRN-02-900x675.jpg	900	675	image/jpeg	36189	M-0012-BRN-02-900x675.jpg	/api/media/file/M-0012-BRN-02-1400x1051.jpg	1400	1051	image/jpeg	76121	M-0012-BRN-02-1400x1051.jpg	\N	\N	\N	\N	\N	\N	/api/media/file/M-0012-BRN-02-1200x630.jpg	1200	630	image/jpeg	53160	M-0012-BRN-02-1200x630.jpg	https://ik.imagekit.io/raygun/redletterclay/M-0012-BRN-02.jpg
234	P-0005-COP-01.jpg	\N	\N	2026-03-17 18:17:43.775+00	2026-03-17 18:17:43.078+00	/api/media/file/P-0005-COP-01.jpg	/api/media/file/P-0005-COP-01-300x225.jpg	P-0005-COP-01.jpg	image/jpeg	211007	1820	1366	50	50	/api/media/file/P-0005-COP-01-300x225.jpg	300	225	image/jpeg	3964	P-0005-COP-01-300x225.jpg	/api/media/file/P-0005-COP-01-500x500.jpg	500	500	image/jpeg	11425	P-0005-COP-01-500x500.jpg	/api/media/file/P-0005-COP-01-600x450.jpg	600	450	image/jpeg	10388	P-0005-COP-01-600x450.jpg	/api/media/file/P-0005-COP-01-900x675.jpg	900	675	image/jpeg	18588	P-0005-COP-01-900x675.jpg	/api/media/file/P-0005-COP-01-1400x1051.jpg	1400	1051	image/jpeg	35585	P-0005-COP-01-1400x1051.jpg	\N	\N	\N	\N	\N	\N	/api/media/file/P-0005-COP-01-1200x630.jpg	1200	630	image/jpeg	23655	P-0005-COP-01-1200x630.jpg	https://ik.imagekit.io/raygun/redletterclay/P-0005-COP-01.jpg
137	M-0012-BRN-03.jpg	\N	\N	2026-03-17 18:16:16.763+00	2026-03-17 18:16:16.173+00	/api/media/file/M-0012-BRN-03.jpg	/api/media/file/M-0012-BRN-03-300x225.jpg	M-0012-BRN-03.jpg	image/jpeg	572351	1820	1366	50	50	/api/media/file/M-0012-BRN-03-300x225.jpg	300	225	image/jpeg	7422	M-0012-BRN-03-300x225.jpg	/api/media/file/M-0012-BRN-03-500x500.jpg	500	500	image/jpeg	25973	M-0012-BRN-03-500x500.jpg	/api/media/file/M-0012-BRN-03-600x450.jpg	600	450	image/jpeg	22416	M-0012-BRN-03-600x450.jpg	/api/media/file/M-0012-BRN-03-900x675.jpg	900	675	image/jpeg	44716	M-0012-BRN-03-900x675.jpg	/api/media/file/M-0012-BRN-03-1400x1051.jpg	1400	1051	image/jpeg	94529	M-0012-BRN-03-1400x1051.jpg	\N	\N	\N	\N	\N	\N	/api/media/file/M-0012-BRN-03-1200x630.jpg	1200	630	image/jpeg	61092	M-0012-BRN-03-1200x630.jpg	https://ik.imagekit.io/raygun/redletterclay/M-0012-BRN-03.jpg
138	M-0012-BRN-04.jpg	\N	\N	2026-03-17 18:16:17.988+00	2026-03-17 18:16:16.953+00	/api/media/file/M-0012-BRN-04.jpg	/api/media/file/M-0012-BRN-04-300x225.jpg	M-0012-BRN-04.jpg	image/jpeg	644757	1820	1366	50	50	/api/media/file/M-0012-BRN-04-300x225.jpg	300	225	image/jpeg	8218	M-0012-BRN-04-300x225.jpg	/api/media/file/M-0012-BRN-04-500x500.jpg	500	500	image/jpeg	30143	M-0012-BRN-04-500x500.jpg	/api/media/file/M-0012-BRN-04-600x450.jpg	600	450	image/jpeg	26032	M-0012-BRN-04-600x450.jpg	/api/media/file/M-0012-BRN-04-900x675.jpg	900	675	image/jpeg	51955	M-0012-BRN-04-900x675.jpg	/api/media/file/M-0012-BRN-04-1400x1051.jpg	1400	1051	image/jpeg	107209	M-0012-BRN-04-1400x1051.jpg	\N	\N	\N	\N	\N	\N	/api/media/file/M-0012-BRN-04-1200x630.jpg	1200	630	image/jpeg	77882	M-0012-BRN-04-1200x630.jpg	https://ik.imagekit.io/raygun/redletterclay/M-0012-BRN-04.jpg
139	M-0013-COP-thumb.jpg	\N	\N	2026-03-17 18:16:18.631+00	2026-03-17 18:16:18.105+00	/api/media/file/M-0013-COP-thumb.jpg	/api/media/file/M-0013-COP-thumb-300x300.jpg	M-0013-COP-thumb.jpg	image/jpeg	123671	400	400	50	50	/api/media/file/M-0013-COP-thumb-300x300.jpg	300	300	image/jpeg	11804	M-0013-COP-thumb-300x300.jpg	\N	\N	\N	\N	\N	\N	\N	\N	\N	\N	\N	\N	\N	\N	\N	\N	\N	\N	\N	\N	\N	\N	\N	\N	\N	\N	\N	\N	\N	\N	\N	\N	\N	\N	\N	\N	https://ik.imagekit.io/raygun/redletterclay/M-0013-COP-thumb.jpg
140	M-0013-COP-01.jpg	\N	\N	2026-03-17 18:16:19.737+00	2026-03-17 18:16:18.816+00	/api/media/file/M-0013-COP-01.jpg	/api/media/file/M-0013-COP-01-300x225.jpg	M-0013-COP-01.jpg	image/jpeg	524122	1820	1366	50	50	/api/media/file/M-0013-COP-01-300x225.jpg	300	225	image/jpeg	7513	M-0013-COP-01-300x225.jpg	/api/media/file/M-0013-COP-01-500x500.jpg	500	500	image/jpeg	26076	M-0013-COP-01-500x500.jpg	/api/media/file/M-0013-COP-01-600x450.jpg	600	450	image/jpeg	22743	M-0013-COP-01-600x450.jpg	/api/media/file/M-0013-COP-01-900x675.jpg	900	675	image/jpeg	43738	M-0013-COP-01-900x675.jpg	/api/media/file/M-0013-COP-01-1400x1051.jpg	1400	1051	image/jpeg	88145	M-0013-COP-01-1400x1051.jpg	\N	\N	\N	\N	\N	\N	/api/media/file/M-0013-COP-01-1200x630.jpg	1200	630	image/jpeg	63815	M-0013-COP-01-1200x630.jpg	https://ik.imagekit.io/raygun/redletterclay/M-0013-COP-01.jpg
405	\N	\N	\N	2026-03-19 01:42:13.209+00	2026-03-19 01:42:12.399+00	/api/media/file/PL-0001-BLU-thumb.jpg	\N	PL-0001-BLU-thumb.jpg	image/jpeg	98260	400	400	50	50	/api/media/file/PL-0001-BLU-thumb-300x300.jpg	300	300	image/jpeg	8294	PL-0001-BLU-thumb-300x300.jpg	\N	\N	\N	\N	\N	\N	\N	\N	\N	\N	\N	\N	\N	\N	\N	\N	\N	\N	\N	\N	\N	\N	\N	\N	\N	\N	\N	\N	\N	\N	\N	\N	\N	\N	\N	\N	https://ik.imagekit.io/raygun/redletterclay/PL-0001-BLU-thumb.jpg
141	M-0013-COP-02.jpg	\N	\N	2026-03-17 18:16:20.503+00	2026-03-17 18:16:19.923+00	/api/media/file/M-0013-COP-02.jpg	/api/media/file/M-0013-COP-02-300x225.jpg	M-0013-COP-02.jpg	image/jpeg	436317	1820	1366	50	50	/api/media/file/M-0013-COP-02-300x225.jpg	300	225	image/jpeg	6222	M-0013-COP-02-300x225.jpg	/api/media/file/M-0013-COP-02-500x500.jpg	500	500	image/jpeg	21400	M-0013-COP-02-500x500.jpg	/api/media/file/M-0013-COP-02-600x450.jpg	600	450	image/jpeg	18708	M-0013-COP-02-600x450.jpg	/api/media/file/M-0013-COP-02-900x675.jpg	900	675	image/jpeg	36045	M-0013-COP-02-900x675.jpg	/api/media/file/M-0013-COP-02-1400x1051.jpg	1400	1051	image/jpeg	73558	M-0013-COP-02-1400x1051.jpg	\N	\N	\N	\N	\N	\N	/api/media/file/M-0013-COP-02-1200x630.jpg	1200	630	image/jpeg	54113	M-0013-COP-02-1200x630.jpg	https://ik.imagekit.io/raygun/redletterclay/M-0013-COP-02.jpg
142	M-0013-COP-03.jpg	\N	\N	2026-03-17 18:16:21.294+00	2026-03-17 18:16:20.684+00	/api/media/file/M-0013-COP-03.jpg	/api/media/file/M-0013-COP-03-300x225.jpg	M-0013-COP-03.jpg	image/jpeg	443669	1820	1366	50	50	/api/media/file/M-0013-COP-03-300x225.jpg	300	225	image/jpeg	6217	M-0013-COP-03-300x225.jpg	/api/media/file/M-0013-COP-03-500x500.jpg	500	500	image/jpeg	22574	M-0013-COP-03-500x500.jpg	/api/media/file/M-0013-COP-03-600x450.jpg	600	450	image/jpeg	19720	M-0013-COP-03-600x450.jpg	/api/media/file/M-0013-COP-03-900x675.jpg	900	675	image/jpeg	37929	M-0013-COP-03-900x675.jpg	/api/media/file/M-0013-COP-03-1400x1051.jpg	1400	1051	image/jpeg	76246	M-0013-COP-03-1400x1051.jpg	\N	\N	\N	\N	\N	\N	/api/media/file/M-0013-COP-03-1200x630.jpg	1200	630	image/jpeg	53714	M-0013-COP-03-1200x630.jpg	https://ik.imagekit.io/raygun/redletterclay/M-0013-COP-03.jpg
143	M-0013-COP-04.jpg	\N	\N	2026-03-17 18:16:22.373+00	2026-03-17 18:16:21.457+00	/api/media/file/M-0013-COP-04.jpg	/api/media/file/M-0013-COP-04-300x225.jpg	M-0013-COP-04.jpg	image/jpeg	530135	1820	1366	50	50	/api/media/file/M-0013-COP-04-300x225.jpg	300	225	image/jpeg	7771	M-0013-COP-04-300x225.jpg	/api/media/file/M-0013-COP-04-500x500.jpg	500	500	image/jpeg	26962	M-0013-COP-04-500x500.jpg	/api/media/file/M-0013-COP-04-600x450.jpg	600	450	image/jpeg	23553	M-0013-COP-04-600x450.jpg	/api/media/file/M-0013-COP-04-900x675.jpg	900	675	image/jpeg	44682	M-0013-COP-04-900x675.jpg	/api/media/file/M-0013-COP-04-1400x1051.jpg	1400	1051	image/jpeg	87585	M-0013-COP-04-1400x1051.jpg	\N	\N	\N	\N	\N	\N	/api/media/file/M-0013-COP-04-1200x630.jpg	1200	630	image/jpeg	65588	M-0013-COP-04-1200x630.jpg	https://ik.imagekit.io/raygun/redletterclay/M-0013-COP-04.jpg
144	M-0014-GRN-thumb.jpg	\N	\N	2026-03-17 18:16:22.849+00	2026-03-17 18:16:22.426+00	/api/media/file/M-0014-GRN-thumb.jpg	/api/media/file/M-0014-GRN-thumb-300x300.jpg	M-0014-GRN-thumb.jpg	image/jpeg	106543	400	400	50	50	/api/media/file/M-0014-GRN-thumb-300x300.jpg	300	300	image/jpeg	9945	M-0014-GRN-thumb-300x300.jpg	\N	\N	\N	\N	\N	\N	\N	\N	\N	\N	\N	\N	\N	\N	\N	\N	\N	\N	\N	\N	\N	\N	\N	\N	\N	\N	\N	\N	\N	\N	\N	\N	\N	\N	\N	\N	https://ik.imagekit.io/raygun/redletterclay/M-0014-GRN-thumb.jpg
145	M-0014-GRN-01.jpg	\N	\N	2026-03-17 18:16:23.727+00	2026-03-17 18:16:23.025+00	/api/media/file/M-0014-GRN-01.jpg	/api/media/file/M-0014-GRN-01-300x225.jpg	M-0014-GRN-01.jpg	image/jpeg	562948	1820	1366	50	50	/api/media/file/M-0014-GRN-01-300x225.jpg	300	225	image/jpeg	6926	M-0014-GRN-01-300x225.jpg	/api/media/file/M-0014-GRN-01-500x500.jpg	500	500	image/jpeg	26168	M-0014-GRN-01-500x500.jpg	/api/media/file/M-0014-GRN-01-600x450.jpg	600	450	image/jpeg	22534	M-0014-GRN-01-600x450.jpg	/api/media/file/M-0014-GRN-01-900x675.jpg	900	675	image/jpeg	45701	M-0014-GRN-01-900x675.jpg	/api/media/file/M-0014-GRN-01-1400x1051.jpg	1400	1051	image/jpeg	96724	M-0014-GRN-01-1400x1051.jpg	\N	\N	\N	\N	\N	\N	/api/media/file/M-0014-GRN-01-1200x630.jpg	1200	630	image/jpeg	70258	M-0014-GRN-01-1200x630.jpg	https://ik.imagekit.io/raygun/redletterclay/M-0014-GRN-01.jpg
146	M-0014-GRN-02.jpg	\N	\N	2026-03-17 18:16:24.92+00	2026-03-17 18:16:24.134+00	/api/media/file/M-0014-GRN-02.jpg	/api/media/file/M-0014-GRN-02-300x225.jpg	M-0014-GRN-02.jpg	image/jpeg	503822	1820	1366	50	50	/api/media/file/M-0014-GRN-02-300x225.jpg	300	225	image/jpeg	5889	M-0014-GRN-02-300x225.jpg	/api/media/file/M-0014-GRN-02-500x500.jpg	500	500	image/jpeg	22777	M-0014-GRN-02-500x500.jpg	/api/media/file/M-0014-GRN-02-600x450.jpg	600	450	image/jpeg	19474	M-0014-GRN-02-600x450.jpg	/api/media/file/M-0014-GRN-02-900x675.jpg	900	675	image/jpeg	39984	M-0014-GRN-02-900x675.jpg	/api/media/file/M-0014-GRN-02-1400x1051.jpg	1400	1051	image/jpeg	84388	M-0014-GRN-02-1400x1051.jpg	\N	\N	\N	\N	\N	\N	/api/media/file/M-0014-GRN-02-1200x630.jpg	1200	630	image/jpeg	60800	M-0014-GRN-02-1200x630.jpg	https://ik.imagekit.io/raygun/redletterclay/M-0014-GRN-02.jpg
147	M-0014-GRN-03.jpg	\N	\N	2026-03-17 18:16:25.691+00	2026-03-17 18:16:25.131+00	/api/media/file/M-0014-GRN-03.jpg	/api/media/file/M-0014-GRN-03-300x225.jpg	M-0014-GRN-03.jpg	image/jpeg	555486	1820	1366	50	50	/api/media/file/M-0014-GRN-03-300x225.jpg	300	225	image/jpeg	7604	M-0014-GRN-03-300x225.jpg	/api/media/file/M-0014-GRN-03-500x500.jpg	500	500	image/jpeg	28037	M-0014-GRN-03-500x500.jpg	/api/media/file/M-0014-GRN-03-600x450.jpg	600	450	image/jpeg	24335	M-0014-GRN-03-600x450.jpg	/api/media/file/M-0014-GRN-03-900x675.jpg	900	675	image/jpeg	47446	M-0014-GRN-03-900x675.jpg	/api/media/file/M-0014-GRN-03-1400x1051.jpg	1400	1051	image/jpeg	95825	M-0014-GRN-03-1400x1051.jpg	\N	\N	\N	\N	\N	\N	/api/media/file/M-0014-GRN-03-1200x630.jpg	1200	630	image/jpeg	66406	M-0014-GRN-03-1200x630.jpg	https://ik.imagekit.io/raygun/redletterclay/M-0014-GRN-03.jpg
235	P-0005-COP-02.jpg	\N	\N	2026-03-17 18:17:44.696+00	2026-03-17 18:17:43.936+00	/api/media/file/P-0005-COP-02.jpg	/api/media/file/P-0005-COP-02-300x225.jpg	P-0005-COP-02.jpg	image/jpeg	188177	1820	1366	50	50	/api/media/file/P-0005-COP-02-300x225.jpg	300	225	image/jpeg	3317	P-0005-COP-02-300x225.jpg	/api/media/file/P-0005-COP-02-500x500.jpg	500	500	image/jpeg	9605	P-0005-COP-02-500x500.jpg	/api/media/file/P-0005-COP-02-600x450.jpg	600	450	image/jpeg	8688	P-0005-COP-02-600x450.jpg	/api/media/file/P-0005-COP-02-900x675.jpg	900	675	image/jpeg	15624	P-0005-COP-02-900x675.jpg	/api/media/file/P-0005-COP-02-1400x1051.jpg	1400	1051	image/jpeg	30402	P-0005-COP-02-1400x1051.jpg	\N	\N	\N	\N	\N	\N	/api/media/file/P-0005-COP-02-1200x630.jpg	1200	630	image/jpeg	19923	P-0005-COP-02-1200x630.jpg	https://ik.imagekit.io/raygun/redletterclay/P-0005-COP-02.jpg
148	M-0014-GRN-04.jpg	\N	\N	2026-03-17 18:16:26.531+00	2026-03-17 18:16:25.88+00	/api/media/file/M-0014-GRN-04.jpg	/api/media/file/M-0014-GRN-04-300x225.jpg	M-0014-GRN-04.jpg	image/jpeg	657651	1820	1366	50	50	/api/media/file/M-0014-GRN-04-300x225.jpg	300	225	image/jpeg	7611	M-0014-GRN-04-300x225.jpg	/api/media/file/M-0014-GRN-04-500x500.jpg	500	500	image/jpeg	30386	M-0014-GRN-04-500x500.jpg	/api/media/file/M-0014-GRN-04-600x450.jpg	600	450	image/jpeg	25927	M-0014-GRN-04-600x450.jpg	/api/media/file/M-0014-GRN-04-900x675.jpg	900	675	image/jpeg	53049	M-0014-GRN-04-900x675.jpg	/api/media/file/M-0014-GRN-04-1400x1051.jpg	1400	1051	image/jpeg	111731	M-0014-GRN-04-1400x1051.jpg	\N	\N	\N	\N	\N	\N	/api/media/file/M-0014-GRN-04-1200x630.jpg	1200	630	image/jpeg	82863	M-0014-GRN-04-1200x630.jpg	https://ik.imagekit.io/raygun/redletterclay/M-0014-GRN-04.jpg
339	square-vase.jpg	\N	\N	2026-03-17 18:19:35.892+00	2026-03-17 18:19:35.09+00	/api/media/file/square-vase.jpg	/api/media/file/square-vase-300x200.jpg	square-vase.jpg	image/jpeg	451233	2000	1333	50	50	/api/media/file/square-vase-300x200.jpg	300	200	image/jpeg	8421	square-vase-300x200.jpg	/api/media/file/square-vase-500x500.jpg	500	500	image/jpeg	42378	square-vase-500x500.jpg	/api/media/file/square-vase-600x400.jpg	600	400	image/jpeg	31539	square-vase-600x400.jpg	/api/media/file/square-vase-900x600.jpg	900	600	image/jpeg	71884	square-vase-900x600.jpg	/api/media/file/square-vase-1400x933.jpg	1400	933	image/jpeg	175319	square-vase-1400x933.jpg	/api/media/file/square-vase-1920x1280.jpg	1920	1280	image/jpeg	315589	square-vase-1920x1280.jpg	/api/media/file/square-vase-1200x630.jpg	1200	630	image/jpeg	114397	square-vase-1200x630.jpg	https://ik.imagekit.io/raygun/redletterclay/square-vase.jpg
149	M-0015-GRN-thumb.jpg	\N	\N	2026-03-17 18:16:26.844+00	2026-03-17 18:16:26.573+00	/api/media/file/M-0015-GRN-thumb.jpg	/api/media/file/M-0015-GRN-thumb-300x300.jpg	M-0015-GRN-thumb.jpg	image/jpeg	127729	400	400	50	50	/api/media/file/M-0015-GRN-thumb-300x300.jpg	300	300	image/jpeg	10390	M-0015-GRN-thumb-300x300.jpg	\N	\N	\N	\N	\N	\N	\N	\N	\N	\N	\N	\N	\N	\N	\N	\N	\N	\N	\N	\N	\N	\N	\N	\N	\N	\N	\N	\N	\N	\N	\N	\N	\N	\N	\N	\N	https://ik.imagekit.io/raygun/redletterclay/M-0015-GRN-thumb.jpg
236	P-0005-COP-03.jpg	\N	\N	2026-03-17 18:17:45.663+00	2026-03-17 18:17:44.857+00	/api/media/file/P-0005-COP-03.jpg	/api/media/file/P-0005-COP-03-300x225.jpg	P-0005-COP-03.jpg	image/jpeg	177968	1820	1366	50	50	/api/media/file/P-0005-COP-03-300x225.jpg	300	225	image/jpeg	2939	P-0005-COP-03-300x225.jpg	/api/media/file/P-0005-COP-03-500x500.jpg	500	500	image/jpeg	8324	P-0005-COP-03-500x500.jpg	/api/media/file/P-0005-COP-03-600x450.jpg	600	450	image/jpeg	7620	P-0005-COP-03-600x450.jpg	/api/media/file/P-0005-COP-03-900x675.jpg	900	675	image/jpeg	13752	P-0005-COP-03-900x675.jpg	/api/media/file/P-0005-COP-03-1400x1051.jpg	1400	1051	image/jpeg	25752	P-0005-COP-03-1400x1051.jpg	\N	\N	\N	\N	\N	\N	/api/media/file/P-0005-COP-03-1200x630.jpg	1200	630	image/jpeg	18877	P-0005-COP-03-1200x630.jpg	https://ik.imagekit.io/raygun/redletterclay/P-0005-COP-03.jpg
150	M-0015-GRN-01.jpg	\N	\N	2026-03-17 18:16:27.625+00	2026-03-17 18:16:27.024+00	/api/media/file/M-0015-GRN-01.jpg	/api/media/file/M-0015-GRN-01-300x225.jpg	M-0015-GRN-01.jpg	image/jpeg	583865	1820	1366	50	50	/api/media/file/M-0015-GRN-01-300x225.jpg	300	225	image/jpeg	6457	M-0015-GRN-01-300x225.jpg	/api/media/file/M-0015-GRN-01-500x500.jpg	500	500	image/jpeg	24802	M-0015-GRN-01-500x500.jpg	/api/media/file/M-0015-GRN-01-600x450.jpg	600	450	image/jpeg	21314	M-0015-GRN-01-600x450.jpg	/api/media/file/M-0015-GRN-01-900x675.jpg	900	675	image/jpeg	44118	M-0015-GRN-01-900x675.jpg	/api/media/file/M-0015-GRN-01-1400x1051.jpg	1400	1051	image/jpeg	94720	M-0015-GRN-01-1400x1051.jpg	\N	\N	\N	\N	\N	\N	/api/media/file/M-0015-GRN-01-1200x630.jpg	1200	630	image/jpeg	62651	M-0015-GRN-01-1200x630.jpg	https://ik.imagekit.io/raygun/redletterclay/M-0015-GRN-01.jpg
151	M-0015-GRN-02.jpg	\N	\N	2026-03-17 18:16:28.594+00	2026-03-17 18:16:27.866+00	/api/media/file/M-0015-GRN-02.jpg	/api/media/file/M-0015-GRN-02-300x225.jpg	M-0015-GRN-02.jpg	image/jpeg	570443	1820	1366	50	50	/api/media/file/M-0015-GRN-02-300x225.jpg	300	225	image/jpeg	6451	M-0015-GRN-02-300x225.jpg	/api/media/file/M-0015-GRN-02-500x500.jpg	500	500	image/jpeg	25527	M-0015-GRN-02-500x500.jpg	/api/media/file/M-0015-GRN-02-600x450.jpg	600	450	image/jpeg	21824	M-0015-GRN-02-600x450.jpg	/api/media/file/M-0015-GRN-02-900x675.jpg	900	675	image/jpeg	45082	M-0015-GRN-02-900x675.jpg	/api/media/file/M-0015-GRN-02-1400x1051.jpg	1400	1051	image/jpeg	95681	M-0015-GRN-02-1400x1051.jpg	\N	\N	\N	\N	\N	\N	/api/media/file/M-0015-GRN-02-1200x630.jpg	1200	630	image/jpeg	61899	M-0015-GRN-02-1200x630.jpg	https://ik.imagekit.io/raygun/redletterclay/M-0015-GRN-02.jpg
237	PNT-0001-GRN-thumb.jpg	\N	\N	2026-03-17 18:17:46.266+00	2026-03-17 18:17:45.715+00	/api/media/file/PNT-0001-GRN-thumb.jpg	/api/media/file/PNT-0001-GRN-thumb-300x300.jpg	PNT-0001-GRN-thumb.jpg	image/jpeg	102025	400	400	50	50	/api/media/file/PNT-0001-GRN-thumb-300x300.jpg	300	300	image/jpeg	10152	PNT-0001-GRN-thumb-300x300.jpg	\N	\N	\N	\N	\N	\N	\N	\N	\N	\N	\N	\N	\N	\N	\N	\N	\N	\N	\N	\N	\N	\N	\N	\N	\N	\N	\N	\N	\N	\N	\N	\N	\N	\N	\N	\N	https://ik.imagekit.io/raygun/redletterclay/PNT-0001-GRN-thumb.jpg
152	M-0015-GRN-03.jpg	\N	\N	2026-03-17 18:16:30.003+00	2026-03-17 18:16:28.756+00	/api/media/file/M-0015-GRN-03.jpg	/api/media/file/M-0015-GRN-03-300x225.jpg	M-0015-GRN-03.jpg	image/jpeg	693727	1820	1366	50	50	/api/media/file/M-0015-GRN-03-300x225.jpg	300	225	image/jpeg	7968	M-0015-GRN-03-300x225.jpg	/api/media/file/M-0015-GRN-03-500x500.jpg	500	500	image/jpeg	30217	M-0015-GRN-03-500x500.jpg	/api/media/file/M-0015-GRN-03-600x450.jpg	600	450	image/jpeg	25994	M-0015-GRN-03-600x450.jpg	/api/media/file/M-0015-GRN-03-900x675.jpg	900	675	image/jpeg	53238	M-0015-GRN-03-900x675.jpg	/api/media/file/M-0015-GRN-03-1400x1051.jpg	1400	1051	image/jpeg	113845	M-0015-GRN-03-1400x1051.jpg	\N	\N	\N	\N	\N	\N	/api/media/file/M-0015-GRN-03-1200x630.jpg	1200	630	image/jpeg	73559	M-0015-GRN-03-1200x630.jpg	https://ik.imagekit.io/raygun/redletterclay/M-0015-GRN-03.jpg
153	M-0015-GRN-04.jpg	\N	\N	2026-03-17 18:16:30.693+00	2026-03-17 18:16:30.223+00	/api/media/file/M-0015-GRN-04.jpg	/api/media/file/M-0015-GRN-04-300x225.jpg	M-0015-GRN-04.jpg	image/jpeg	779051	1820	1366	50	50	/api/media/file/M-0015-GRN-04-300x225.jpg	300	225	image/jpeg	8472	M-0015-GRN-04-300x225.jpg	/api/media/file/M-0015-GRN-04-500x500.jpg	500	500	image/jpeg	34090	M-0015-GRN-04-500x500.jpg	/api/media/file/M-0015-GRN-04-600x450.jpg	600	450	image/jpeg	29213	M-0015-GRN-04-600x450.jpg	/api/media/file/M-0015-GRN-04-900x675.jpg	900	675	image/jpeg	60453	M-0015-GRN-04-900x675.jpg	/api/media/file/M-0015-GRN-04-1400x1051.jpg	1400	1051	image/jpeg	128258	M-0015-GRN-04-1400x1051.jpg	\N	\N	\N	\N	\N	\N	/api/media/file/M-0015-GRN-04-1200x630.jpg	1200	630	image/jpeg	92831	M-0015-GRN-04-1200x630.jpg	https://ik.imagekit.io/raygun/redletterclay/M-0015-GRN-04.jpg
238	PNT-0001-GRN-01.jpg	\N	\N	2026-03-17 18:17:46.96+00	2026-03-17 18:17:46.443+00	/api/media/file/PNT-0001-GRN-01.jpg	/api/media/file/PNT-0001-GRN-01-300x225.jpg	PNT-0001-GRN-01.jpg	image/jpeg	336592	1820	1366	50	50	/api/media/file/PNT-0001-GRN-01-300x225.jpg	300	225	image/jpeg	8147	PNT-0001-GRN-01-300x225.jpg	/api/media/file/PNT-0001-GRN-01-500x500.jpg	500	500	image/jpeg	28723	PNT-0001-GRN-01-500x500.jpg	/api/media/file/PNT-0001-GRN-01-600x450.jpg	600	450	image/jpeg	24811	PNT-0001-GRN-01-600x450.jpg	/api/media/file/PNT-0001-GRN-01-900x675.jpg	900	675	image/jpeg	49341	PNT-0001-GRN-01-900x675.jpg	/api/media/file/PNT-0001-GRN-01-1400x1051.jpg	1400	1051	image/jpeg	104838	PNT-0001-GRN-01-1400x1051.jpg	\N	\N	\N	\N	\N	\N	/api/media/file/PNT-0001-GRN-01-1200x630.jpg	1200	630	image/jpeg	74548	PNT-0001-GRN-01-1200x630.jpg	https://ik.imagekit.io/raygun/redletterclay/PNT-0001-GRN-01.jpg
154	M-0016-WHT-thumb.jpg	\N	\N	2026-03-17 18:16:31.356+00	2026-03-17 18:16:30.743+00	/api/media/file/M-0016-WHT-thumb.jpg	/api/media/file/M-0016-WHT-thumb-300x300.jpg	M-0016-WHT-thumb.jpg	image/jpeg	128074	400	400	50	50	/api/media/file/M-0016-WHT-thumb-300x300.jpg	300	300	image/jpeg	11067	M-0016-WHT-thumb-300x300.jpg	\N	\N	\N	\N	\N	\N	\N	\N	\N	\N	\N	\N	\N	\N	\N	\N	\N	\N	\N	\N	\N	\N	\N	\N	\N	\N	\N	\N	\N	\N	\N	\N	\N	\N	\N	\N	https://ik.imagekit.io/raygun/redletterclay/M-0016-WHT-thumb.jpg
155	M-0016-WHT-01.jpg	\N	\N	2026-03-17 18:16:32.311+00	2026-03-17 18:16:31.72+00	/api/media/file/M-0016-WHT-01.jpg	/api/media/file/M-0016-WHT-01-300x225.jpg	M-0016-WHT-01.jpg	image/jpeg	442741	1820	1366	50	50	/api/media/file/M-0016-WHT-01-300x225.jpg	300	225	image/jpeg	6363	M-0016-WHT-01-300x225.jpg	/api/media/file/M-0016-WHT-01-500x500.jpg	500	500	image/jpeg	22327	M-0016-WHT-01-500x500.jpg	/api/media/file/M-0016-WHT-01-600x450.jpg	600	450	image/jpeg	19722	M-0016-WHT-01-600x450.jpg	/api/media/file/M-0016-WHT-01-900x675.jpg	900	675	image/jpeg	36872	M-0016-WHT-01-900x675.jpg	/api/media/file/M-0016-WHT-01-1400x1051.jpg	1400	1051	image/jpeg	72461	M-0016-WHT-01-1400x1051.jpg	\N	\N	\N	\N	\N	\N	/api/media/file/M-0016-WHT-01-1200x630.jpg	1200	630	image/jpeg	54587	M-0016-WHT-01-1200x630.jpg	https://ik.imagekit.io/raygun/redletterclay/M-0016-WHT-01.jpg
239	PNT-0001-GRN-02.jpg	\N	\N	2026-03-17 18:17:47.761+00	2026-03-17 18:17:47.176+00	/api/media/file/PNT-0001-GRN-02.jpg	/api/media/file/PNT-0001-GRN-02-300x225.jpg	PNT-0001-GRN-02.jpg	image/jpeg	821558	1820	1366	50	50	/api/media/file/PNT-0001-GRN-02-300x225.jpg	300	225	image/jpeg	9916	PNT-0001-GRN-02-300x225.jpg	/api/media/file/PNT-0001-GRN-02-500x500.jpg	500	500	image/jpeg	37115	PNT-0001-GRN-02-500x500.jpg	/api/media/file/PNT-0001-GRN-02-600x450.jpg	600	450	image/jpeg	32744	PNT-0001-GRN-02-600x450.jpg	/api/media/file/PNT-0001-GRN-02-900x675.jpg	900	675	image/jpeg	66969	PNT-0001-GRN-02-900x675.jpg	/api/media/file/PNT-0001-GRN-02-1400x1051.jpg	1400	1051	image/jpeg	141962	PNT-0001-GRN-02-1400x1051.jpg	\N	\N	\N	\N	\N	\N	/api/media/file/PNT-0001-GRN-02-1200x630.jpg	1200	630	image/jpeg	99529	PNT-0001-GRN-02-1200x630.jpg	https://ik.imagekit.io/raygun/redletterclay/PNT-0001-GRN-02.jpg
340	mug-pair.jpg	\N	\N	2026-03-17 18:19:37.407+00	2026-03-17 18:19:36.117+00	/api/media/file/mug-pair.jpg	/api/media/file/mug-pair-300x200.jpg	mug-pair.jpg	image/jpeg	1190717	2000	1333	50	50	/api/media/file/mug-pair-300x200.jpg	300	200	image/jpeg	10064	mug-pair-300x200.jpg	/api/media/file/mug-pair-500x500.jpg	500	500	image/jpeg	43096	mug-pair-500x500.jpg	/api/media/file/mug-pair-600x400.jpg	600	400	image/jpeg	35173	mug-pair-600x400.jpg	/api/media/file/mug-pair-900x600.jpg	900	600	image/jpeg	76379	mug-pair-900x600.jpg	/api/media/file/mug-pair-1400x933.jpg	1400	933	image/jpeg	177549	mug-pair-1400x933.jpg	/api/media/file/mug-pair-1920x1280.jpg	1920	1280	image/jpeg	310648	mug-pair-1920x1280.jpg	/api/media/file/mug-pair-1200x630.jpg	1200	630	image/jpeg	107629	mug-pair-1200x630.jpg	https://ik.imagekit.io/raygun/redletterclay/mug-pair.jpg
240	PNT-0001-GRN-03.jpg	\N	\N	2026-03-17 18:17:48.814+00	2026-03-17 18:17:47.935+00	/api/media/file/PNT-0001-GRN-03.jpg	/api/media/file/PNT-0001-GRN-03-300x225.jpg	PNT-0001-GRN-03.jpg	image/jpeg	649333	1820	1366	50	50	/api/media/file/PNT-0001-GRN-03-300x225.jpg	300	225	image/jpeg	8224	PNT-0001-GRN-03-300x225.jpg	/api/media/file/PNT-0001-GRN-03-500x500.jpg	500	500	image/jpeg	29523	PNT-0001-GRN-03-500x500.jpg	/api/media/file/PNT-0001-GRN-03-600x450.jpg	600	450	image/jpeg	26064	PNT-0001-GRN-03-600x450.jpg	/api/media/file/PNT-0001-GRN-03-900x675.jpg	900	675	image/jpeg	52640	PNT-0001-GRN-03-900x675.jpg	/api/media/file/PNT-0001-GRN-03-1400x1051.jpg	1400	1051	image/jpeg	110757	PNT-0001-GRN-03-1400x1051.jpg	\N	\N	\N	\N	\N	\N	/api/media/file/PNT-0001-GRN-03-1200x630.jpg	1200	630	image/jpeg	82342	PNT-0001-GRN-03-1200x630.jpg	https://ik.imagekit.io/raygun/redletterclay/PNT-0001-GRN-03.jpg
241	PNT-0002-GRN-thumb.jpg	\N	\N	2026-03-17 18:17:49.467+00	2026-03-17 18:17:48.954+00	/api/media/file/PNT-0002-GRN-thumb.jpg	/api/media/file/PNT-0002-GRN-thumb-300x300.jpg	PNT-0002-GRN-thumb.jpg	image/jpeg	362528	1001	1001	50	50	/api/media/file/PNT-0002-GRN-thumb-300x300.jpg	300	300	image/jpeg	7627	PNT-0002-GRN-thumb-300x300.jpg	/api/media/file/PNT-0002-GRN-thumb-500x500.jpg	500	500	image/jpeg	18207	PNT-0002-GRN-thumb-500x500.jpg	/api/media/file/PNT-0002-GRN-thumb-600x600.jpg	600	600	image/jpeg	24989	PNT-0002-GRN-thumb-600x600.jpg	/api/media/file/PNT-0002-GRN-thumb-900x900.jpg	900	900	image/jpeg	49793	PNT-0002-GRN-thumb-900x900.jpg	\N	\N	\N	\N	\N	\N	\N	\N	\N	\N	\N	\N	/api/media/file/PNT-0002-GRN-thumb-1200x630.jpg	1200	630	image/jpeg	49800	PNT-0002-GRN-thumb-1200x630.jpg	https://ik.imagekit.io/raygun/redletterclay/PNT-0002-GRN-thumb.jpg
376	\N	\N	\N	2026-03-18 21:38:12.763+00	2026-03-18 21:38:11.537+00	/api/media/file/P-0006-PUR-02.jpg	\N	P-0006-PUR-02.jpg	image/jpeg	272206	1820	1366	50	50	/api/media/file/P-0006-PUR-02-300x225.jpg	300	225	image/jpeg	3191	P-0006-PUR-02-300x225.jpg	/api/media/file/P-0006-PUR-02-500x500.jpg	500	500	image/jpeg	11318	P-0006-PUR-02-500x500.jpg	/api/media/file/P-0006-PUR-02-600x450.jpg	600	450	image/jpeg	9884	P-0006-PUR-02-600x450.jpg	/api/media/file/P-0006-PUR-02-900x675.jpg	900	675	image/jpeg	21363	P-0006-PUR-02-900x675.jpg	/api/media/file/P-0006-PUR-02-1400x1051.jpg	1400	1051	image/jpeg	48460	P-0006-PUR-02-1400x1051.jpg	\N	\N	\N	\N	\N	\N	/api/media/file/P-0006-PUR-02-1200x630.jpg	1200	630	image/jpeg	33622	P-0006-PUR-02-1200x630.jpg	https://ik.imagekit.io/raygun/redletterclay/P-0006-PUR-02.jpg
377	\N	\N	\N	2026-03-18 21:38:13.658+00	2026-03-18 21:38:13.094+00	/api/media/file/P-0006-PUR-03.jpg	\N	P-0006-PUR-03.jpg	image/jpeg	376566	1820	1366	50	50	/api/media/file/P-0006-PUR-03-300x225.jpg	300	225	image/jpeg	3833	P-0006-PUR-03-300x225.jpg	/api/media/file/P-0006-PUR-03-500x500.jpg	500	500	image/jpeg	13633	P-0006-PUR-03-500x500.jpg	/api/media/file/P-0006-PUR-03-600x450.jpg	600	450	image/jpeg	11925	P-0006-PUR-03-600x450.jpg	/api/media/file/P-0006-PUR-03-900x675.jpg	900	675	image/jpeg	24404	P-0006-PUR-03-900x675.jpg	/api/media/file/P-0006-PUR-03-1400x1051.jpg	1400	1051	image/jpeg	53655	P-0006-PUR-03-1400x1051.jpg	\N	\N	\N	\N	\N	\N	/api/media/file/P-0006-PUR-03-1200x630.jpg	1200	630	image/jpeg	38233	P-0006-PUR-03-1200x630.jpg	https://ik.imagekit.io/raygun/redletterclay/P-0006-PUR-03.jpg
156	M-0016-WHT-02.jpg	\N	\N	2026-03-17 18:16:33.177+00	2026-03-17 18:16:32.487+00	/api/media/file/M-0016-WHT-02.jpg	/api/media/file/M-0016-WHT-02-300x225.jpg	M-0016-WHT-02.jpg	image/jpeg	412876	1820	1366	50	50	/api/media/file/M-0016-WHT-02-300x225.jpg	300	225	image/jpeg	5735	M-0016-WHT-02-300x225.jpg	/api/media/file/M-0016-WHT-02-500x500.jpg	500	500	image/jpeg	20355	M-0016-WHT-02-500x500.jpg	/api/media/file/M-0016-WHT-02-600x450.jpg	600	450	image/jpeg	17751	M-0016-WHT-02-600x450.jpg	/api/media/file/M-0016-WHT-02-900x675.jpg	900	675	image/jpeg	34045	M-0016-WHT-02-900x675.jpg	/api/media/file/M-0016-WHT-02-1400x1051.jpg	1400	1051	image/jpeg	67694	M-0016-WHT-02-1400x1051.jpg	\N	\N	\N	\N	\N	\N	/api/media/file/M-0016-WHT-02-1200x630.jpg	1200	630	image/jpeg	50167	M-0016-WHT-02-1200x630.jpg	https://ik.imagekit.io/raygun/redletterclay/M-0016-WHT-02.jpg
341	green-bowls-x4.jpg	\N	\N	2026-03-17 18:19:38.507+00	2026-03-17 18:19:37.717+00	/api/media/file/green-bowls-x4.jpg	/api/media/file/green-bowls-x4-300x200.jpg	green-bowls-x4.jpg	image/jpeg	304498	2000	1333	50	50	/api/media/file/green-bowls-x4-300x200.jpg	300	200	image/jpeg	8434	green-bowls-x4-300x200.jpg	/api/media/file/green-bowls-x4-500x500.jpg	500	500	image/jpeg	35028	green-bowls-x4-500x500.jpg	/api/media/file/green-bowls-x4-600x400.jpg	600	400	image/jpeg	28353	green-bowls-x4-600x400.jpg	/api/media/file/green-bowls-x4-900x600.jpg	900	600	image/jpeg	60619	green-bowls-x4-900x600.jpg	/api/media/file/green-bowls-x4-1400x933.jpg	1400	933	image/jpeg	139500	green-bowls-x4-1400x933.jpg	/api/media/file/green-bowls-x4-1920x1280.jpg	1920	1280	image/jpeg	243198	green-bowls-x4-1920x1280.jpg	/api/media/file/green-bowls-x4-1200x630.jpg	1200	630	image/jpeg	91157	green-bowls-x4-1200x630.jpg	https://ik.imagekit.io/raygun/redletterclay/green-bowls-x4.jpg
157	M-0016-WHT-03.jpg	\N	\N	2026-03-17 18:16:34.113+00	2026-03-17 18:16:33.401+00	/api/media/file/M-0016-WHT-03.jpg	/api/media/file/M-0016-WHT-03-300x225.jpg	M-0016-WHT-03.jpg	image/jpeg	442536	1820	1366	50	50	/api/media/file/M-0016-WHT-03-300x225.jpg	300	225	image/jpeg	5681	M-0016-WHT-03-300x225.jpg	/api/media/file/M-0016-WHT-03-500x500.jpg	500	500	image/jpeg	20702	M-0016-WHT-03-500x500.jpg	/api/media/file/M-0016-WHT-03-600x450.jpg	600	450	image/jpeg	18027	M-0016-WHT-03-600x450.jpg	/api/media/file/M-0016-WHT-03-900x675.jpg	900	675	image/jpeg	35426	M-0016-WHT-03-900x675.jpg	/api/media/file/M-0016-WHT-03-1400x1051.jpg	1400	1051	image/jpeg	72191	M-0016-WHT-03-1400x1051.jpg	\N	\N	\N	\N	\N	\N	/api/media/file/M-0016-WHT-03-1200x630.jpg	1200	630	image/jpeg	52158	M-0016-WHT-03-1200x630.jpg	https://ik.imagekit.io/raygun/redletterclay/M-0016-WHT-03.jpg
242	PNT-0002-GRN-01.jpg	\N	\N	2026-03-17 18:17:50.257+00	2026-03-17 18:17:49.614+00	/api/media/file/PNT-0002-GRN-01.jpg	/api/media/file/PNT-0002-GRN-01-300x225.jpg	PNT-0002-GRN-01.jpg	image/jpeg	334149	1820	1366	50	50	/api/media/file/PNT-0002-GRN-01-300x225.jpg	300	225	image/jpeg	4640	PNT-0002-GRN-01-300x225.jpg	/api/media/file/PNT-0002-GRN-01-500x500.jpg	500	500	image/jpeg	16408	PNT-0002-GRN-01-500x500.jpg	/api/media/file/PNT-0002-GRN-01-600x450.jpg	600	450	image/jpeg	14249	PNT-0002-GRN-01-600x450.jpg	/api/media/file/PNT-0002-GRN-01-900x675.jpg	900	675	image/jpeg	28475	PNT-0002-GRN-01-900x675.jpg	/api/media/file/PNT-0002-GRN-01-1400x1051.jpg	1400	1051	image/jpeg	58797	PNT-0002-GRN-01-1400x1051.jpg	\N	\N	\N	\N	\N	\N	/api/media/file/PNT-0002-GRN-01-1200x630.jpg	1200	630	image/jpeg	38913	PNT-0002-GRN-01-1200x630.jpg	https://ik.imagekit.io/raygun/redletterclay/PNT-0002-GRN-01.jpg
158	M-0016-WHT-04.jpg	\N	\N	2026-03-17 18:16:35.147+00	2026-03-17 18:16:34.438+00	/api/media/file/M-0016-WHT-04.jpg	/api/media/file/M-0016-WHT-04-300x225.jpg	M-0016-WHT-04.jpg	image/jpeg	540161	1820	1366	50	50	/api/media/file/M-0016-WHT-04-300x225.jpg	300	225	image/jpeg	7425	M-0016-WHT-04-300x225.jpg	/api/media/file/M-0016-WHT-04-500x500.jpg	500	500	image/jpeg	26720	M-0016-WHT-04-500x500.jpg	/api/media/file/M-0016-WHT-04-600x450.jpg	600	450	image/jpeg	23355	M-0016-WHT-04-600x450.jpg	/api/media/file/M-0016-WHT-04-900x675.jpg	900	675	image/jpeg	44415	M-0016-WHT-04-900x675.jpg	/api/media/file/M-0016-WHT-04-1400x1051.jpg	1400	1051	image/jpeg	85432	M-0016-WHT-04-1400x1051.jpg	\N	\N	\N	\N	\N	\N	/api/media/file/M-0016-WHT-04-1200x630.jpg	1200	630	image/jpeg	64180	M-0016-WHT-04-1200x630.jpg	https://ik.imagekit.io/raygun/redletterclay/M-0016-WHT-04.jpg
159	M-0017-WHT-thumb.jpg	\N	\N	2026-03-17 18:16:35.632+00	2026-03-17 18:16:35.217+00	/api/media/file/M-0017-WHT-thumb.jpg	/api/media/file/M-0017-WHT-thumb-300x300.jpg	M-0017-WHT-thumb.jpg	image/jpeg	115245	400	400	50	50	/api/media/file/M-0017-WHT-thumb-300x300.jpg	300	300	image/jpeg	10292	M-0017-WHT-thumb-300x300.jpg	\N	\N	\N	\N	\N	\N	\N	\N	\N	\N	\N	\N	\N	\N	\N	\N	\N	\N	\N	\N	\N	\N	\N	\N	\N	\N	\N	\N	\N	\N	\N	\N	\N	\N	\N	\N	https://ik.imagekit.io/raygun/redletterclay/M-0017-WHT-thumb.jpg
243	PNT-0002-GRN-02.jpg	\N	\N	2026-03-17 18:17:50.991+00	2026-03-17 18:17:50.42+00	/api/media/file/PNT-0002-GRN-02.jpg	/api/media/file/PNT-0002-GRN-02-300x225.jpg	PNT-0002-GRN-02.jpg	image/jpeg	601939	1820	1366	50	50	/api/media/file/PNT-0002-GRN-02-300x225.jpg	300	225	image/jpeg	7578	PNT-0002-GRN-02-300x225.jpg	/api/media/file/PNT-0002-GRN-02-500x500.jpg	500	500	image/jpeg	29167	PNT-0002-GRN-02-500x500.jpg	/api/media/file/PNT-0002-GRN-02-600x450.jpg	600	450	image/jpeg	25016	PNT-0002-GRN-02-600x450.jpg	/api/media/file/PNT-0002-GRN-02-900x675.jpg	900	675	image/jpeg	49849	PNT-0002-GRN-02-900x675.jpg	/api/media/file/PNT-0002-GRN-02-1400x1051.jpg	1400	1051	image/jpeg	101896	PNT-0002-GRN-02-1400x1051.jpg	\N	\N	\N	\N	\N	\N	/api/media/file/PNT-0002-GRN-02-1200x630.jpg	1200	630	image/jpeg	74171	PNT-0002-GRN-02-1200x630.jpg	https://ik.imagekit.io/raygun/redletterclay/PNT-0002-GRN-02.jpg
160	M-0017-WHT-01.jpg	\N	\N	2026-03-17 18:16:36.616+00	2026-03-17 18:16:35.98+00	/api/media/file/M-0017-WHT-01.jpg	/api/media/file/M-0017-WHT-01-300x225.jpg	M-0017-WHT-01.jpg	image/jpeg	466959	1820	1366	50	50	/api/media/file/M-0017-WHT-01-300x225.jpg	300	225	image/jpeg	6947	M-0017-WHT-01-300x225.jpg	/api/media/file/M-0017-WHT-01-500x500.jpg	500	500	image/jpeg	25366	M-0017-WHT-01-500x500.jpg	/api/media/file/M-0017-WHT-01-600x450.jpg	600	450	image/jpeg	22203	M-0017-WHT-01-600x450.jpg	/api/media/file/M-0017-WHT-01-900x675.jpg	900	675	image/jpeg	41370	M-0017-WHT-01-900x675.jpg	/api/media/file/M-0017-WHT-01-1400x1051.jpg	1400	1051	image/jpeg	78481	M-0017-WHT-01-1400x1051.jpg	\N	\N	\N	\N	\N	\N	/api/media/file/M-0017-WHT-01-1200x630.jpg	1200	630	image/jpeg	56285	M-0017-WHT-01-1200x630.jpg	https://ik.imagekit.io/raygun/redletterclay/M-0017-WHT-01.jpg
161	M-0017-WHT-02.jpg	\N	\N	2026-03-17 18:16:37.746+00	2026-03-17 18:16:36.852+00	/api/media/file/M-0017-WHT-02.jpg	/api/media/file/M-0017-WHT-02-300x225.jpg	M-0017-WHT-02.jpg	image/jpeg	452050	1820	1366	50	50	/api/media/file/M-0017-WHT-02-300x225.jpg	300	225	image/jpeg	6391	M-0017-WHT-02-300x225.jpg	/api/media/file/M-0017-WHT-02-500x500.jpg	500	500	image/jpeg	23004	M-0017-WHT-02-500x500.jpg	/api/media/file/M-0017-WHT-02-600x450.jpg	600	450	image/jpeg	20361	M-0017-WHT-02-600x450.jpg	/api/media/file/M-0017-WHT-02-900x675.jpg	900	675	image/jpeg	38082	M-0017-WHT-02-900x675.jpg	/api/media/file/M-0017-WHT-02-1400x1051.jpg	1400	1051	image/jpeg	74022	M-0017-WHT-02-1400x1051.jpg	\N	\N	\N	\N	\N	\N	/api/media/file/M-0017-WHT-02-1200x630.jpg	1200	630	image/jpeg	49703	M-0017-WHT-02-1200x630.jpg	https://ik.imagekit.io/raygun/redletterclay/M-0017-WHT-02.jpg
244	T-0001-PNK-thumb.jpg	\N	\N	2026-03-17 18:17:51.61+00	2026-03-17 18:17:51.053+00	/api/media/file/T-0001-PNK-thumb.jpg	/api/media/file/T-0001-PNK-thumb-300x300.jpg	T-0001-PNK-thumb.jpg	image/jpeg	79409	400	400	50	50	/api/media/file/T-0001-PNK-thumb-300x300.jpg	300	300	image/jpeg	7467	T-0001-PNK-thumb-300x300.jpg	\N	\N	\N	\N	\N	\N	\N	\N	\N	\N	\N	\N	\N	\N	\N	\N	\N	\N	\N	\N	\N	\N	\N	\N	\N	\N	\N	\N	\N	\N	\N	\N	\N	\N	\N	\N	https://ik.imagekit.io/raygun/redletterclay/T-0001-PNK-thumb.jpg
162	M-0017-WHT-03.jpg	\N	\N	2026-03-17 18:16:38.665+00	2026-03-17 18:16:38.051+00	/api/media/file/M-0017-WHT-03.jpg	/api/media/file/M-0017-WHT-03-300x225.jpg	M-0017-WHT-03.jpg	image/jpeg	640867	1820	1366	50	50	/api/media/file/M-0017-WHT-03-300x225.jpg	300	225	image/jpeg	7801	M-0017-WHT-03-300x225.jpg	/api/media/file/M-0017-WHT-03-500x500.jpg	500	500	image/jpeg	30379	M-0017-WHT-03-500x500.jpg	/api/media/file/M-0017-WHT-03-600x450.jpg	600	450	image/jpeg	26182	M-0017-WHT-03-600x450.jpg	/api/media/file/M-0017-WHT-03-900x675.jpg	900	675	image/jpeg	52322	M-0017-WHT-03-900x675.jpg	/api/media/file/M-0017-WHT-03-1400x1051.jpg	1400	1051	image/jpeg	108409	M-0017-WHT-03-1400x1051.jpg	\N	\N	\N	\N	\N	\N	/api/media/file/M-0017-WHT-03-1200x630.jpg	1200	630	image/jpeg	67059	M-0017-WHT-03-1200x630.jpg	https://ik.imagekit.io/raygun/redletterclay/M-0017-WHT-03.jpg
245	T-0001-PNK-01.jpg	\N	\N	2026-03-17 18:17:52.52+00	2026-03-17 18:17:51.769+00	/api/media/file/T-0001-PNK-01.jpg	/api/media/file/T-0001-PNK-01-300x225.jpg	T-0001-PNK-01.jpg	image/jpeg	601145	1820	1366	50	50	/api/media/file/T-0001-PNK-01-300x225.jpg	300	225	image/jpeg	7067	T-0001-PNK-01-300x225.jpg	/api/media/file/T-0001-PNK-01-500x500.jpg	500	500	image/jpeg	26080	T-0001-PNK-01-500x500.jpg	/api/media/file/T-0001-PNK-01-600x450.jpg	600	450	image/jpeg	22605	T-0001-PNK-01-600x450.jpg	/api/media/file/T-0001-PNK-01-900x675.jpg	900	675	image/jpeg	46359	T-0001-PNK-01-900x675.jpg	/api/media/file/T-0001-PNK-01-1400x1051.jpg	1400	1051	image/jpeg	98712	T-0001-PNK-01-1400x1051.jpg	\N	\N	\N	\N	\N	\N	/api/media/file/T-0001-PNK-01-1200x630.jpg	1200	630	image/jpeg	72510	T-0001-PNK-01-1200x630.jpg	https://ik.imagekit.io/raygun/redletterclay/T-0001-PNK-01.jpg
163	M-0017-WHT-04.jpg	\N	\N	2026-03-17 18:16:39.727+00	2026-03-17 18:16:38.865+00	/api/media/file/M-0017-WHT-04.jpg	/api/media/file/M-0017-WHT-04-300x225.jpg	M-0017-WHT-04.jpg	image/jpeg	559755	1820	1366	50	50	/api/media/file/M-0017-WHT-04-300x225.jpg	300	225	image/jpeg	7727	M-0017-WHT-04-300x225.jpg	/api/media/file/M-0017-WHT-04-500x500.jpg	500	500	image/jpeg	27916	M-0017-WHT-04-500x500.jpg	/api/media/file/M-0017-WHT-04-600x450.jpg	600	450	image/jpeg	24327	M-0017-WHT-04-600x450.jpg	/api/media/file/M-0017-WHT-04-900x675.jpg	900	675	image/jpeg	45828	M-0017-WHT-04-900x675.jpg	/api/media/file/M-0017-WHT-04-1400x1051.jpg	1400	1051	image/jpeg	89060	M-0017-WHT-04-1400x1051.jpg	\N	\N	\N	\N	\N	\N	/api/media/file/M-0017-WHT-04-1200x630.jpg	1200	630	image/jpeg	65576	M-0017-WHT-04-1200x630.jpg	https://ik.imagekit.io/raygun/redletterclay/M-0017-WHT-04.jpg
466	\N	\N	\N	2026-04-09 03:30:53.244+00	2026-04-09 03:30:47.56+00	/api/media/file/T-0010-GRN-01.jpg	\N	T-0010-GRN-01.jpg	image/jpeg	652376	1820	1366	50	50	/api/media/file/T-0010-GRN-01-300x225.jpg	300	225	image/jpeg	8004	T-0010-GRN-01-300x225.jpg	/api/media/file/T-0010-GRN-01-500x500.jpg	500	500	image/jpeg	30367	T-0010-GRN-01-500x500.jpg	/api/media/file/T-0010-GRN-01-600x450.jpg	600	450	image/jpeg	26160	T-0010-GRN-01-600x450.jpg	/api/media/file/T-0010-GRN-01-900x675.jpg	900	675	image/jpeg	53235	T-0010-GRN-01-900x675.jpg	/api/media/file/T-0010-GRN-01-1400x1051.jpg	1400	1051	image/jpeg	111041	T-0010-GRN-01-1400x1051.jpg	\N	\N	\N	\N	\N	\N	/api/media/file/T-0010-GRN-01-1200x630.jpg	1200	630	image/jpeg	82915	T-0010-GRN-01-1200x630.jpg	https://ik.imagekit.io/raygun/redletterclay/T-0010-GRN-01.jpg
164	M-0018-COP-thumb.jpg	\N	\N	2026-03-17 18:16:40.55+00	2026-03-17 18:16:39.806+00	/api/media/file/M-0018-COP-thumb.jpg	/api/media/file/M-0018-COP-thumb-300x300.jpg	M-0018-COP-thumb.jpg	image/jpeg	99943	400	400	50	50	/api/media/file/M-0018-COP-thumb-300x300.jpg	300	300	image/jpeg	9285	M-0018-COP-thumb-300x300.jpg	\N	\N	\N	\N	\N	\N	\N	\N	\N	\N	\N	\N	\N	\N	\N	\N	\N	\N	\N	\N	\N	\N	\N	\N	\N	\N	\N	\N	\N	\N	\N	\N	\N	\N	\N	\N	https://ik.imagekit.io/raygun/redletterclay/M-0018-COP-thumb.jpg
246	T-0001-PNK-02.jpg	\N	\N	2026-03-17 18:17:53.432+00	2026-03-17 18:17:52.693+00	/api/media/file/T-0001-PNK-02.jpg	/api/media/file/T-0001-PNK-02-300x225.jpg	T-0001-PNK-02.jpg	image/jpeg	276727	1820	1366	50	50	/api/media/file/T-0001-PNK-02-300x225.jpg	300	225	image/jpeg	6677	T-0001-PNK-02-300x225.jpg	/api/media/file/T-0001-PNK-02-500x500.jpg	500	500	image/jpeg	24933	T-0001-PNK-02-500x500.jpg	/api/media/file/T-0001-PNK-02-600x450.jpg	600	450	image/jpeg	24106	T-0001-PNK-02-600x450.jpg	/api/media/file/T-0001-PNK-02-900x675.jpg	900	675	image/jpeg	55643	T-0001-PNK-02-900x675.jpg	/api/media/file/T-0001-PNK-02-1400x1051.jpg	1400	1051	image/jpeg	137766	T-0001-PNK-02-1400x1051.jpg	\N	\N	\N	\N	\N	\N	/api/media/file/T-0001-PNK-02-1200x630.jpg	1200	630	image/jpeg	75173	T-0001-PNK-02-1200x630.jpg	https://ik.imagekit.io/raygun/redletterclay/T-0001-PNK-02.jpg
165	M-0018-COP-01.jpg	\N	\N	2026-03-17 18:16:41.704+00	2026-03-17 18:16:40.973+00	/api/media/file/M-0018-COP-01.jpg	/api/media/file/M-0018-COP-01-300x225.jpg	M-0018-COP-01.jpg	image/jpeg	452821	1820	1366	50	50	/api/media/file/M-0018-COP-01-300x225.jpg	300	225	image/jpeg	6538	M-0018-COP-01-300x225.jpg	/api/media/file/M-0018-COP-01-500x500.jpg	500	500	image/jpeg	22515	M-0018-COP-01-500x500.jpg	/api/media/file/M-0018-COP-01-600x450.jpg	600	450	image/jpeg	19757	M-0018-COP-01-600x450.jpg	/api/media/file/M-0018-COP-01-900x675.jpg	900	675	image/jpeg	37799	M-0018-COP-01-900x675.jpg	/api/media/file/M-0018-COP-01-1400x1051.jpg	1400	1051	image/jpeg	74979	M-0018-COP-01-1400x1051.jpg	\N	\N	\N	\N	\N	\N	/api/media/file/M-0018-COP-01-1200x630.jpg	1200	630	image/jpeg	50553	M-0018-COP-01-1200x630.jpg	https://ik.imagekit.io/raygun/redletterclay/M-0018-COP-01.jpg
166	M-0018-COP-02.jpg	\N	\N	2026-03-17 18:16:42.817+00	2026-03-17 18:16:41.973+00	/api/media/file/M-0018-COP-02.jpg	/api/media/file/M-0018-COP-02-300x225.jpg	M-0018-COP-02.jpg	image/jpeg	449202	1820	1366	50	50	/api/media/file/M-0018-COP-02-300x225.jpg	300	225	image/jpeg	6234	M-0018-COP-02-300x225.jpg	/api/media/file/M-0018-COP-02-500x500.jpg	500	500	image/jpeg	22139	M-0018-COP-02-500x500.jpg	/api/media/file/M-0018-COP-02-600x450.jpg	600	450	image/jpeg	19191	M-0018-COP-02-600x450.jpg	/api/media/file/M-0018-COP-02-900x675.jpg	900	675	image/jpeg	37351	M-0018-COP-02-900x675.jpg	/api/media/file/M-0018-COP-02-1400x1051.jpg	1400	1051	image/jpeg	75328	M-0018-COP-02-1400x1051.jpg	\N	\N	\N	\N	\N	\N	/api/media/file/M-0018-COP-02-1200x630.jpg	1200	630	image/jpeg	48807	M-0018-COP-02-1200x630.jpg	https://ik.imagekit.io/raygun/redletterclay/M-0018-COP-02.jpg
247	T-0001-PNK-03.jpg	\N	\N	2026-03-17 18:17:54.317+00	2026-03-17 18:17:53.605+00	/api/media/file/T-0001-PNK-03.jpg	/api/media/file/T-0001-PNK-03-300x225.jpg	T-0001-PNK-03.jpg	image/jpeg	276266	1820	1366	50	50	/api/media/file/T-0001-PNK-03-300x225.jpg	300	225	image/jpeg	7385	T-0001-PNK-03-300x225.jpg	/api/media/file/T-0001-PNK-03-500x500.jpg	500	500	image/jpeg	26832	T-0001-PNK-03-500x500.jpg	/api/media/file/T-0001-PNK-03-600x450.jpg	600	450	image/jpeg	25678	T-0001-PNK-03-600x450.jpg	/api/media/file/T-0001-PNK-03-900x675.jpg	900	675	image/jpeg	58000	T-0001-PNK-03-900x675.jpg	/api/media/file/T-0001-PNK-03-1400x1051.jpg	1400	1051	image/jpeg	139725	T-0001-PNK-03-1400x1051.jpg	\N	\N	\N	\N	\N	\N	/api/media/file/T-0001-PNK-03-1200x630.jpg	1200	630	image/jpeg	76799	T-0001-PNK-03-1200x630.jpg	https://ik.imagekit.io/raygun/redletterclay/T-0001-PNK-03.jpg
167	M-0018-COP-03.jpg	\N	\N	2026-03-17 18:16:43.795+00	2026-03-17 18:16:43.019+00	/api/media/file/M-0018-COP-03.jpg	/api/media/file/M-0018-COP-03-300x225.jpg	M-0018-COP-03.jpg	image/jpeg	561014	1820	1366	50	50	/api/media/file/M-0018-COP-03-300x225.jpg	300	225	image/jpeg	7114	M-0018-COP-03-300x225.jpg	/api/media/file/M-0018-COP-03-500x500.jpg	500	500	image/jpeg	26490	M-0018-COP-03-500x500.jpg	/api/media/file/M-0018-COP-03-600x450.jpg	600	450	image/jpeg	22972	M-0018-COP-03-600x450.jpg	/api/media/file/M-0018-COP-03-900x675.jpg	900	675	image/jpeg	45227	M-0018-COP-03-900x675.jpg	/api/media/file/M-0018-COP-03-1400x1051.jpg	1400	1051	image/jpeg	92808	M-0018-COP-03-1400x1051.jpg	\N	\N	\N	\N	\N	\N	/api/media/file/M-0018-COP-03-1200x630.jpg	1200	630	image/jpeg	58557	M-0018-COP-03-1200x630.jpg	https://ik.imagekit.io/raygun/redletterclay/M-0018-COP-03.jpg
248	T-0003-BLK-thumb.jpg	\N	\N	2026-03-17 18:17:55.133+00	2026-03-17 18:17:54.45+00	/api/media/file/T-0003-BLK-thumb.jpg	/api/media/file/T-0003-BLK-thumb-300x300.jpg	T-0003-BLK-thumb.jpg	image/jpeg	369969	1001	1001	50	50	/api/media/file/T-0003-BLK-thumb-300x300.jpg	300	300	image/jpeg	8277	T-0003-BLK-thumb-300x300.jpg	/api/media/file/T-0003-BLK-thumb-500x500.jpg	500	500	image/jpeg	19467	T-0003-BLK-thumb-500x500.jpg	/api/media/file/T-0003-BLK-thumb-600x600.jpg	600	600	image/jpeg	26579	T-0003-BLK-thumb-600x600.jpg	/api/media/file/T-0003-BLK-thumb-900x900.jpg	900	900	image/jpeg	52775	T-0003-BLK-thumb-900x900.jpg	\N	\N	\N	\N	\N	\N	\N	\N	\N	\N	\N	\N	/api/media/file/T-0003-BLK-thumb-1200x630.jpg	1200	630	image/jpeg	73047	T-0003-BLK-thumb-1200x630.jpg	https://ik.imagekit.io/raygun/redletterclay/T-0003-BLK-thumb.jpg
168	M-0018-COP-04.jpg	\N	\N	2026-03-17 18:16:45.087+00	2026-03-17 18:16:44.01+00	/api/media/file/M-0018-COP-04.jpg	/api/media/file/M-0018-COP-04-300x225.jpg	M-0018-COP-04.jpg	image/jpeg	525644	1820	1366	50	50	/api/media/file/M-0018-COP-04-300x225.jpg	300	225	image/jpeg	7321	M-0018-COP-04-300x225.jpg	/api/media/file/M-0018-COP-04-500x500.jpg	500	500	image/jpeg	25651	M-0018-COP-04-500x500.jpg	/api/media/file/M-0018-COP-04-600x450.jpg	600	450	image/jpeg	22420	M-0018-COP-04-600x450.jpg	/api/media/file/M-0018-COP-04-900x675.jpg	900	675	image/jpeg	42832	M-0018-COP-04-900x675.jpg	/api/media/file/M-0018-COP-04-1400x1051.jpg	1400	1051	image/jpeg	84978	M-0018-COP-04-1400x1051.jpg	\N	\N	\N	\N	\N	\N	/api/media/file/M-0018-COP-04-1200x630.jpg	1200	630	image/jpeg	61047	M-0018-COP-04-1200x630.jpg	https://ik.imagekit.io/raygun/redletterclay/M-0018-COP-04.jpg
342	pink-planter.jpg	\N	\N	2026-03-17 18:19:39.2+00	2026-03-17 18:19:38.739+00	/api/media/file/pink-planter.jpg	/api/media/file/pink-planter-300x200.jpg	pink-planter.jpg	image/jpeg	109450	1939	1292	50	50	/api/media/file/pink-planter-300x200.jpg	300	200	image/jpeg	5987	pink-planter-300x200.jpg	/api/media/file/pink-planter-500x500.jpg	500	500	image/jpeg	22405	pink-planter-500x500.jpg	/api/media/file/pink-planter-600x400.jpg	600	400	image/jpeg	17458	pink-planter-600x400.jpg	/api/media/file/pink-planter-900x600.jpg	900	600	image/jpeg	33421	pink-planter-900x600.jpg	/api/media/file/pink-planter-1400x933.jpg	1400	933	image/jpeg	66904	pink-planter-1400x933.jpg	/api/media/file/pink-planter-1920x1279.jpg	1920	1279	image/jpeg	107176	pink-planter-1920x1279.jpg	/api/media/file/pink-planter-1200x630.jpg	1200	630	image/jpeg	46436	pink-planter-1200x630.jpg	https://ik.imagekit.io/raygun/redletterclay/pink-planter.jpg
169	M-0019-GRN-thumb.jpg	\N	\N	2026-03-17 18:16:45.742+00	2026-03-17 18:16:45.175+00	/api/media/file/M-0019-GRN-thumb.jpg	/api/media/file/M-0019-GRN-thumb-300x300.jpg	M-0019-GRN-thumb.jpg	image/jpeg	118802	400	400	50	50	/api/media/file/M-0019-GRN-thumb-300x300.jpg	300	300	image/jpeg	10199	M-0019-GRN-thumb-300x300.jpg	\N	\N	\N	\N	\N	\N	\N	\N	\N	\N	\N	\N	\N	\N	\N	\N	\N	\N	\N	\N	\N	\N	\N	\N	\N	\N	\N	\N	\N	\N	\N	\N	\N	\N	\N	\N	https://ik.imagekit.io/raygun/redletterclay/M-0019-GRN-thumb.jpg
170	M-0019-GRN-01.jpg	\N	\N	2026-03-17 18:16:46.702+00	2026-03-17 18:16:45.942+00	/api/media/file/M-0019-GRN-01.jpg	/api/media/file/M-0019-GRN-01-300x225.jpg	M-0019-GRN-01.jpg	image/jpeg	626266	1820	1366	50	50	/api/media/file/M-0019-GRN-01-300x225.jpg	300	225	image/jpeg	7307	M-0019-GRN-01-300x225.jpg	/api/media/file/M-0019-GRN-01-500x500.jpg	500	500	image/jpeg	28808	M-0019-GRN-01-500x500.jpg	/api/media/file/M-0019-GRN-01-600x450.jpg	600	450	image/jpeg	24601	M-0019-GRN-01-600x450.jpg	/api/media/file/M-0019-GRN-01-900x675.jpg	900	675	image/jpeg	50106	M-0019-GRN-01-900x675.jpg	/api/media/file/M-0019-GRN-01-1400x1051.jpg	1400	1051	image/jpeg	104366	M-0019-GRN-01-1400x1051.jpg	\N	\N	\N	\N	\N	\N	/api/media/file/M-0019-GRN-01-1200x630.jpg	1200	630	image/jpeg	72714	M-0019-GRN-01-1200x630.jpg	https://ik.imagekit.io/raygun/redletterclay/M-0019-GRN-01.jpg
371	\N	\N	\N	2026-03-18 20:39:46.242+00	2026-03-18 20:39:45.445+00	/api/media/file/T-0005-PUR-thumb.jpg	\N	T-0005-PUR-thumb.jpg	image/jpeg	91989	400	400	50	50	/api/media/file/T-0005-PUR-thumb-300x300.jpg	300	300	image/jpeg	8617	T-0005-PUR-thumb-300x300.jpg	\N	\N	\N	\N	\N	\N	\N	\N	\N	\N	\N	\N	\N	\N	\N	\N	\N	\N	\N	\N	\N	\N	\N	\N	\N	\N	\N	\N	\N	\N	\N	\N	\N	\N	\N	\N	https://ik.imagekit.io/raygun/redletterclay/T-0005-PUR-thumb.jpg
171	M-0019-GRN-02.jpg	\N	\N	2026-03-17 18:16:47.707+00	2026-03-17 18:16:46.933+00	/api/media/file/M-0019-GRN-02.jpg	/api/media/file/M-0019-GRN-02-300x225.jpg	M-0019-GRN-02.jpg	image/jpeg	608757	1820	1366	50	50	/api/media/file/M-0019-GRN-02-300x225.jpg	300	225	image/jpeg	7135	M-0019-GRN-02-300x225.jpg	/api/media/file/M-0019-GRN-02-500x500.jpg	500	500	image/jpeg	27683	M-0019-GRN-02-500x500.jpg	/api/media/file/M-0019-GRN-02-600x450.jpg	600	450	image/jpeg	23769	M-0019-GRN-02-600x450.jpg	/api/media/file/M-0019-GRN-02-900x675.jpg	900	675	image/jpeg	48400	M-0019-GRN-02-900x675.jpg	/api/media/file/M-0019-GRN-02-1400x1051.jpg	1400	1051	image/jpeg	102016	M-0019-GRN-02-1400x1051.jpg	\N	\N	\N	\N	\N	\N	/api/media/file/M-0019-GRN-02-1200x630.jpg	1200	630	image/jpeg	68654	M-0019-GRN-02-1200x630.jpg	https://ik.imagekit.io/raygun/redletterclay/M-0019-GRN-02.jpg
172	M-0019-GRN-03.jpg	\N	\N	2026-03-17 18:16:48.577+00	2026-03-17 18:16:47.9+00	/api/media/file/M-0019-GRN-03.jpg	/api/media/file/M-0019-GRN-03-300x225.jpg	M-0019-GRN-03.jpg	image/jpeg	621419	1820	1366	50	50	/api/media/file/M-0019-GRN-03-300x225.jpg	300	225	image/jpeg	7554	M-0019-GRN-03-300x225.jpg	/api/media/file/M-0019-GRN-03-500x500.jpg	500	500	image/jpeg	28988	M-0019-GRN-03-500x500.jpg	/api/media/file/M-0019-GRN-03-600x450.jpg	600	450	image/jpeg	24820	M-0019-GRN-03-600x450.jpg	/api/media/file/M-0019-GRN-03-900x675.jpg	900	675	image/jpeg	50590	M-0019-GRN-03-900x675.jpg	/api/media/file/M-0019-GRN-03-1400x1051.jpg	1400	1051	image/jpeg	106376	M-0019-GRN-03-1400x1051.jpg	\N	\N	\N	\N	\N	\N	/api/media/file/M-0019-GRN-03-1200x630.jpg	1200	630	image/jpeg	67893	M-0019-GRN-03-1200x630.jpg	https://ik.imagekit.io/raygun/redletterclay/M-0019-GRN-03.jpg
173	M-0019-GRN-04.jpg	\N	\N	2026-03-17 18:16:49.734+00	2026-03-17 18:16:48.785+00	/api/media/file/M-0019-GRN-04.jpg	/api/media/file/M-0019-GRN-04-300x225.jpg	M-0019-GRN-04.jpg	image/jpeg	789392	1820	1366	50	50	/api/media/file/M-0019-GRN-04-300x225.jpg	300	225	image/jpeg	8705	M-0019-GRN-04-300x225.jpg	/api/media/file/M-0019-GRN-04-500x500.jpg	500	500	image/jpeg	35917	M-0019-GRN-04-500x500.jpg	/api/media/file/M-0019-GRN-04-600x450.jpg	600	450	image/jpeg	30432	M-0019-GRN-04-600x450.jpg	/api/media/file/M-0019-GRN-04-900x675.jpg	900	675	image/jpeg	63236	M-0019-GRN-04-900x675.jpg	/api/media/file/M-0019-GRN-04-1400x1051.jpg	1400	1051	image/jpeg	132803	M-0019-GRN-04-1400x1051.jpg	\N	\N	\N	\N	\N	\N	/api/media/file/M-0019-GRN-04-1200x630.jpg	1200	630	image/jpeg	97759	M-0019-GRN-04-1200x630.jpg	https://ik.imagekit.io/raygun/redletterclay/M-0019-GRN-04.jpg
174	M-0020-GRN-thumb.jpg	\N	\N	2026-03-17 18:16:50.23+00	2026-03-17 18:16:49.777+00	/api/media/file/M-0020-GRN-thumb.jpg	/api/media/file/M-0020-GRN-thumb-300x300.jpg	M-0020-GRN-thumb.jpg	image/jpeg	107875	400	400	50	50	/api/media/file/M-0020-GRN-thumb-300x300.jpg	300	300	image/jpeg	8995	M-0020-GRN-thumb-300x300.jpg	\N	\N	\N	\N	\N	\N	\N	\N	\N	\N	\N	\N	\N	\N	\N	\N	\N	\N	\N	\N	\N	\N	\N	\N	\N	\N	\N	\N	\N	\N	\N	\N	\N	\N	\N	\N	https://ik.imagekit.io/raygun/redletterclay/M-0020-GRN-thumb.jpg
175	M-0020-GRN-01.jpg	\N	\N	2026-03-17 18:16:51.006+00	2026-03-17 18:16:50.425+00	/api/media/file/M-0020-GRN-01.jpg	/api/media/file/M-0020-GRN-01-300x225.jpg	M-0020-GRN-01.jpg	image/jpeg	537487	1820	1366	50	50	/api/media/file/M-0020-GRN-01-300x225.jpg	300	225	image/jpeg	6345	M-0020-GRN-01-300x225.jpg	/api/media/file/M-0020-GRN-01-500x500.jpg	500	500	image/jpeg	24501	M-0020-GRN-01-500x500.jpg	/api/media/file/M-0020-GRN-01-600x450.jpg	600	450	image/jpeg	21034	M-0020-GRN-01-600x450.jpg	/api/media/file/M-0020-GRN-01-900x675.jpg	900	675	image/jpeg	42929	M-0020-GRN-01-900x675.jpg	/api/media/file/M-0020-GRN-01-1400x1051.jpg	1400	1051	image/jpeg	89625	M-0020-GRN-01-1400x1051.jpg	\N	\N	\N	\N	\N	\N	/api/media/file/M-0020-GRN-01-1200x630.jpg	1200	630	image/jpeg	64063	M-0020-GRN-01-1200x630.jpg	https://ik.imagekit.io/raygun/redletterclay/M-0020-GRN-01.jpg
249	T-0003-BLK-01.jpg	\N	\N	2026-03-17 18:17:56.402+00	2026-03-17 18:17:55.318+00	/api/media/file/T-0003-BLK-01.jpg	/api/media/file/T-0003-BLK-01-300x225.jpg	T-0003-BLK-01.jpg	image/jpeg	562769	1820	1366	50	50	/api/media/file/T-0003-BLK-01-300x225.jpg	300	225	image/jpeg	7108	T-0003-BLK-01-300x225.jpg	/api/media/file/T-0003-BLK-01-500x500.jpg	500	500	image/jpeg	26322	T-0003-BLK-01-500x500.jpg	/api/media/file/T-0003-BLK-01-600x450.jpg	600	450	image/jpeg	22773	T-0003-BLK-01-600x450.jpg	/api/media/file/T-0003-BLK-01-900x675.jpg	900	675	image/jpeg	45746	T-0003-BLK-01-900x675.jpg	/api/media/file/T-0003-BLK-01-1400x1051.jpg	1400	1051	image/jpeg	95593	T-0003-BLK-01-1400x1051.jpg	\N	\N	\N	\N	\N	\N	/api/media/file/T-0003-BLK-01-1200x630.jpg	1200	630	image/jpeg	70392	T-0003-BLK-01-1200x630.jpg	https://ik.imagekit.io/raygun/redletterclay/T-0003-BLK-01.jpg
176	M-0020-GRN-02.jpg	\N	\N	2026-03-17 18:16:51.714+00	2026-03-17 18:16:51.211+00	/api/media/file/M-0020-GRN-02.jpg	/api/media/file/M-0020-GRN-02-300x225.jpg	M-0020-GRN-02.jpg	image/jpeg	526896	1820	1366	50	50	/api/media/file/M-0020-GRN-02-300x225.jpg	300	225	image/jpeg	6085	M-0020-GRN-02-300x225.jpg	/api/media/file/M-0020-GRN-02-500x500.jpg	500	500	image/jpeg	23599	M-0020-GRN-02-500x500.jpg	/api/media/file/M-0020-GRN-02-600x450.jpg	600	450	image/jpeg	20419	M-0020-GRN-02-600x450.jpg	/api/media/file/M-0020-GRN-02-900x675.jpg	900	675	image/jpeg	41904	M-0020-GRN-02-900x675.jpg	/api/media/file/M-0020-GRN-02-1400x1051.jpg	1400	1051	image/jpeg	88178	M-0020-GRN-02-1400x1051.jpg	\N	\N	\N	\N	\N	\N	/api/media/file/M-0020-GRN-02-1200x630.jpg	1200	630	image/jpeg	61568	M-0020-GRN-02-1200x630.jpg	https://ik.imagekit.io/raygun/redletterclay/M-0020-GRN-02.jpg
177	M-0020-GRN-03.jpg	\N	\N	2026-03-17 18:16:52.708+00	2026-03-17 18:16:51.898+00	/api/media/file/M-0020-GRN-03.jpg	/api/media/file/M-0020-GRN-03-300x225.jpg	M-0020-GRN-03.jpg	image/jpeg	679769	1820	1366	50	50	/api/media/file/M-0020-GRN-03-300x225.jpg	300	225	image/jpeg	8239	M-0020-GRN-03-300x225.jpg	/api/media/file/M-0020-GRN-03-500x500.jpg	500	500	image/jpeg	30314	M-0020-GRN-03-500x500.jpg	/api/media/file/M-0020-GRN-03-600x450.jpg	600	450	image/jpeg	26757	M-0020-GRN-03-600x450.jpg	/api/media/file/M-0020-GRN-03-900x675.jpg	900	675	image/jpeg	54094	M-0020-GRN-03-900x675.jpg	/api/media/file/M-0020-GRN-03-1400x1051.jpg	1400	1051	image/jpeg	113205	M-0020-GRN-03-1400x1051.jpg	\N	\N	\N	\N	\N	\N	/api/media/file/M-0020-GRN-03-1200x630.jpg	1200	630	image/jpeg	80110	M-0020-GRN-03-1200x630.jpg	https://ik.imagekit.io/raygun/redletterclay/M-0020-GRN-03.jpg
178	M-0020-GRN-04.jpg	\N	\N	2026-03-17 18:16:53.76+00	2026-03-17 18:16:52.982+00	/api/media/file/M-0020-GRN-04.jpg	/api/media/file/M-0020-GRN-04-300x225.jpg	M-0020-GRN-04.jpg	image/jpeg	664505	1820	1366	50	50	/api/media/file/M-0020-GRN-04-300x225.jpg	300	225	image/jpeg	7668	M-0020-GRN-04-300x225.jpg	/api/media/file/M-0020-GRN-04-500x500.jpg	500	500	image/jpeg	29938	M-0020-GRN-04-500x500.jpg	/api/media/file/M-0020-GRN-04-600x450.jpg	600	450	image/jpeg	25636	M-0020-GRN-04-600x450.jpg	/api/media/file/M-0020-GRN-04-900x675.jpg	900	675	image/jpeg	52426	M-0020-GRN-04-900x675.jpg	/api/media/file/M-0020-GRN-04-1400x1051.jpg	1400	1051	image/jpeg	110006	M-0020-GRN-04-1400x1051.jpg	\N	\N	\N	\N	\N	\N	/api/media/file/M-0020-GRN-04-1200x630.jpg	1200	630	image/jpeg	77837	M-0020-GRN-04-1200x630.jpg	https://ik.imagekit.io/raygun/redletterclay/M-0020-GRN-04.jpg
179	M-0021-GRN-thumb.jpg	\N	\N	2026-03-17 18:16:54.28+00	2026-03-17 18:16:53.809+00	/api/media/file/M-0021-GRN-thumb.jpg	/api/media/file/M-0021-GRN-thumb-300x300.jpg	M-0021-GRN-thumb.jpg	image/jpeg	112569	400	400	50	50	/api/media/file/M-0021-GRN-thumb-300x300.jpg	300	300	image/jpeg	10077	M-0021-GRN-thumb-300x300.jpg	\N	\N	\N	\N	\N	\N	\N	\N	\N	\N	\N	\N	\N	\N	\N	\N	\N	\N	\N	\N	\N	\N	\N	\N	\N	\N	\N	\N	\N	\N	\N	\N	\N	\N	\N	\N	https://ik.imagekit.io/raygun/redletterclay/M-0021-GRN-thumb.jpg
180	M-0021-GRN-01.jpg	\N	\N	2026-03-17 18:16:55.33+00	2026-03-17 18:16:54.486+00	/api/media/file/M-0021-GRN-01.jpg	/api/media/file/M-0021-GRN-01-300x225.jpg	M-0021-GRN-01.jpg	image/jpeg	547928	1820	1366	50	50	/api/media/file/M-0021-GRN-01-300x225.jpg	300	225	image/jpeg	6596	M-0021-GRN-01-300x225.jpg	/api/media/file/M-0021-GRN-01-500x500.jpg	500	500	image/jpeg	25458	M-0021-GRN-01-500x500.jpg	/api/media/file/M-0021-GRN-01-600x450.jpg	600	450	image/jpeg	21847	M-0021-GRN-01-600x450.jpg	/api/media/file/M-0021-GRN-01-900x675.jpg	900	675	image/jpeg	44335	M-0021-GRN-01-900x675.jpg	/api/media/file/M-0021-GRN-01-1400x1051.jpg	1400	1051	image/jpeg	93427	M-0021-GRN-01-1400x1051.jpg	\N	\N	\N	\N	\N	\N	/api/media/file/M-0021-GRN-01-1200x630.jpg	1200	630	image/jpeg	64024	M-0021-GRN-01-1200x630.jpg	https://ik.imagekit.io/raygun/redletterclay/M-0021-GRN-01.jpg
181	M-0021-GRN-02.jpg	\N	\N	2026-03-17 18:16:55.867+00	2026-03-17 18:16:55.5+00	/api/media/file/M-0021-GRN-02.jpg	/api/media/file/M-0021-GRN-02-300x225.jpg	M-0021-GRN-02.jpg	image/jpeg	514614	1820	1366	50	50	/api/media/file/M-0021-GRN-02-300x225.jpg	300	225	image/jpeg	5994	M-0021-GRN-02-300x225.jpg	/api/media/file/M-0021-GRN-02-500x500.jpg	500	500	image/jpeg	23316	M-0021-GRN-02-500x500.jpg	/api/media/file/M-0021-GRN-02-600x450.jpg	600	450	image/jpeg	20191	M-0021-GRN-02-600x450.jpg	/api/media/file/M-0021-GRN-02-900x675.jpg	900	675	image/jpeg	41080	M-0021-GRN-02-900x675.jpg	/api/media/file/M-0021-GRN-02-1400x1051.jpg	1400	1051	image/jpeg	86811	M-0021-GRN-02-1400x1051.jpg	\N	\N	\N	\N	\N	\N	/api/media/file/M-0021-GRN-02-1200x630.jpg	1200	630	image/jpeg	56439	M-0021-GRN-02-1200x630.jpg	https://ik.imagekit.io/raygun/redletterclay/M-0021-GRN-02.jpg
182	M-0021-GRN-03.jpg	\N	\N	2026-03-17 18:16:56.901+00	2026-03-17 18:16:56.014+00	/api/media/file/M-0021-GRN-03.jpg	/api/media/file/M-0021-GRN-03-300x225.jpg	M-0021-GRN-03.jpg	image/jpeg	613316	1820	1366	50	50	/api/media/file/M-0021-GRN-03-300x225.jpg	300	225	image/jpeg	8063	M-0021-GRN-03-300x225.jpg	/api/media/file/M-0021-GRN-03-500x500.jpg	500	500	image/jpeg	30843	M-0021-GRN-03-500x500.jpg	/api/media/file/M-0021-GRN-03-600x450.jpg	600	450	image/jpeg	26643	M-0021-GRN-03-600x450.jpg	/api/media/file/M-0021-GRN-03-900x675.jpg	900	675	image/jpeg	52425	M-0021-GRN-03-900x675.jpg	/api/media/file/M-0021-GRN-03-1400x1051.jpg	1400	1051	image/jpeg	106294	M-0021-GRN-03-1400x1051.jpg	\N	\N	\N	\N	\N	\N	/api/media/file/M-0021-GRN-03-1200x630.jpg	1200	630	image/jpeg	69967	M-0021-GRN-03-1200x630.jpg	https://ik.imagekit.io/raygun/redletterclay/M-0021-GRN-03.jpg
183	M-0021-GRN-04.jpg	\N	\N	2026-03-17 18:16:58.016+00	2026-03-17 18:16:57.107+00	/api/media/file/M-0021-GRN-04.jpg	/api/media/file/M-0021-GRN-04-300x225.jpg	M-0021-GRN-04.jpg	image/jpeg	814539	1820	1366	50	50	/api/media/file/M-0021-GRN-04-300x225.jpg	300	225	image/jpeg	9326	M-0021-GRN-04-300x225.jpg	/api/media/file/M-0021-GRN-04-500x500.jpg	500	500	image/jpeg	37163	M-0021-GRN-04-500x500.jpg	/api/media/file/M-0021-GRN-04-600x450.jpg	600	450	image/jpeg	31812	M-0021-GRN-04-600x450.jpg	/api/media/file/M-0021-GRN-04-900x675.jpg	900	675	image/jpeg	65038	M-0021-GRN-04-900x675.jpg	/api/media/file/M-0021-GRN-04-1400x1051.jpg	1400	1051	image/jpeg	134467	M-0021-GRN-04-1400x1051.jpg	\N	\N	\N	\N	\N	\N	/api/media/file/M-0021-GRN-04-1200x630.jpg	1200	630	image/jpeg	95711	M-0021-GRN-04-1200x630.jpg	https://ik.imagekit.io/raygun/redletterclay/M-0021-GRN-04.jpg
184	M-0022-BLK-thumb.jpg	\N	\N	2026-03-17 18:16:58.9+00	2026-03-17 18:16:58.185+00	/api/media/file/M-0022-BLK-thumb.jpg	/api/media/file/M-0022-BLK-thumb-300x300.jpg	M-0022-BLK-thumb.jpg	image/jpeg	291420	1001	1001	50	50	/api/media/file/M-0022-BLK-thumb-300x300.jpg	300	300	image/jpeg	8021	M-0022-BLK-thumb-300x300.jpg	/api/media/file/M-0022-BLK-thumb-500x500.jpg	500	500	image/jpeg	17807	M-0022-BLK-thumb-500x500.jpg	/api/media/file/M-0022-BLK-thumb-600x600.jpg	600	600	image/jpeg	23771	M-0022-BLK-thumb-600x600.jpg	/api/media/file/M-0022-BLK-thumb-900x900.jpg	900	900	image/jpeg	44954	M-0022-BLK-thumb-900x900.jpg	\N	\N	\N	\N	\N	\N	\N	\N	\N	\N	\N	\N	/api/media/file/M-0022-BLK-thumb-1200x630.jpg	1200	630	image/jpeg	39625	M-0022-BLK-thumb-1200x630.jpg	https://ik.imagekit.io/raygun/redletterclay/M-0022-BLK-thumb.jpg
185	M-0022-BLK-01.jpg	\N	\N	2026-03-17 18:16:59.945+00	2026-03-17 18:16:59.11+00	/api/media/file/M-0022-BLK-01.jpg	/api/media/file/M-0022-BLK-01-300x225.jpg	M-0022-BLK-01.jpg	image/jpeg	344561	1820	1366	50	50	/api/media/file/M-0022-BLK-01-300x225.jpg	300	225	image/jpeg	5102	M-0022-BLK-01-300x225.jpg	/api/media/file/M-0022-BLK-01-500x500.jpg	500	500	image/jpeg	16401	M-0022-BLK-01-500x500.jpg	/api/media/file/M-0022-BLK-01-600x450.jpg	600	450	image/jpeg	14347	M-0022-BLK-01-600x450.jpg	/api/media/file/M-0022-BLK-01-900x675.jpg	900	675	image/jpeg	27605	M-0022-BLK-01-900x675.jpg	/api/media/file/M-0022-BLK-01-1400x1051.jpg	1400	1051	image/jpeg	55651	M-0022-BLK-01-1400x1051.jpg	\N	\N	\N	\N	\N	\N	/api/media/file/M-0022-BLK-01-1200x630.jpg	1200	630	image/jpeg	37399	M-0022-BLK-01-1200x630.jpg	https://ik.imagekit.io/raygun/redletterclay/M-0022-BLK-01.jpg
250	T-0003-BLK-04.jpg	\N	\N	2026-03-17 18:17:57.522+00	2026-03-17 18:17:56.594+00	/api/media/file/T-0003-BLK-04.jpg	/api/media/file/T-0003-BLK-04-300x225.jpg	T-0003-BLK-04.jpg	image/jpeg	447845	1820	1366	50	50	/api/media/file/T-0003-BLK-04-300x225.jpg	300	225	image/jpeg	6618	T-0003-BLK-04-300x225.jpg	/api/media/file/T-0003-BLK-04-500x500.jpg	500	500	image/jpeg	20558	T-0003-BLK-04-500x500.jpg	/api/media/file/T-0003-BLK-04-600x450.jpg	600	450	image/jpeg	19200	T-0003-BLK-04-600x450.jpg	/api/media/file/T-0003-BLK-04-900x675.jpg	900	675	image/jpeg	36938	T-0003-BLK-04-900x675.jpg	/api/media/file/T-0003-BLK-04-1400x1051.jpg	1400	1051	image/jpeg	74302	T-0003-BLK-04-1400x1051.jpg	\N	\N	\N	\N	\N	\N	/api/media/file/T-0003-BLK-04-1200x630.jpg	1200	630	image/jpeg	55630	T-0003-BLK-04-1200x630.jpg	https://ik.imagekit.io/raygun/redletterclay/T-0003-BLK-04.jpg
186	M-0022-BLK-02.jpg	\N	\N	2026-03-17 18:17:00.841+00	2026-03-17 18:17:00.251+00	/api/media/file/M-0022-BLK-02.jpg	/api/media/file/M-0022-BLK-02-300x225.jpg	M-0022-BLK-02.jpg	image/jpeg	307666	1820	1366	50	50	/api/media/file/M-0022-BLK-02-300x225.jpg	300	225	image/jpeg	4315	M-0022-BLK-02-300x225.jpg	/api/media/file/M-0022-BLK-02-500x500.jpg	500	500	image/jpeg	14135	M-0022-BLK-02-500x500.jpg	/api/media/file/M-0022-BLK-02-600x450.jpg	600	450	image/jpeg	12439	M-0022-BLK-02-600x450.jpg	/api/media/file/M-0022-BLK-02-900x675.jpg	900	675	image/jpeg	24391	M-0022-BLK-02-900x675.jpg	/api/media/file/M-0022-BLK-02-1400x1051.jpg	1400	1051	image/jpeg	50081	M-0022-BLK-02-1400x1051.jpg	\N	\N	\N	\N	\N	\N	/api/media/file/M-0022-BLK-02-1200x630.jpg	1200	630	image/jpeg	32293	M-0022-BLK-02-1200x630.jpg	https://ik.imagekit.io/raygun/redletterclay/M-0022-BLK-02.jpg
378	\N	\N	\N	2026-03-18 21:38:37.922+00	2026-03-18 21:38:36.888+00	/api/media/file/P-0006-PUR-thumb.jpg	\N	P-0006-PUR-thumb.jpg	image/jpeg	68093	400	400	50	50	/api/media/file/P-0006-PUR-thumb-300x300.jpg	300	300	image/jpeg	6295	P-0006-PUR-thumb-300x300.jpg	\N	\N	\N	\N	\N	\N	\N	\N	\N	\N	\N	\N	\N	\N	\N	\N	\N	\N	\N	\N	\N	\N	\N	\N	\N	\N	\N	\N	\N	\N	\N	\N	\N	\N	\N	\N	https://ik.imagekit.io/raygun/redletterclay/P-0006-PUR-thumb.jpg
187	M-0022-BLK-03.jpg	\N	\N	2026-03-17 18:17:01.852+00	2026-03-17 18:17:01.009+00	/api/media/file/M-0022-BLK-03.jpg	/api/media/file/M-0022-BLK-03-300x225.jpg	M-0022-BLK-03.jpg	image/jpeg	291638	1820	1366	50	50	/api/media/file/M-0022-BLK-03-300x225.jpg	300	225	image/jpeg	4947	M-0022-BLK-03-300x225.jpg	/api/media/file/M-0022-BLK-03-500x500.jpg	500	500	image/jpeg	15102	M-0022-BLK-03-500x500.jpg	/api/media/file/M-0022-BLK-03-600x450.jpg	600	450	image/jpeg	13566	M-0022-BLK-03-600x450.jpg	/api/media/file/M-0022-BLK-03-900x675.jpg	900	675	image/jpeg	25170	M-0022-BLK-03-900x675.jpg	/api/media/file/M-0022-BLK-03-1400x1051.jpg	1400	1051	image/jpeg	49516	M-0022-BLK-03-1400x1051.jpg	\N	\N	\N	\N	\N	\N	/api/media/file/M-0022-BLK-03-1200x630.jpg	1200	630	image/jpeg	35998	M-0022-BLK-03-1200x630.jpg	https://ik.imagekit.io/raygun/redletterclay/M-0022-BLK-03.jpg
251	T-0003-BLK-02.jpg	\N	\N	2026-03-17 18:17:58.618+00	2026-03-17 18:17:57.748+00	/api/media/file/T-0003-BLK-02.jpg	/api/media/file/T-0003-BLK-02-300x225.jpg	T-0003-BLK-02.jpg	image/jpeg	437560	1820	1366	50	50	/api/media/file/T-0003-BLK-02-300x225.jpg	300	225	image/jpeg	5793	T-0003-BLK-02-300x225.jpg	/api/media/file/T-0003-BLK-02-500x500.jpg	500	500	image/jpeg	19053	T-0003-BLK-02-500x500.jpg	/api/media/file/T-0003-BLK-02-600x450.jpg	600	450	image/jpeg	16972	T-0003-BLK-02-600x450.jpg	/api/media/file/T-0003-BLK-02-900x675.jpg	900	675	image/jpeg	33679	T-0003-BLK-02-900x675.jpg	/api/media/file/T-0003-BLK-02-1400x1051.jpg	1400	1051	image/jpeg	70584	T-0003-BLK-02-1400x1051.jpg	\N	\N	\N	\N	\N	\N	/api/media/file/T-0003-BLK-02-1200x630.jpg	1200	630	image/jpeg	51384	T-0003-BLK-02-1200x630.jpg	https://ik.imagekit.io/raygun/redletterclay/T-0003-BLK-02.jpg
188	M-0022-BLK-04.jpg	\N	\N	2026-03-17 18:17:02.9+00	2026-03-17 18:17:02.025+00	/api/media/file/M-0022-BLK-04.jpg	/api/media/file/M-0022-BLK-04-300x225.jpg	M-0022-BLK-04.jpg	image/jpeg	462820	1820	1366	50	50	/api/media/file/M-0022-BLK-04-300x225.jpg	300	225	image/jpeg	6639	M-0022-BLK-04-300x225.jpg	/api/media/file/M-0022-BLK-04-500x500.jpg	500	500	image/jpeg	21796	M-0022-BLK-04-500x500.jpg	/api/media/file/M-0022-BLK-04-600x450.jpg	600	450	image/jpeg	19123	M-0022-BLK-04-600x450.jpg	/api/media/file/M-0022-BLK-04-900x675.jpg	900	675	image/jpeg	36872	M-0022-BLK-04-900x675.jpg	/api/media/file/M-0022-BLK-04-1400x1051.jpg	1400	1051	image/jpeg	74547	M-0022-BLK-04-1400x1051.jpg	\N	\N	\N	\N	\N	\N	/api/media/file/M-0022-BLK-04-1200x630.jpg	1200	630	image/jpeg	53548	M-0022-BLK-04-1200x630.jpg	https://ik.imagekit.io/raygun/redletterclay/M-0022-BLK-04.jpg
406	\N	\N	\N	2026-03-19 01:57:28.984+00	2026-03-19 01:57:27.507+00	/api/media/file/T-0008-YEL-thumb-2.jpg	\N	T-0008-YEL-thumb-2.jpg	image/jpeg	88894	400	400	50	50	/api/media/file/T-0008-YEL-thumb-2-300x300.jpg	300	300	image/jpeg	7813	T-0008-YEL-thumb-2-300x300.jpg	\N	\N	\N	\N	\N	\N	\N	\N	\N	\N	\N	\N	\N	\N	\N	\N	\N	\N	\N	\N	\N	\N	\N	\N	\N	\N	\N	\N	\N	\N	\N	\N	\N	\N	\N	\N	https://ik.imagekit.io/raygun/redletterclay/T-0008-YEL-thumb-2.jpg
189	M-0023-WHT-thumb.jpg	\N	\N	2026-03-17 18:17:03.871+00	2026-03-17 18:17:03.038+00	/api/media/file/M-0023-WHT-thumb.jpg	/api/media/file/M-0023-WHT-thumb-300x300.jpg	M-0023-WHT-thumb.jpg	image/jpeg	530453	1001	1001	50	50	/api/media/file/M-0023-WHT-thumb-300x300.jpg	300	300	image/jpeg	12547	M-0023-WHT-thumb-300x300.jpg	/api/media/file/M-0023-WHT-thumb-500x500.jpg	500	500	image/jpeg	29682	M-0023-WHT-thumb-500x500.jpg	/api/media/file/M-0023-WHT-thumb-600x600.jpg	600	600	image/jpeg	39367	M-0023-WHT-thumb-600x600.jpg	/api/media/file/M-0023-WHT-thumb-900x900.jpg	900	900	image/jpeg	72090	M-0023-WHT-thumb-900x900.jpg	\N	\N	\N	\N	\N	\N	\N	\N	\N	\N	\N	\N	/api/media/file/M-0023-WHT-thumb-1200x630.jpg	1200	630	image/jpeg	71545	M-0023-WHT-thumb-1200x630.jpg	https://ik.imagekit.io/raygun/redletterclay/M-0023-WHT-thumb.jpg
252	T-0003-BLK-03.jpg	\N	\N	2026-03-17 18:17:59.656+00	2026-03-17 18:17:58.789+00	/api/media/file/T-0003-BLK-03.jpg	/api/media/file/T-0003-BLK-03-300x225.jpg	T-0003-BLK-03.jpg	image/jpeg	530035	1820	1366	50	50	/api/media/file/T-0003-BLK-03-300x225.jpg	300	225	image/jpeg	6808	T-0003-BLK-03-300x225.jpg	/api/media/file/T-0003-BLK-03-500x500.jpg	500	500	image/jpeg	23773	T-0003-BLK-03-500x500.jpg	/api/media/file/T-0003-BLK-03-600x450.jpg	600	450	image/jpeg	20957	T-0003-BLK-03-600x450.jpg	/api/media/file/T-0003-BLK-03-900x675.jpg	900	675	image/jpeg	41865	T-0003-BLK-03-900x675.jpg	/api/media/file/T-0003-BLK-03-1400x1051.jpg	1400	1051	image/jpeg	86665	T-0003-BLK-03-1400x1051.jpg	\N	\N	\N	\N	\N	\N	/api/media/file/T-0003-BLK-03-1200x630.jpg	1200	630	image/jpeg	63317	T-0003-BLK-03-1200x630.jpg	https://ik.imagekit.io/raygun/redletterclay/T-0003-BLK-03.jpg
253	T-0004-COP-thumb.jpg	\N	\N	2026-03-17 18:18:00.546+00	2026-03-17 18:17:59.804+00	/api/media/file/T-0004-COP-thumb.jpg	/api/media/file/T-0004-COP-thumb-300x300.jpg	T-0004-COP-thumb.jpg	image/jpeg	375743	1001	1001	50	50	/api/media/file/T-0004-COP-thumb-300x300.jpg	300	300	image/jpeg	8457	T-0004-COP-thumb-300x300.jpg	/api/media/file/T-0004-COP-thumb-500x500.jpg	500	500	image/jpeg	20179	T-0004-COP-thumb-500x500.jpg	/api/media/file/T-0004-COP-thumb-600x600.jpg	600	600	image/jpeg	27324	T-0004-COP-thumb-600x600.jpg	/api/media/file/T-0004-COP-thumb-900x900.jpg	900	900	image/jpeg	54598	T-0004-COP-thumb-900x900.jpg	\N	\N	\N	\N	\N	\N	\N	\N	\N	\N	\N	\N	/api/media/file/T-0004-COP-thumb-1200x630.jpg	1200	630	image/jpeg	76108	T-0004-COP-thumb-1200x630.jpg	https://ik.imagekit.io/raygun/redletterclay/T-0004-COP-thumb.jpg
190	M-0023-WHT-01.jpg	\N	\N	2026-03-17 18:17:04.378+00	2026-03-17 18:17:04.038+00	/api/media/file/M-0023-WHT-01.jpg	/api/media/file/M-0023-WHT-01-300x225.jpg	M-0023-WHT-01.jpg	image/jpeg	541478	1820	1366	50	50	/api/media/file/M-0023-WHT-01-300x225.jpg	300	225	image/jpeg	7440	M-0023-WHT-01-300x225.jpg	/api/media/file/M-0023-WHT-01-500x500.jpg	500	500	image/jpeg	28936	M-0023-WHT-01-500x500.jpg	/api/media/file/M-0023-WHT-01-600x450.jpg	600	450	image/jpeg	25138	M-0023-WHT-01-600x450.jpg	/api/media/file/M-0023-WHT-01-900x675.jpg	900	675	image/jpeg	47750	M-0023-WHT-01-900x675.jpg	/api/media/file/M-0023-WHT-01-1400x1051.jpg	1400	1051	image/jpeg	91918	M-0023-WHT-01-1400x1051.jpg	\N	\N	\N	\N	\N	\N	/api/media/file/M-0023-WHT-01-1200x630.jpg	1200	630	image/jpeg	65148	M-0023-WHT-01-1200x630.jpg	https://ik.imagekit.io/raygun/redletterclay/M-0023-WHT-01.jpg
343	juicer-01.jpg	\N	\N	2026-03-17 18:19:40.402+00	2026-03-17 18:19:39.684+00	/api/media/file/juicer-2.jpg	/api/media/file/juicer-2-300x200.jpg	juicer-2.jpg	image/jpeg	235642	2000	1333	50	50	/api/media/file/juicer-2-300x200.jpg	300	200	image/jpeg	6724	juicer-2-300x200.jpg	/api/media/file/juicer-2-500x500.jpg	500	500	image/jpeg	28538	juicer-2-500x500.jpg	/api/media/file/juicer-2-600x400.jpg	600	400	image/jpeg	21693	juicer-2-600x400.jpg	/api/media/file/juicer-2-900x600.jpg	900	600	image/jpeg	44959	juicer-2-900x600.jpg	/api/media/file/juicer-2-1400x933.jpg	1400	933	image/jpeg	99745	juicer-2-1400x933.jpg	/api/media/file/juicer-2-1920x1280.jpg	1920	1280	image/jpeg	169978	juicer-2-1920x1280.jpg	/api/media/file/juicer-2-1200x630.jpg	1200	630	image/jpeg	66446	juicer-2-1200x630.jpg	https://ik.imagekit.io/raygun/redletterclay/juicer-01.jpg
191	M-0023-WHT-02.jpg	\N	\N	2026-03-17 18:17:05.2+00	2026-03-17 18:17:04.528+00	/api/media/file/M-0023-WHT-02.jpg	/api/media/file/M-0023-WHT-02-300x225.jpg	M-0023-WHT-02.jpg	image/jpeg	476201	1820	1366	50	50	/api/media/file/M-0023-WHT-02-300x225.jpg	300	225	image/jpeg	6288	M-0023-WHT-02-300x225.jpg	/api/media/file/M-0023-WHT-02-500x500.jpg	500	500	image/jpeg	25063	M-0023-WHT-02-500x500.jpg	/api/media/file/M-0023-WHT-02-600x450.jpg	600	450	image/jpeg	21672	M-0023-WHT-02-600x450.jpg	/api/media/file/M-0023-WHT-02-900x675.jpg	900	675	image/jpeg	42008	M-0023-WHT-02-900x675.jpg	/api/media/file/M-0023-WHT-02-1400x1051.jpg	1400	1051	image/jpeg	80880	M-0023-WHT-02-1400x1051.jpg	\N	\N	\N	\N	\N	\N	/api/media/file/M-0023-WHT-02-1200x630.jpg	1200	630	image/jpeg	56622	M-0023-WHT-02-1200x630.jpg	https://ik.imagekit.io/raygun/redletterclay/M-0023-WHT-02.jpg
254	T-0004-COP-01.jpg	\N	\N	2026-03-17 18:18:01.441+00	2026-03-17 18:18:00.691+00	/api/media/file/T-0004-COP-01.jpg	/api/media/file/T-0004-COP-01-300x225.jpg	T-0004-COP-01.jpg	image/jpeg	585434	1820	1366	50	50	/api/media/file/T-0004-COP-01-300x225.jpg	300	225	image/jpeg	7679	T-0004-COP-01-300x225.jpg	/api/media/file/T-0004-COP-01-500x500.jpg	500	500	image/jpeg	28464	T-0004-COP-01-500x500.jpg	/api/media/file/T-0004-COP-01-600x450.jpg	600	450	image/jpeg	24475	T-0004-COP-01-600x450.jpg	/api/media/file/T-0004-COP-01-900x675.jpg	900	675	image/jpeg	49281	T-0004-COP-01-900x675.jpg	/api/media/file/T-0004-COP-01-1400x1051.jpg	1400	1051	image/jpeg	102163	T-0004-COP-01-1400x1051.jpg	\N	\N	\N	\N	\N	\N	/api/media/file/T-0004-COP-01-1200x630.jpg	1200	630	image/jpeg	76368	T-0004-COP-01-1200x630.jpg	https://ik.imagekit.io/raygun/redletterclay/T-0004-COP-01.jpg
192	M-0023-WHT-03.jpg	\N	\N	2026-03-17 18:17:05.681+00	2026-03-17 18:17:05.373+00	/api/media/file/M-0023-WHT-03.jpg	/api/media/file/M-0023-WHT-03-300x225.jpg	M-0023-WHT-03.jpg	image/jpeg	657404	1820	1366	50	50	/api/media/file/M-0023-WHT-03-300x225.jpg	300	225	image/jpeg	8440	M-0023-WHT-03-300x225.jpg	/api/media/file/M-0023-WHT-03-500x500.jpg	500	500	image/jpeg	33410	M-0023-WHT-03-500x500.jpg	/api/media/file/M-0023-WHT-03-600x450.jpg	600	450	image/jpeg	28885	M-0023-WHT-03-600x450.jpg	/api/media/file/M-0023-WHT-03-900x675.jpg	900	675	image/jpeg	55339	M-0023-WHT-03-900x675.jpg	/api/media/file/M-0023-WHT-03-1400x1051.jpg	1400	1051	image/jpeg	108922	M-0023-WHT-03-1400x1051.jpg	\N	\N	\N	\N	\N	\N	/api/media/file/M-0023-WHT-03-1200x630.jpg	1200	630	image/jpeg	81640	M-0023-WHT-03-1200x630.jpg	https://ik.imagekit.io/raygun/redletterclay/M-0023-WHT-03.jpg
193	M-0023-WHT-04.jpg	\N	\N	2026-03-17 18:17:06.657+00	2026-03-17 18:17:05.831+00	/api/media/file/M-0023-WHT-04.jpg	/api/media/file/M-0023-WHT-04-300x225.jpg	M-0023-WHT-04.jpg	image/jpeg	676703	1820	1366	50	50	/api/media/file/M-0023-WHT-04-300x225.jpg	300	225	image/jpeg	8782	M-0023-WHT-04-300x225.jpg	/api/media/file/M-0023-WHT-04-500x500.jpg	500	500	image/jpeg	34017	M-0023-WHT-04-500x500.jpg	/api/media/file/M-0023-WHT-04-600x450.jpg	600	450	image/jpeg	29414	M-0023-WHT-04-600x450.jpg	/api/media/file/M-0023-WHT-04-900x675.jpg	900	675	image/jpeg	56304	M-0023-WHT-04-900x675.jpg	/api/media/file/M-0023-WHT-04-1400x1051.jpg	1400	1051	image/jpeg	109541	M-0023-WHT-04-1400x1051.jpg	\N	\N	\N	\N	\N	\N	/api/media/file/M-0023-WHT-04-1200x630.jpg	1200	630	image/jpeg	81032	M-0023-WHT-04-1200x630.jpg	https://ik.imagekit.io/raygun/redletterclay/M-0023-WHT-04.jpg
255	T-0004-COP-02.jpg	\N	\N	2026-03-17 18:18:02.443+00	2026-03-17 18:18:01.58+00	/api/media/file/T-0004-COP-02.jpg	/api/media/file/T-0004-COP-02-300x225.jpg	T-0004-COP-02.jpg	image/jpeg	465450	1820	1366	50	50	/api/media/file/T-0004-COP-02-300x225.jpg	300	225	image/jpeg	6825	T-0004-COP-02-300x225.jpg	/api/media/file/T-0004-COP-02-500x500.jpg	500	500	image/jpeg	22711	T-0004-COP-02-500x500.jpg	/api/media/file/T-0004-COP-02-600x450.jpg	600	450	image/jpeg	20166	T-0004-COP-02-600x450.jpg	/api/media/file/T-0004-COP-02-900x675.jpg	900	675	image/jpeg	38678	T-0004-COP-02-900x675.jpg	/api/media/file/T-0004-COP-02-1400x1051.jpg	1400	1051	image/jpeg	77138	T-0004-COP-02-1400x1051.jpg	\N	\N	\N	\N	\N	\N	/api/media/file/T-0004-COP-02-1200x630.jpg	1200	630	image/jpeg	56733	T-0004-COP-02-1200x630.jpg	https://ik.imagekit.io/raygun/redletterclay/T-0004-COP-02.jpg
194	M-0024-PUR-thumb.jpg	\N	\N	2026-03-17 18:17:07.463+00	2026-03-17 18:17:06.805+00	/api/media/file/M-0024-PUR-thumb.jpg	/api/media/file/M-0024-PUR-thumb-300x300.jpg	M-0024-PUR-thumb.jpg	image/jpeg	535960	1001	1001	50	50	/api/media/file/M-0024-PUR-thumb-300x300.jpg	300	300	image/jpeg	13083	M-0024-PUR-thumb-300x300.jpg	/api/media/file/M-0024-PUR-thumb-500x500.jpg	500	500	image/jpeg	30638	M-0024-PUR-thumb-500x500.jpg	/api/media/file/M-0024-PUR-thumb-600x600.jpg	600	600	image/jpeg	41090	M-0024-PUR-thumb-600x600.jpg	/api/media/file/M-0024-PUR-thumb-900x900.jpg	900	900	image/jpeg	77281	M-0024-PUR-thumb-900x900.jpg	\N	\N	\N	\N	\N	\N	\N	\N	\N	\N	\N	\N	/api/media/file/M-0024-PUR-thumb-1200x630.jpg	1200	630	image/jpeg	75602	M-0024-PUR-thumb-1200x630.jpg	https://ik.imagekit.io/raygun/redletterclay/M-0024-PUR-thumb.jpg
411	\N	\N	\N	2026-03-19 02:11:57.402+00	2026-03-19 02:11:56.768+00	/api/media/file/M-0029-PUR-thumb.jpg	\N	M-0029-PUR-thumb.jpg	image/jpeg	117502	400	400	50	50	/api/media/file/M-0029-PUR-thumb-300x300.jpg	300	300	image/jpeg	10364	M-0029-PUR-thumb-300x300.jpg	\N	\N	\N	\N	\N	\N	\N	\N	\N	\N	\N	\N	\N	\N	\N	\N	\N	\N	\N	\N	\N	\N	\N	\N	\N	\N	\N	\N	\N	\N	\N	\N	\N	\N	\N	\N	https://ik.imagekit.io/raygun/redletterclay/M-0029-PUR-thumb.jpg
467	\N	\N	\N	2026-04-09 03:30:55.347+00	2026-04-09 03:30:48.972+00	/api/media/file/T-0010-GRN-02.jpg	\N	T-0010-GRN-02.jpg	image/jpeg	610591	1820	1366	50	50	/api/media/file/T-0010-GRN-02-300x225.jpg	300	225	image/jpeg	7501	T-0010-GRN-02-300x225.jpg	/api/media/file/T-0010-GRN-02-500x500.jpg	500	500	image/jpeg	25692	T-0010-GRN-02-500x500.jpg	/api/media/file/T-0010-GRN-02-600x450.jpg	600	450	image/jpeg	24086	T-0010-GRN-02-600x450.jpg	/api/media/file/T-0010-GRN-02-900x675.jpg	900	675	image/jpeg	47609	T-0010-GRN-02-900x675.jpg	/api/media/file/T-0010-GRN-02-1400x1051.jpg	1400	1051	image/jpeg	98859	T-0010-GRN-02-1400x1051.jpg	\N	\N	\N	\N	\N	\N	/api/media/file/T-0010-GRN-02-1200x630.jpg	1200	630	image/jpeg	72715	T-0010-GRN-02-1200x630.jpg	https://ik.imagekit.io/raygun/redletterclay/T-0010-GRN-02.jpg
195	M-0024-PUR-01.jpg	\N	\N	2026-03-17 18:17:08.299+00	2026-03-17 18:17:07.628+00	/api/media/file/M-0024-PUR-01.jpg	/api/media/file/M-0024-PUR-01-300x225.jpg	M-0024-PUR-01.jpg	image/jpeg	534866	1820	1366	50	50	/api/media/file/M-0024-PUR-01-300x225.jpg	300	225	image/jpeg	7451	M-0024-PUR-01-300x225.jpg	/api/media/file/M-0024-PUR-01-500x500.jpg	500	500	image/jpeg	28296	M-0024-PUR-01-500x500.jpg	/api/media/file/M-0024-PUR-01-600x450.jpg	600	450	image/jpeg	24624	M-0024-PUR-01-600x450.jpg	/api/media/file/M-0024-PUR-01-900x675.jpg	900	675	image/jpeg	47366	M-0024-PUR-01-900x675.jpg	/api/media/file/M-0024-PUR-01-1400x1051.jpg	1400	1051	image/jpeg	93841	M-0024-PUR-01-1400x1051.jpg	\N	\N	\N	\N	\N	\N	/api/media/file/M-0024-PUR-01-1200x630.jpg	1200	630	image/jpeg	66234	M-0024-PUR-01-1200x630.jpg	https://ik.imagekit.io/raygun/redletterclay/M-0024-PUR-01.jpg
256	T-0004-COP-03.jpg	\N	\N	2026-03-17 18:18:03.488+00	2026-03-17 18:18:02.616+00	/api/media/file/T-0004-COP-03.jpg	/api/media/file/T-0004-COP-03-300x225.jpg	T-0004-COP-03.jpg	image/jpeg	491723	1820	1366	50	50	/api/media/file/T-0004-COP-03-300x225.jpg	300	225	image/jpeg	6847	T-0004-COP-03-300x225.jpg	/api/media/file/T-0004-COP-03-500x500.jpg	500	500	image/jpeg	23114	T-0004-COP-03-500x500.jpg	/api/media/file/T-0004-COP-03-600x450.jpg	600	450	image/jpeg	20762	T-0004-COP-03-600x450.jpg	/api/media/file/T-0004-COP-03-900x675.jpg	900	675	image/jpeg	40108	T-0004-COP-03-900x675.jpg	/api/media/file/T-0004-COP-03-1400x1051.jpg	1400	1051	image/jpeg	80240	T-0004-COP-03-1400x1051.jpg	\N	\N	\N	\N	\N	\N	/api/media/file/T-0004-COP-03-1200x630.jpg	1200	630	image/jpeg	59836	T-0004-COP-03-1200x630.jpg	https://ik.imagekit.io/raygun/redletterclay/T-0004-COP-03.jpg
196	M-0024-PUR-02.jpg	\N	\N	2026-03-17 18:17:09.484+00	2026-03-17 18:17:08.471+00	/api/media/file/M-0024-PUR-02.jpg	/api/media/file/M-0024-PUR-02-300x225.jpg	M-0024-PUR-02.jpg	image/jpeg	491025	1820	1366	50	50	/api/media/file/M-0024-PUR-02-300x225.jpg	300	225	image/jpeg	6534	M-0024-PUR-02-300x225.jpg	/api/media/file/M-0024-PUR-02-500x500.jpg	500	500	image/jpeg	25606	M-0024-PUR-02-500x500.jpg	/api/media/file/M-0024-PUR-02-600x450.jpg	600	450	image/jpeg	22104	M-0024-PUR-02-600x450.jpg	/api/media/file/M-0024-PUR-02-900x675.jpg	900	675	image/jpeg	43477	M-0024-PUR-02-900x675.jpg	/api/media/file/M-0024-PUR-02-1400x1051.jpg	1400	1051	image/jpeg	87147	M-0024-PUR-02-1400x1051.jpg	\N	\N	\N	\N	\N	\N	/api/media/file/M-0024-PUR-02-1200x630.jpg	1200	630	image/jpeg	60618	M-0024-PUR-02-1200x630.jpg	https://ik.imagekit.io/raygun/redletterclay/M-0024-PUR-02.jpg
197	M-0024-PUR-03.jpg	\N	\N	2026-03-17 18:17:10.533+00	2026-03-17 18:17:09.664+00	/api/media/file/M-0024-PUR-03.jpg	/api/media/file/M-0024-PUR-03-300x225.jpg	M-0024-PUR-03.jpg	image/jpeg	678777	1820	1366	50	50	/api/media/file/M-0024-PUR-03-300x225.jpg	300	225	image/jpeg	8665	M-0024-PUR-03-300x225.jpg	/api/media/file/M-0024-PUR-03-500x500.jpg	500	500	image/jpeg	32642	M-0024-PUR-03-500x500.jpg	/api/media/file/M-0024-PUR-03-600x450.jpg	600	450	image/jpeg	28654	M-0024-PUR-03-600x450.jpg	/api/media/file/M-0024-PUR-03-900x675.jpg	900	675	image/jpeg	55787	M-0024-PUR-03-900x675.jpg	/api/media/file/M-0024-PUR-03-1400x1051.jpg	1400	1051	image/jpeg	112038	M-0024-PUR-03-1400x1051.jpg	\N	\N	\N	\N	\N	\N	/api/media/file/M-0024-PUR-03-1200x630.jpg	1200	630	image/jpeg	82399	M-0024-PUR-03-1200x630.jpg	https://ik.imagekit.io/raygun/redletterclay/M-0024-PUR-03.jpg
257	wad-thumb.jpg	\N	\N	2026-03-17 18:18:06.64+00	2026-03-17 18:18:05.966+00	/api/media/file/wad-thumb.jpg	/api/media/file/wad-thumb-300x300.jpg	wad-thumb.jpg	image/jpeg	155910	1080	1080	50	50	/api/media/file/wad-thumb-300x300.jpg	300	300	image/jpeg	17212	wad-thumb-300x300.jpg	/api/media/file/wad-thumb-500x500.jpg	500	500	image/jpeg	47401	wad-thumb-500x500.jpg	/api/media/file/wad-thumb-600x600.jpg	600	600	image/jpeg	67855	wad-thumb-600x600.jpg	/api/media/file/wad-thumb-900x900.jpg	900	900	image/jpeg	153560	wad-thumb-900x900.jpg	\N	\N	\N	\N	\N	\N	\N	\N	\N	\N	\N	\N	/api/media/file/wad-thumb-1200x630.jpg	1200	630	image/jpeg	154951	wad-thumb-1200x630.jpg	https://ik.imagekit.io/raygun/redletterclay/wad-thumb.jpg
198	M-0024-PUR-04.jpg	\N	\N	2026-03-17 18:17:11.621+00	2026-03-17 18:17:10.724+00	/api/media/file/M-0024-PUR-04.jpg	/api/media/file/M-0024-PUR-04-300x225.jpg	M-0024-PUR-04.jpg	image/jpeg	792504	1820	1366	50	50	/api/media/file/M-0024-PUR-04-300x225.jpg	300	225	image/jpeg	10342	M-0024-PUR-04-300x225.jpg	/api/media/file/M-0024-PUR-04-500x500.jpg	500	500	image/jpeg	40459	M-0024-PUR-04-500x500.jpg	/api/media/file/M-0024-PUR-04-600x450.jpg	600	450	image/jpeg	34885	M-0024-PUR-04-600x450.jpg	/api/media/file/M-0024-PUR-04-900x675.jpg	900	675	image/jpeg	68247	M-0024-PUR-04-900x675.jpg	/api/media/file/M-0024-PUR-04-1400x1051.jpg	1400	1051	image/jpeg	136373	M-0024-PUR-04-1400x1051.jpg	\N	\N	\N	\N	\N	\N	/api/media/file/M-0024-PUR-04-1200x630.jpg	1200	630	image/jpeg	101101	M-0024-PUR-04-1200x630.jpg	https://ik.imagekit.io/raygun/redletterclay/M-0024-PUR-04.jpg
199	M-0025-PUR-thumb.jpg	\N	\N	2026-03-17 18:17:12.959+00	2026-03-17 18:17:11.782+00	/api/media/file/M-0025-PUR-thumb.jpg	/api/media/file/M-0025-PUR-thumb-300x300.jpg	M-0025-PUR-thumb.jpg	image/jpeg	621044	1001	1001	50	50	/api/media/file/M-0025-PUR-thumb-300x300.jpg	300	300	image/jpeg	12709	M-0025-PUR-thumb-300x300.jpg	/api/media/file/M-0025-PUR-thumb-500x500.jpg	500	500	image/jpeg	31340	M-0025-PUR-thumb-500x500.jpg	/api/media/file/M-0025-PUR-thumb-600x600.jpg	600	600	image/jpeg	42757	M-0025-PUR-thumb-600x600.jpg	/api/media/file/M-0025-PUR-thumb-900x900.jpg	900	900	image/jpeg	82528	M-0025-PUR-thumb-900x900.jpg	\N	\N	\N	\N	\N	\N	\N	\N	\N	\N	\N	\N	/api/media/file/M-0025-PUR-thumb-1200x630.jpg	1200	630	image/jpeg	87493	M-0025-PUR-thumb-1200x630.jpg	https://ik.imagekit.io/raygun/redletterclay/M-0025-PUR-thumb.jpg
258	wad-osaka.jpg	\N	\N	2026-03-17 18:18:07.483+00	2026-03-17 18:18:06.782+00	/api/media/file/wad-osaka.jpg	/api/media/file/wad-osaka-300x300.jpg	wad-osaka.jpg	image/jpeg	284064	1080	1079	50	50	/api/media/file/wad-osaka-300x300.jpg	300	300	image/jpeg	32695	wad-osaka-300x300.jpg	/api/media/file/wad-osaka-500x500.jpg	500	500	image/jpeg	87213	wad-osaka-500x500.jpg	/api/media/file/wad-osaka-600x599.jpg	600	599	image/jpeg	123995	wad-osaka-600x599.jpg	/api/media/file/wad-osaka-900x899.jpg	900	899	image/jpeg	282496	wad-osaka-900x899.jpg	\N	\N	\N	\N	\N	\N	\N	\N	\N	\N	\N	\N	/api/media/file/wad-osaka-1200x630.jpg	1200	630	image/jpeg	198505	wad-osaka-1200x630.jpg	https://ik.imagekit.io/raygun/redletterclay/wad-osaka.jpg
259	wad-dish.jpg	\N	\N	2026-03-17 18:18:08.306+00	2026-03-17 18:18:07.623+00	/api/media/file/wad-dish.jpg	/api/media/file/wad-dish-300x300.jpg	wad-dish.jpg	image/jpeg	172475	1080	1080	50	50	/api/media/file/wad-dish-300x300.jpg	300	300	image/jpeg	23580	wad-dish-300x300.jpg	/api/media/file/wad-dish-500x500.jpg	500	500	image/jpeg	59974	wad-dish-500x500.jpg	/api/media/file/wad-dish-600x600.jpg	600	600	image/jpeg	83001	wad-dish-600x600.jpg	/api/media/file/wad-dish-900x900.jpg	900	900	image/jpeg	175589	wad-dish-900x900.jpg	\N	\N	\N	\N	\N	\N	\N	\N	\N	\N	\N	\N	/api/media/file/wad-dish-1200x630.jpg	1200	630	image/jpeg	159726	wad-dish-1200x630.jpg	https://ik.imagekit.io/raygun/redletterclay/wad-dish.jpg
200	M-0025-PUR-01.jpg	\N	\N	2026-03-17 18:17:13.521+00	2026-03-17 18:17:13.146+00	/api/media/file/M-0025-PUR-01.jpg	/api/media/file/M-0025-PUR-01-300x225.jpg	M-0025-PUR-01.jpg	image/jpeg	554578	1820	1366	50	50	/api/media/file/M-0025-PUR-01-300x225.jpg	300	225	image/jpeg	7134	M-0025-PUR-01-300x225.jpg	/api/media/file/M-0025-PUR-01-500x500.jpg	500	500	image/jpeg	28219	M-0025-PUR-01-500x500.jpg	/api/media/file/M-0025-PUR-01-600x450.jpg	600	450	image/jpeg	24384	M-0025-PUR-01-600x450.jpg	/api/media/file/M-0025-PUR-01-900x675.jpg	900	675	image/jpeg	47852	M-0025-PUR-01-900x675.jpg	/api/media/file/M-0025-PUR-01-1400x1051.jpg	1400	1051	image/jpeg	96241	M-0025-PUR-01-1400x1051.jpg	\N	\N	\N	\N	\N	\N	/api/media/file/M-0025-PUR-01-1200x630.jpg	1200	630	image/jpeg	71289	M-0025-PUR-01-1200x630.jpg	https://ik.imagekit.io/raygun/redletterclay/M-0025-PUR-01.jpg
260	wad-teabowl.jpg	\N	\N	2026-03-17 18:18:09.253+00	2026-03-17 18:18:08.426+00	/api/media/file/wad-teabowl.jpg	/api/media/file/wad-teabowl-300x300.jpg	wad-teabowl.jpg	image/jpeg	198655	1080	1080	50	50	/api/media/file/wad-teabowl-300x300.jpg	300	300	image/jpeg	21384	wad-teabowl-300x300.jpg	/api/media/file/wad-teabowl-500x500.jpg	500	500	image/jpeg	61076	wad-teabowl-500x500.jpg	/api/media/file/wad-teabowl-600x600.jpg	600	600	image/jpeg	87516	wad-teabowl-600x600.jpg	/api/media/file/wad-teabowl-900x900.jpg	900	900	image/jpeg	196428	wad-teabowl-900x900.jpg	\N	\N	\N	\N	\N	\N	\N	\N	\N	\N	\N	\N	/api/media/file/wad-teabowl-1200x630.jpg	1200	630	image/jpeg	162418	wad-teabowl-1200x630.jpg	https://ik.imagekit.io/raygun/redletterclay/wad-teabowl.jpg
201	M-0025-PUR-02.jpg	\N	\N	2026-03-17 18:17:14.392+00	2026-03-17 18:17:13.666+00	/api/media/file/M-0025-PUR-02.jpg	/api/media/file/M-0025-PUR-02-300x225.jpg	M-0025-PUR-02.jpg	image/jpeg	529072	1820	1366	50	50	/api/media/file/M-0025-PUR-02-300x225.jpg	300	225	image/jpeg	6792	M-0025-PUR-02-300x225.jpg	/api/media/file/M-0025-PUR-02-500x500.jpg	500	500	image/jpeg	27011	M-0025-PUR-02-500x500.jpg	/api/media/file/M-0025-PUR-02-600x450.jpg	600	450	image/jpeg	23504	M-0025-PUR-02-600x450.jpg	/api/media/file/M-0025-PUR-02-900x675.jpg	900	675	image/jpeg	46294	M-0025-PUR-02-900x675.jpg	/api/media/file/M-0025-PUR-02-1400x1051.jpg	1400	1051	image/jpeg	93846	M-0025-PUR-02-1400x1051.jpg	\N	\N	\N	\N	\N	\N	/api/media/file/M-0025-PUR-02-1200x630.jpg	1200	630	image/jpeg	66280	M-0025-PUR-02-1200x630.jpg	https://ik.imagekit.io/raygun/redletterclay/M-0025-PUR-02.jpg
417	\N	\N	\N	2026-03-19 02:31:53.943+00	2026-03-19 02:31:53.943+00	/api/media/file/M-0030-BRN-thumb.jpg	\N	M-0030-BRN-thumb.jpg	image/jpeg	84047	400	400	50	50	/api/media/file/M-0030-BRN-thumb-300x300.jpg	300	300	image/jpeg	7806	M-0030-BRN-thumb-300x300.jpg	\N	\N	\N	\N	\N	\N	\N	\N	\N	\N	\N	\N	\N	\N	\N	\N	\N	\N	\N	\N	\N	\N	\N	\N	\N	\N	\N	\N	\N	\N	\N	\N	\N	\N	\N	\N	https://ik.imagekit.io/raygun/redletterclay/M-0030-BRN-thumb.jpg
202	M-0025-PUR-03.jpg	\N	\N	2026-03-17 18:17:15.39+00	2026-03-17 18:17:14.75+00	/api/media/file/M-0025-PUR-03.jpg	/api/media/file/M-0025-PUR-03-300x225.jpg	M-0025-PUR-03.jpg	image/jpeg	673203	1820	1366	50	50	/api/media/file/M-0025-PUR-03-300x225.jpg	300	225	image/jpeg	8766	M-0025-PUR-03-300x225.jpg	/api/media/file/M-0025-PUR-03-500x500.jpg	500	500	image/jpeg	33692	M-0025-PUR-03-500x500.jpg	/api/media/file/M-0025-PUR-03-600x450.jpg	600	450	image/jpeg	29241	M-0025-PUR-03-600x450.jpg	/api/media/file/M-0025-PUR-03-900x675.jpg	900	675	image/jpeg	57230	M-0025-PUR-03-900x675.jpg	/api/media/file/M-0025-PUR-03-1400x1051.jpg	1400	1051	image/jpeg	115316	M-0025-PUR-03-1400x1051.jpg	\N	\N	\N	\N	\N	\N	/api/media/file/M-0025-PUR-03-1200x630.jpg	1200	630	image/jpeg	84610	M-0025-PUR-03-1200x630.jpg	https://ik.imagekit.io/raygun/redletterclay/M-0025-PUR-03.jpg
261	mingei-entrance.jpg	\N	\N	2026-03-17 18:18:09.968+00	2026-03-17 18:18:09.403+00	/api/media/file/mingei-entrance.jpg	/api/media/file/mingei-entrance-300x300.jpg	mingei-entrance.jpg	image/jpeg	203787	1000	1000	50	50	/api/media/file/mingei-entrance-300x300.jpg	300	300	image/jpeg	30086	mingei-entrance-300x300.jpg	/api/media/file/mingei-entrance-500x500.jpg	500	500	image/jpeg	79461	mingei-entrance-500x500.jpg	/api/media/file/mingei-entrance-600x600.jpg	600	600	image/jpeg	109334	mingei-entrance-600x600.jpg	/api/media/file/mingei-entrance-900x900.jpg	900	900	image/jpeg	221347	mingei-entrance-900x900.jpg	\N	\N	\N	\N	\N	\N	\N	\N	\N	\N	\N	\N	/api/media/file/mingei-entrance-1200x630.jpg	1200	630	image/jpeg	186910	mingei-entrance-1200x630.jpg	https://ik.imagekit.io/raygun/redletterclay/mingei-entrance.jpg
203	M-0025-PUR-04.jpg	\N	\N	2026-03-17 18:17:16.149+00	2026-03-17 18:17:15.556+00	/api/media/file/M-0025-PUR-04.jpg	/api/media/file/M-0025-PUR-04-300x225.jpg	M-0025-PUR-04.jpg	image/jpeg	760646	1820	1366	50	50	/api/media/file/M-0025-PUR-04-300x225.jpg	300	225	image/jpeg	9441	M-0025-PUR-04-300x225.jpg	/api/media/file/M-0025-PUR-04-500x500.jpg	500	500	image/jpeg	37843	M-0025-PUR-04-500x500.jpg	/api/media/file/M-0025-PUR-04-600x450.jpg	600	450	image/jpeg	32514	M-0025-PUR-04-600x450.jpg	/api/media/file/M-0025-PUR-04-900x675.jpg	900	675	image/jpeg	64482	M-0025-PUR-04-900x675.jpg	/api/media/file/M-0025-PUR-04-1400x1051.jpg	1400	1051	image/jpeg	129155	M-0025-PUR-04-1400x1051.jpg	\N	\N	\N	\N	\N	\N	/api/media/file/M-0025-PUR-04-1200x630.jpg	1200	630	image/jpeg	94890	M-0025-PUR-04-1200x630.jpg	https://ik.imagekit.io/raygun/redletterclay/M-0025-PUR-04.jpg
204	M-0026-GRN-thumb.jpg	\N	\N	2026-03-17 18:17:16.929+00	2026-03-17 18:17:16.318+00	/api/media/file/M-0026-GRN-thumb.jpg	/api/media/file/M-0026-GRN-thumb-300x300.jpg	M-0026-GRN-thumb.jpg	image/jpeg	541605	1001	1001	50	50	/api/media/file/M-0026-GRN-thumb-300x300.jpg	300	300	image/jpeg	11921	M-0026-GRN-thumb-300x300.jpg	/api/media/file/M-0026-GRN-thumb-500x500.jpg	500	500	image/jpeg	28647	M-0026-GRN-thumb-500x500.jpg	/api/media/file/M-0026-GRN-thumb-600x600.jpg	600	600	image/jpeg	38900	M-0026-GRN-thumb-600x600.jpg	/api/media/file/M-0026-GRN-thumb-900x900.jpg	900	900	image/jpeg	77060	M-0026-GRN-thumb-900x900.jpg	\N	\N	\N	\N	\N	\N	\N	\N	\N	\N	\N	\N	/api/media/file/M-0026-GRN-thumb-1200x630.jpg	1200	630	image/jpeg	82347	M-0026-GRN-thumb-1200x630.jpg	https://ik.imagekit.io/raygun/redletterclay/M-0026-GRN-thumb.jpg
262	mingei-book-bottle.jpg	\N	\N	2026-03-17 18:18:10.92+00	2026-03-17 18:18:10.155+00	/api/media/file/mingei-book-bottle.jpg	/api/media/file/mingei-book-bottle-300x300.jpg	mingei-book-bottle.jpg	image/jpeg	555435	1440	1439	50	50	/api/media/file/mingei-book-bottle-300x300.jpg	300	300	image/jpeg	29367	mingei-book-bottle-300x300.jpg	/api/media/file/mingei-book-bottle-500x500.jpg	500	500	image/jpeg	77072	mingei-book-bottle-500x500.jpg	/api/media/file/mingei-book-bottle-600x600.jpg	600	600	image/jpeg	104921	mingei-book-bottle-600x600.jpg	/api/media/file/mingei-book-bottle-900x899.jpg	900	899	image/jpeg	207667	mingei-book-bottle-900x899.jpg	/api/media/file/mingei-book-bottle-1400x1399.jpg	1400	1399	image/jpeg	414032	mingei-book-bottle-1400x1399.jpg	\N	\N	\N	\N	\N	\N	/api/media/file/mingei-book-bottle-1200x630.jpg	1200	630	image/jpeg	164124	mingei-book-bottle-1200x630.jpg	https://ik.imagekit.io/raygun/redletterclay/mingei-book-bottle.jpg
263	mingei-slipware.jpg	\N	\N	2026-03-17 18:18:11.565+00	2026-03-17 18:18:11.059+00	/api/media/file/mingei-slipware.jpg	/api/media/file/mingei-slipware-300x300.jpg	mingei-slipware.jpg	image/jpeg	265116	1000	1000	50	50	/api/media/file/mingei-slipware-300x300.jpg	300	300	image/jpeg	29108	mingei-slipware-300x300.jpg	/api/media/file/mingei-slipware-500x500.jpg	500	500	image/jpeg	83845	mingei-slipware-500x500.jpg	/api/media/file/mingei-slipware-600x600.jpg	600	600	image/jpeg	119268	mingei-slipware-600x600.jpg	/api/media/file/mingei-slipware-900x900.jpg	900	900	image/jpeg	252067	mingei-slipware-900x900.jpg	\N	\N	\N	\N	\N	\N	\N	\N	\N	\N	\N	\N	/api/media/file/mingei-slipware-1200x630.jpg	1200	630	image/jpeg	192585	mingei-slipware-1200x630.jpg	https://ik.imagekit.io/raygun/redletterclay/mingei-slipware.jpg
205	M-0026-GRN-01.jpg	\N	\N	2026-03-17 18:17:17.736+00	2026-03-17 18:17:17.134+00	/api/media/file/M-0026-GRN-01.jpg	/api/media/file/M-0026-GRN-01-300x225.jpg	M-0026-GRN-01.jpg	image/jpeg	634513	1820	1366	50	50	/api/media/file/M-0026-GRN-01-300x225.jpg	300	225	image/jpeg	8068	M-0026-GRN-01-300x225.jpg	/api/media/file/M-0026-GRN-01-500x500.jpg	500	500	image/jpeg	30568	M-0026-GRN-01-500x500.jpg	/api/media/file/M-0026-GRN-01-600x450.jpg	600	450	image/jpeg	26155	M-0026-GRN-01-600x450.jpg	/api/media/file/M-0026-GRN-01-900x675.jpg	900	675	image/jpeg	52750	M-0026-GRN-01-900x675.jpg	/api/media/file/M-0026-GRN-01-1400x1051.jpg	1400	1051	image/jpeg	108850	M-0026-GRN-01-1400x1051.jpg	\N	\N	\N	\N	\N	\N	/api/media/file/M-0026-GRN-01-1200x630.jpg	1200	630	image/jpeg	73776	M-0026-GRN-01-1200x630.jpg	https://ik.imagekit.io/raygun/redletterclay/M-0026-GRN-01.jpg
206	M-0026-GRN-02.jpg	\N	\N	2026-03-17 18:17:18.924+00	2026-03-17 18:17:17.913+00	/api/media/file/M-0026-GRN-02.jpg	/api/media/file/M-0026-GRN-02-300x225.jpg	M-0026-GRN-02.jpg	image/jpeg	492193	1820	1366	50	50	/api/media/file/M-0026-GRN-02-300x225.jpg	300	225	image/jpeg	6135	M-0026-GRN-02-300x225.jpg	/api/media/file/M-0026-GRN-02-500x500.jpg	500	500	image/jpeg	23221	M-0026-GRN-02-500x500.jpg	/api/media/file/M-0026-GRN-02-600x450.jpg	600	450	image/jpeg	20275	M-0026-GRN-02-600x450.jpg	/api/media/file/M-0026-GRN-02-900x675.jpg	900	675	image/jpeg	40681	M-0026-GRN-02-900x675.jpg	/api/media/file/M-0026-GRN-02-1400x1051.jpg	1400	1051	image/jpeg	84794	M-0026-GRN-02-1400x1051.jpg	\N	\N	\N	\N	\N	\N	/api/media/file/M-0026-GRN-02-1200x630.jpg	1200	630	image/jpeg	57162	M-0026-GRN-02-1200x630.jpg	https://ik.imagekit.io/raygun/redletterclay/M-0026-GRN-02.jpg
207	M-0026-GRN-03.jpg	\N	\N	2026-03-17 18:17:20.014+00	2026-03-17 18:17:19.097+00	/api/media/file/M-0026-GRN-03.jpg	/api/media/file/M-0026-GRN-03-300x225.jpg	M-0026-GRN-03.jpg	image/jpeg	667266	1820	1366	50	50	/api/media/file/M-0026-GRN-03-300x225.jpg	300	225	image/jpeg	8480	M-0026-GRN-03-300x225.jpg	/api/media/file/M-0026-GRN-03-500x500.jpg	500	500	image/jpeg	31553	M-0026-GRN-03-500x500.jpg	/api/media/file/M-0026-GRN-03-600x450.jpg	600	450	image/jpeg	27375	M-0026-GRN-03-600x450.jpg	/api/media/file/M-0026-GRN-03-900x675.jpg	900	675	image/jpeg	54212	M-0026-GRN-03-900x675.jpg	/api/media/file/M-0026-GRN-03-1400x1051.jpg	1400	1051	image/jpeg	112288	M-0026-GRN-03-1400x1051.jpg	\N	\N	\N	\N	\N	\N	/api/media/file/M-0026-GRN-03-1200x630.jpg	1200	630	image/jpeg	81895	M-0026-GRN-03-1200x630.jpg	https://ik.imagekit.io/raygun/redletterclay/M-0026-GRN-03.jpg
208	M-0026-GRN-04.jpg	\N	\N	2026-03-17 18:17:21.02+00	2026-03-17 18:17:20.206+00	/api/media/file/M-0026-GRN-04.jpg	/api/media/file/M-0026-GRN-04-300x225.jpg	M-0026-GRN-04.jpg	image/jpeg	740207	1820	1366	50	50	/api/media/file/M-0026-GRN-04-300x225.jpg	300	225	image/jpeg	9064	M-0026-GRN-04-300x225.jpg	/api/media/file/M-0026-GRN-04-500x500.jpg	500	500	image/jpeg	34780	M-0026-GRN-04-500x500.jpg	/api/media/file/M-0026-GRN-04-600x450.jpg	600	450	image/jpeg	29823	M-0026-GRN-04-600x450.jpg	/api/media/file/M-0026-GRN-04-900x675.jpg	900	675	image/jpeg	59895	M-0026-GRN-04-900x675.jpg	/api/media/file/M-0026-GRN-04-1400x1051.jpg	1400	1051	image/jpeg	124614	M-0026-GRN-04-1400x1051.jpg	\N	\N	\N	\N	\N	\N	/api/media/file/M-0026-GRN-04-1200x630.jpg	1200	630	image/jpeg	90316	M-0026-GRN-04-1200x630.jpg	https://ik.imagekit.io/raygun/redletterclay/M-0026-GRN-04.jpg
209	M-0027-GRN-thumb.jpg	\N	\N	2026-03-17 18:17:21.577+00	2026-03-17 18:17:21.092+00	/api/media/file/M-0027-GRN-thumb.jpg	/api/media/file/M-0027-GRN-thumb-300x300.jpg	M-0027-GRN-thumb.jpg	image/jpeg	130184	400	400	50	50	/api/media/file/M-0027-GRN-thumb-300x300.jpg	300	300	image/jpeg	11165	M-0027-GRN-thumb-300x300.jpg	\N	\N	\N	\N	\N	\N	\N	\N	\N	\N	\N	\N	\N	\N	\N	\N	\N	\N	\N	\N	\N	\N	\N	\N	\N	\N	\N	\N	\N	\N	\N	\N	\N	\N	\N	\N	https://ik.imagekit.io/raygun/redletterclay/M-0027-GRN-thumb.jpg
210	M-0027-GRN-01.jpg	\N	\N	2026-03-17 18:17:22.487+00	2026-03-17 18:17:21.756+00	/api/media/file/M-0027-GRN-01.jpg	/api/media/file/M-0027-GRN-01-300x225.jpg	M-0027-GRN-01.jpg	image/jpeg	561444	1820	1366	50	50	/api/media/file/M-0027-GRN-01-300x225.jpg	300	225	image/jpeg	7053	M-0027-GRN-01-300x225.jpg	/api/media/file/M-0027-GRN-01-500x500.jpg	500	500	image/jpeg	25245	M-0027-GRN-01-500x500.jpg	/api/media/file/M-0027-GRN-01-600x450.jpg	600	450	image/jpeg	22034	M-0027-GRN-01-600x450.jpg	/api/media/file/M-0027-GRN-01-900x675.jpg	900	675	image/jpeg	43871	M-0027-GRN-01-900x675.jpg	/api/media/file/M-0027-GRN-01-1400x1051.jpg	1400	1051	image/jpeg	91332	M-0027-GRN-01-1400x1051.jpg	\N	\N	\N	\N	\N	\N	/api/media/file/M-0027-GRN-01-1200x630.jpg	1200	630	image/jpeg	62063	M-0027-GRN-01-1200x630.jpg	https://ik.imagekit.io/raygun/redletterclay/M-0027-GRN-01.jpg
211	M-0027-GRN-02.jpg	\N	\N	2026-03-17 18:17:23.644+00	2026-03-17 18:17:22.673+00	/api/media/file/M-0027-GRN-02.jpg	/api/media/file/M-0027-GRN-02-300x225.jpg	M-0027-GRN-02.jpg	image/jpeg	548504	1820	1366	50	50	/api/media/file/M-0027-GRN-02-300x225.jpg	300	225	image/jpeg	6737	M-0027-GRN-02-300x225.jpg	/api/media/file/M-0027-GRN-02-500x500.jpg	500	500	image/jpeg	25447	M-0027-GRN-02-500x500.jpg	/api/media/file/M-0027-GRN-02-600x450.jpg	600	450	image/jpeg	21951	M-0027-GRN-02-600x450.jpg	/api/media/file/M-0027-GRN-02-900x675.jpg	900	675	image/jpeg	44373	M-0027-GRN-02-900x675.jpg	/api/media/file/M-0027-GRN-02-1400x1051.jpg	1400	1051	image/jpeg	92842	M-0027-GRN-02-1400x1051.jpg	\N	\N	\N	\N	\N	\N	/api/media/file/M-0027-GRN-02-1200x630.jpg	1200	630	image/jpeg	60037	M-0027-GRN-02-1200x630.jpg	https://ik.imagekit.io/raygun/redletterclay/M-0027-GRN-02.jpg
212	M-0027-GRN-03.jpg	\N	\N	2026-03-17 18:17:24.56+00	2026-03-17 18:17:23.946+00	/api/media/file/M-0027-GRN-03.jpg	/api/media/file/M-0027-GRN-03-300x225.jpg	M-0027-GRN-03.jpg	image/jpeg	739152	1820	1366	50	50	/api/media/file/M-0027-GRN-03-300x225.jpg	300	225	image/jpeg	9705	M-0027-GRN-03-300x225.jpg	/api/media/file/M-0027-GRN-03-500x500.jpg	500	500	image/jpeg	35457	M-0027-GRN-03-500x500.jpg	/api/media/file/M-0027-GRN-03-600x450.jpg	600	450	image/jpeg	30686	M-0027-GRN-03-600x450.jpg	/api/media/file/M-0027-GRN-03-900x675.jpg	900	675	image/jpeg	60256	M-0027-GRN-03-900x675.jpg	/api/media/file/M-0027-GRN-03-1400x1051.jpg	1400	1051	image/jpeg	124054	M-0027-GRN-03-1400x1051.jpg	\N	\N	\N	\N	\N	\N	/api/media/file/M-0027-GRN-03-1200x630.jpg	1200	630	image/jpeg	89606	M-0027-GRN-03-1200x630.jpg	https://ik.imagekit.io/raygun/redletterclay/M-0027-GRN-03.jpg
213	M-0027-GRN-04.jpg	\N	\N	2026-03-17 18:17:25.403+00	2026-03-17 18:17:24.827+00	/api/media/file/M-0027-GRN-04.jpg	/api/media/file/M-0027-GRN-04-300x225.jpg	M-0027-GRN-04.jpg	image/jpeg	842565	1820	1366	50	50	/api/media/file/M-0027-GRN-04-300x225.jpg	300	225	image/jpeg	9554	M-0027-GRN-04-300x225.jpg	/api/media/file/M-0027-GRN-04-500x500.jpg	500	500	image/jpeg	38162	M-0027-GRN-04-500x500.jpg	/api/media/file/M-0027-GRN-04-600x450.jpg	600	450	image/jpeg	32801	M-0027-GRN-04-600x450.jpg	/api/media/file/M-0027-GRN-04-900x675.jpg	900	675	image/jpeg	67052	M-0027-GRN-04-900x675.jpg	/api/media/file/M-0027-GRN-04-1400x1051.jpg	1400	1051	image/jpeg	139500	M-0027-GRN-04-1400x1051.jpg	\N	\N	\N	\N	\N	\N	/api/media/file/M-0027-GRN-04-1200x630.jpg	1200	630	image/jpeg	98317	M-0027-GRN-04-1200x630.jpg	https://ik.imagekit.io/raygun/redletterclay/M-0027-GRN-04.jpg
214	M-0028-GRN-thumb.jpg	\N	\N	2026-03-17 18:17:25.772+00	2026-03-17 18:17:25.462+00	/api/media/file/M-0028-GRN-thumb.jpg	/api/media/file/M-0028-GRN-thumb-300x300.jpg	M-0028-GRN-thumb.jpg	image/jpeg	137009	400	400	50	50	/api/media/file/M-0028-GRN-thumb-300x300.jpg	300	300	image/jpeg	11987	M-0028-GRN-thumb-300x300.jpg	\N	\N	\N	\N	\N	\N	\N	\N	\N	\N	\N	\N	\N	\N	\N	\N	\N	\N	\N	\N	\N	\N	\N	\N	\N	\N	\N	\N	\N	\N	\N	\N	\N	\N	\N	\N	https://ik.imagekit.io/raygun/redletterclay/M-0028-GRN-thumb.jpg
221	P-0001-PNK-02.jpg	\N	\N	2026-03-17 18:17:32.443+00	2026-03-17 18:17:31.785+00	/api/media/file/P-0001-PNK-02.jpg	/api/media/file/P-0001-PNK-02-300x225.jpg	P-0001-PNK-02.jpg	image/jpeg	249243	1820	1366	50	50	/api/media/file/P-0001-PNK-02-300x225.jpg	300	225	image/jpeg	3261	P-0001-PNK-02-300x225.jpg	/api/media/file/P-0001-PNK-02-500x500.jpg	500	500	image/jpeg	11118	P-0001-PNK-02-500x500.jpg	/api/media/file/P-0001-PNK-02-600x450.jpg	600	450	image/jpeg	9923	P-0001-PNK-02-600x450.jpg	/api/media/file/P-0001-PNK-02-900x675.jpg	900	675	image/jpeg	19195	P-0001-PNK-02-900x675.jpg	/api/media/file/P-0001-PNK-02-1400x1051.jpg	1400	1051	image/jpeg	37816	P-0001-PNK-02-1400x1051.jpg	\N	\N	\N	\N	\N	\N	/api/media/file/P-0001-PNK-02-1200x630.jpg	1200	630	image/jpeg	24284	P-0001-PNK-02-1200x630.jpg	https://ik.imagekit.io/raygun/redletterclay/P-0001-PNK-02.jpg
215	M-0028-GRN-01.jpg	\N	\N	2026-03-17 18:17:26.787+00	2026-03-17 18:17:25.945+00	/api/media/file/M-0028-GRN-01.jpg	/api/media/file/M-0028-GRN-01-300x225.jpg	M-0028-GRN-01.jpg	image/jpeg	666281	1820	1366	50	50	/api/media/file/M-0028-GRN-01-300x225.jpg	300	225	image/jpeg	8315	M-0028-GRN-01-300x225.jpg	/api/media/file/M-0028-GRN-01-500x500.jpg	500	500	image/jpeg	31347	M-0028-GRN-01-500x500.jpg	/api/media/file/M-0028-GRN-01-600x450.jpg	600	450	image/jpeg	26867	M-0028-GRN-01-600x450.jpg	/api/media/file/M-0028-GRN-01-900x675.jpg	900	675	image/jpeg	54135	M-0028-GRN-01-900x675.jpg	/api/media/file/M-0028-GRN-01-1400x1051.jpg	1400	1051	image/jpeg	112887	M-0028-GRN-01-1400x1051.jpg	\N	\N	\N	\N	\N	\N	/api/media/file/M-0028-GRN-01-1200x630.jpg	1200	630	image/jpeg	75275	M-0028-GRN-01-1200x630.jpg	https://ik.imagekit.io/raygun/redletterclay/M-0028-GRN-01.jpg
344	juicer-02.jpg	\N	\N	2026-03-17 18:19:41.289+00	2026-03-17 18:19:40.75+00	/api/media/file/juicer-3.jpg	/api/media/file/juicer-3-300x200.jpg	juicer-3.jpg	image/jpeg	215977	2000	1333	50	50	/api/media/file/juicer-3-300x200.jpg	300	200	image/jpeg	5948	juicer-3-300x200.jpg	/api/media/file/juicer-3-500x500.jpg	500	500	image/jpeg	24861	juicer-3-500x500.jpg	/api/media/file/juicer-3-600x400.jpg	600	400	image/jpeg	19254	juicer-3-600x400.jpg	/api/media/file/juicer-3-900x600.jpg	900	600	image/jpeg	39932	juicer-3-900x600.jpg	/api/media/file/juicer-3-1400x933.jpg	1400	933	image/jpeg	88148	juicer-3-1400x933.jpg	/api/media/file/juicer-3-1920x1280.jpg	1920	1280	image/jpeg	149282	juicer-3-1920x1280.jpg	/api/media/file/juicer-3-1200x630.jpg	1200	630	image/jpeg	58949	juicer-3-1200x630.jpg	https://ik.imagekit.io/raygun/redletterclay/juicer-02.jpg
216	M-0028-GRN-02.jpg	\N	\N	2026-03-17 18:17:27.835+00	2026-03-17 18:17:26.988+00	/api/media/file/M-0028-GRN-02.jpg	/api/media/file/M-0028-GRN-02-300x225.jpg	M-0028-GRN-02.jpg	image/jpeg	564460	1820	1366	50	50	/api/media/file/M-0028-GRN-02-300x225.jpg	300	225	image/jpeg	6929	M-0028-GRN-02-300x225.jpg	/api/media/file/M-0028-GRN-02-500x500.jpg	500	500	image/jpeg	26263	M-0028-GRN-02-500x500.jpg	/api/media/file/M-0028-GRN-02-600x450.jpg	600	450	image/jpeg	22682	M-0028-GRN-02-600x450.jpg	/api/media/file/M-0028-GRN-02-900x675.jpg	900	675	image/jpeg	45494	M-0028-GRN-02-900x675.jpg	/api/media/file/M-0028-GRN-02-1400x1051.jpg	1400	1051	image/jpeg	95274	M-0028-GRN-02-1400x1051.jpg	\N	\N	\N	\N	\N	\N	/api/media/file/M-0028-GRN-02-1200x630.jpg	1200	630	image/jpeg	63696	M-0028-GRN-02-1200x630.jpg	https://ik.imagekit.io/raygun/redletterclay/M-0028-GRN-02.jpg
264	mingei-fuji-plate.jpg	\N	\N	2026-03-17 18:18:12.248+00	2026-03-17 18:18:11.673+00	/api/media/file/mingei-fuji-plate.jpg	/api/media/file/mingei-fuji-plate-300x300.jpg	mingei-fuji-plate.jpg	image/jpeg	120706	1000	1000	50	50	/api/media/file/mingei-fuji-plate-300x300.jpg	300	300	image/jpeg	21471	mingei-fuji-plate-300x300.jpg	/api/media/file/mingei-fuji-plate-500x500.jpg	500	500	image/jpeg	47221	mingei-fuji-plate-500x500.jpg	/api/media/file/mingei-fuji-plate-600x600.jpg	600	600	image/jpeg	60496	mingei-fuji-plate-600x600.jpg	/api/media/file/mingei-fuji-plate-900x900.jpg	900	900	image/jpeg	108698	mingei-fuji-plate-900x900.jpg	\N	\N	\N	\N	\N	\N	\N	\N	\N	\N	\N	\N	/api/media/file/mingei-fuji-plate-1200x630.jpg	1200	630	image/jpeg	79555	mingei-fuji-plate-1200x630.jpg	https://ik.imagekit.io/raygun/redletterclay/mingei-fuji-plate.jpg
217	M-0028-GRN-03.jpg	\N	\N	2026-03-17 18:17:28.884+00	2026-03-17 18:17:27.993+00	/api/media/file/M-0028-GRN-03.jpg	/api/media/file/M-0028-GRN-03-300x225.jpg	M-0028-GRN-03.jpg	image/jpeg	824059	1820	1366	50	50	/api/media/file/M-0028-GRN-03-300x225.jpg	300	225	image/jpeg	11056	M-0028-GRN-03-300x225.jpg	/api/media/file/M-0028-GRN-03-500x500.jpg	500	500	image/jpeg	39559	M-0028-GRN-03-500x500.jpg	/api/media/file/M-0028-GRN-03-600x450.jpg	600	450	image/jpeg	34908	M-0028-GRN-03-600x450.jpg	/api/media/file/M-0028-GRN-03-900x675.jpg	900	675	image/jpeg	68015	M-0028-GRN-03-900x675.jpg	/api/media/file/M-0028-GRN-03-1400x1051.jpg	1400	1051	image/jpeg	137936	M-0028-GRN-03-1400x1051.jpg	\N	\N	\N	\N	\N	\N	/api/media/file/M-0028-GRN-03-1200x630.jpg	1200	630	image/jpeg	91665	M-0028-GRN-03-1200x630.jpg	https://ik.imagekit.io/raygun/redletterclay/M-0028-GRN-03.jpg
468	\N	\N	\N	2026-04-09 03:30:57.115+00	2026-04-09 03:30:50.415+00	/api/media/file/T-0010-GRN-03.jpg	\N	T-0010-GRN-03.jpg	image/jpeg	562512	1820	1366	50	50	/api/media/file/T-0010-GRN-03-300x225.jpg	300	225	image/jpeg	7089	T-0010-GRN-03-300x225.jpg	/api/media/file/T-0010-GRN-03-500x500.jpg	500	500	image/jpeg	24431	T-0010-GRN-03-500x500.jpg	/api/media/file/T-0010-GRN-03-600x450.jpg	600	450	image/jpeg	22446	T-0010-GRN-03-600x450.jpg	/api/media/file/T-0010-GRN-03-900x675.jpg	900	675	image/jpeg	44633	T-0010-GRN-03-900x675.jpg	/api/media/file/T-0010-GRN-03-1400x1051.jpg	1400	1051	image/jpeg	92826	T-0010-GRN-03-1400x1051.jpg	\N	\N	\N	\N	\N	\N	/api/media/file/T-0010-GRN-03-1200x630.jpg	1200	630	image/jpeg	68720	T-0010-GRN-03-1200x630.jpg	https://ik.imagekit.io/raygun/redletterclay/T-0010-GRN-03.jpg
218	M-0028-GRN-04.jpg	\N	\N	2026-03-17 18:17:30.018+00	2026-03-17 18:17:29.226+00	/api/media/file/M-0028-GRN-04.jpg	/api/media/file/M-0028-GRN-04-300x225.jpg	M-0028-GRN-04.jpg	image/jpeg	927350	1820	1366	50	50	/api/media/file/M-0028-GRN-04-300x225.jpg	300	225	image/jpeg	11091	M-0028-GRN-04-300x225.jpg	/api/media/file/M-0028-GRN-04-500x500.jpg	500	500	image/jpeg	43133	M-0028-GRN-04-500x500.jpg	/api/media/file/M-0028-GRN-04-600x450.jpg	600	450	image/jpeg	37665	M-0028-GRN-04-600x450.jpg	/api/media/file/M-0028-GRN-04-900x675.jpg	900	675	image/jpeg	75377	M-0028-GRN-04-900x675.jpg	/api/media/file/M-0028-GRN-04-1400x1051.jpg	1400	1051	image/jpeg	154969	M-0028-GRN-04-1400x1051.jpg	\N	\N	\N	\N	\N	\N	/api/media/file/M-0028-GRN-04-1200x630.jpg	1200	630	image/jpeg	106195	M-0028-GRN-04-1200x630.jpg	https://ik.imagekit.io/raygun/redletterclay/M-0028-GRN-04.jpg
219	P-0001-PNK-thumb.jpg	\N	\N	2026-03-17 18:17:30.618+00	2026-03-17 18:17:30.064+00	/api/media/file/P-0001-PNK-thumb.jpg	/api/media/file/P-0001-PNK-thumb-300x300.jpg	P-0001-PNK-thumb.jpg	image/jpeg	69971	400	400	50	50	/api/media/file/P-0001-PNK-thumb-300x300.jpg	300	300	image/jpeg	5417	P-0001-PNK-thumb-300x300.jpg	\N	\N	\N	\N	\N	\N	\N	\N	\N	\N	\N	\N	\N	\N	\N	\N	\N	\N	\N	\N	\N	\N	\N	\N	\N	\N	\N	\N	\N	\N	\N	\N	\N	\N	\N	\N	https://ik.imagekit.io/raygun/redletterclay/P-0001-PNK-thumb.jpg
220	P-0001-PNK-01.jpg	\N	\N	2026-03-17 18:17:31.611+00	2026-03-17 18:17:30.877+00	/api/media/file/P-0001-PNK-01.jpg	/api/media/file/P-0001-PNK-01-300x225.jpg	P-0001-PNK-01.jpg	image/jpeg	255662	1820	1366	50	50	/api/media/file/P-0001-PNK-01-300x225.jpg	300	225	image/jpeg	3387	P-0001-PNK-01-300x225.jpg	/api/media/file/P-0001-PNK-01-500x500.jpg	500	500	image/jpeg	10886	P-0001-PNK-01-500x500.jpg	/api/media/file/P-0001-PNK-01-600x450.jpg	600	450	image/jpeg	9793	P-0001-PNK-01-600x450.jpg	/api/media/file/P-0001-PNK-01-900x675.jpg	900	675	image/jpeg	18638	P-0001-PNK-01-900x675.jpg	/api/media/file/P-0001-PNK-01-1400x1051.jpg	1400	1051	image/jpeg	36768	P-0001-PNK-01-1400x1051.jpg	\N	\N	\N	\N	\N	\N	/api/media/file/P-0001-PNK-01-1200x630.jpg	1200	630	image/jpeg	25128	P-0001-PNK-01-1200x630.jpg	https://ik.imagekit.io/raygun/redletterclay/P-0001-PNK-01.jpg
469	\N	\N	\N	2026-04-09 03:30:58.426+00	2026-04-09 03:30:52.515+00	/api/media/file/T-0010-GRN-thumb.jpg	\N	T-0010-GRN-thumb.jpg	image/jpeg	88131	400	400	50	50	/api/media/file/T-0010-GRN-thumb-300x300.jpg	300	300	image/jpeg	8340	T-0010-GRN-thumb-300x300.jpg	\N	\N	\N	\N	\N	\N	\N	\N	\N	\N	\N	\N	\N	\N	\N	\N	\N	\N	\N	\N	\N	\N	\N	\N	\N	\N	\N	\N	\N	\N	\N	\N	\N	\N	\N	\N	https://ik.imagekit.io/raygun/redletterclay/T-0010-GRN-thumb.jpg
267	tokyo-national-museum-teapot.jpg	\N	\N	2026-03-17 18:18:14.542+00	2026-03-17 18:18:13.903+00	/api/media/file/tokyo-national-museum-teapot.jpg	/api/media/file/tokyo-national-museum-teapot-300x300.jpg	tokyo-national-museum-teapot.jpg	image/jpeg	147859	1000	1000	50	50	/api/media/file/tokyo-national-museum-teapot-300x300.jpg	300	300	image/jpeg	18747	tokyo-national-museum-teapot-300x300.jpg	/api/media/file/tokyo-national-museum-teapot-500x500.jpg	500	500	image/jpeg	50963	tokyo-national-museum-teapot-500x500.jpg	/api/media/file/tokyo-national-museum-teapot-600x600.jpg	600	600	image/jpeg	71072	tokyo-national-museum-teapot-600x600.jpg	/api/media/file/tokyo-national-museum-teapot-900x900.jpg	900	900	image/jpeg	141977	tokyo-national-museum-teapot-900x900.jpg	\N	\N	\N	\N	\N	\N	\N	\N	\N	\N	\N	\N	/api/media/file/tokyo-national-museum-teapot-1200x630.jpg	1200	630	image/jpeg	107106	tokyo-national-museum-teapot-1200x630.jpg	https://ik.imagekit.io/raygun/redletterclay/tokyo-national-museum-teapot.jpg
268	tokyo-national-museum-three-color-glaze.jpg	\N	\N	2026-03-17 18:18:15.238+00	2026-03-17 18:18:14.698+00	/api/media/file/tokyo-national-museum-three-color-glaze.jpg	/api/media/file/tokyo-national-museum-three-color-glaze-300x300.jpg	tokyo-national-museum-three-color-glaze.jpg	image/jpeg	282448	1000	1000	50	50	/api/media/file/tokyo-national-museum-three-color-glaze-300x300.jpg	300	300	image/jpeg	16561	tokyo-national-museum-three-color-glaze-300x300.jpg	/api/media/file/tokyo-national-museum-three-color-glaze-500x500.jpg	500	500	image/jpeg	54474	tokyo-national-museum-three-color-glaze-500x500.jpg	/api/media/file/tokyo-national-museum-three-color-glaze-600x600.jpg	600	600	image/jpeg	84118	tokyo-national-museum-three-color-glaze-600x600.jpg	/api/media/file/tokyo-national-museum-three-color-glaze-900x900.jpg	900	900	image/jpeg	208227	tokyo-national-museum-three-color-glaze-900x900.jpg	\N	\N	\N	\N	\N	\N	\N	\N	\N	\N	\N	\N	/api/media/file/tokyo-national-museum-three-color-glaze-1200x630.jpg	1200	630	image/jpeg	190005	tokyo-national-museum-three-color-glaze-1200x630.jpg	https://ik.imagekit.io/raygun/redletterclay/tokyo-national-museum-three-color-glaze.jpg
269	tokyo-national-museum-vase.jpg	\N	\N	2026-03-17 18:18:15.89+00	2026-03-17 18:18:15.448+00	/api/media/file/tokyo-national-museum-vase.jpg	/api/media/file/tokyo-national-museum-vase-300x300.jpg	tokyo-national-museum-vase.jpg	image/jpeg	187088	1000	1000	50	50	/api/media/file/tokyo-national-museum-vase-300x300.jpg	300	300	image/jpeg	12516	tokyo-national-museum-vase-300x300.jpg	/api/media/file/tokyo-national-museum-vase-500x500.jpg	500	500	image/jpeg	38747	tokyo-national-museum-vase-500x500.jpg	/api/media/file/tokyo-national-museum-vase-600x600.jpg	600	600	image/jpeg	57524	tokyo-national-museum-vase-600x600.jpg	/api/media/file/tokyo-national-museum-vase-900x900.jpg	900	900	image/jpeg	130867	tokyo-national-museum-vase-900x900.jpg	\N	\N	\N	\N	\N	\N	\N	\N	\N	\N	\N	\N	/api/media/file/tokyo-national-museum-vase-1200x630.jpg	1200	630	image/jpeg	92033	tokyo-national-museum-vase-1200x630.jpg	https://ik.imagekit.io/raygun/redletterclay/tokyo-national-museum-vase.jpg
270	tokyo-national-museum-celadon.jpg	\N	\N	2026-03-17 18:18:16.597+00	2026-03-17 18:18:16.013+00	/api/media/file/tokyo-national-museum-celadon.jpg	/api/media/file/tokyo-national-museum-celadon-300x300.jpg	tokyo-national-museum-celadon.jpg	image/jpeg	127142	1000	1000	50	50	/api/media/file/tokyo-national-museum-celadon-300x300.jpg	300	300	image/jpeg	12444	tokyo-national-museum-celadon-300x300.jpg	/api/media/file/tokyo-national-museum-celadon-500x500.jpg	500	500	image/jpeg	27949	tokyo-national-museum-celadon-500x500.jpg	/api/media/file/tokyo-national-museum-celadon-600x600.jpg	600	600	image/jpeg	38215	tokyo-national-museum-celadon-600x600.jpg	/api/media/file/tokyo-national-museum-celadon-900x900.jpg	900	900	image/jpeg	86779	tokyo-national-museum-celadon-900x900.jpg	\N	\N	\N	\N	\N	\N	\N	\N	\N	\N	\N	\N	/api/media/file/tokyo-national-museum-celadon-1200x630.jpg	1200	630	image/jpeg	66634	tokyo-national-museum-celadon-1200x630.jpg	https://ik.imagekit.io/raygun/redletterclay/tokyo-national-museum-celadon.jpg
271	polish-pottery-thumb.jpg	\N	\N	2026-03-17 18:18:17.278+00	2026-03-17 18:18:16.744+00	/api/media/file/polish-pottery-thumb.jpg	/api/media/file/polish-pottery-thumb-300x300.jpg	polish-pottery-thumb.jpg	image/jpeg	208775	1000	1000	50	50	/api/media/file/polish-pottery-thumb-300x300.jpg	300	300	image/jpeg	32224	polish-pottery-thumb-300x300.jpg	/api/media/file/polish-pottery-thumb-500x500.jpg	500	500	image/jpeg	81625	polish-pottery-thumb-500x500.jpg	/api/media/file/polish-pottery-thumb-600x600.jpg	600	600	image/jpeg	111830	polish-pottery-thumb-600x600.jpg	/api/media/file/polish-pottery-thumb-900x900.jpg	900	900	image/jpeg	218409	polish-pottery-thumb-900x900.jpg	\N	\N	\N	\N	\N	\N	\N	\N	\N	\N	\N	\N	/api/media/file/polish-pottery-thumb-1200x630.jpg	1200	630	image/jpeg	171228	polish-pottery-thumb-1200x630.jpg	https://ik.imagekit.io/raygun/redletterclay/polish-pottery-thumb.jpg
272	polish-pottery-1.jpg	\N	\N	2026-03-17 18:18:18.064+00	2026-03-17 18:18:17.408+00	/api/media/file/polish-pottery-1.jpg	/api/media/file/polish-pottery-1-300x300.jpg	polish-pottery-1.jpg	image/jpeg	159641	1000	1000	50	50	/api/media/file/polish-pottery-1-300x300.jpg	300	300	image/jpeg	31334	polish-pottery-1-300x300.jpg	/api/media/file/polish-pottery-1-500x500.jpg	500	500	image/jpeg	66947	polish-pottery-1-500x500.jpg	/api/media/file/polish-pottery-1-600x600.jpg	600	600	image/jpeg	85666	polish-pottery-1-600x600.jpg	/api/media/file/polish-pottery-1-900x900.jpg	900	900	image/jpeg	151404	polish-pottery-1-900x900.jpg	\N	\N	\N	\N	\N	\N	\N	\N	\N	\N	\N	\N	/api/media/file/polish-pottery-1-1200x630.jpg	1200	630	image/jpeg	118523	polish-pottery-1-1200x630.jpg	https://ik.imagekit.io/raygun/redletterclay/polish-pottery-1.jpg
273	polish-pottery-2.jpg	\N	\N	2026-03-17 18:18:18.704+00	2026-03-17 18:18:18.192+00	/api/media/file/polish-pottery-2.jpg	/api/media/file/polish-pottery-2-300x300.jpg	polish-pottery-2.jpg	image/jpeg	177123	1000	1000	50	50	/api/media/file/polish-pottery-2-300x300.jpg	300	300	image/jpeg	32937	polish-pottery-2-300x300.jpg	/api/media/file/polish-pottery-2-500x500.jpg	500	500	image/jpeg	74537	polish-pottery-2-500x500.jpg	/api/media/file/polish-pottery-2-600x600.jpg	600	600	image/jpeg	96758	polish-pottery-2-600x600.jpg	/api/media/file/polish-pottery-2-900x900.jpg	900	900	image/jpeg	174853	polish-pottery-2-900x900.jpg	\N	\N	\N	\N	\N	\N	\N	\N	\N	\N	\N	\N	/api/media/file/polish-pottery-2-1200x630.jpg	1200	630	image/jpeg	148167	polish-pottery-2-1200x630.jpg	https://ik.imagekit.io/raygun/redletterclay/polish-pottery-2.jpg
305	belger-arts-pot-07.jpg	\N	\N	2026-03-17 18:18:54.489+00	2026-03-17 18:18:53.461+00	/api/media/file/belger-arts-pot-8.jpg	/api/media/file/belger-arts-pot-8-300x300.jpg	belger-arts-pot-8.jpg	image/jpeg	695254	1080	1080	50	50	/api/media/file/belger-arts-pot-8-300x300.jpg	300	300	image/jpeg	7964	belger-arts-pot-8-300x300.jpg	/api/media/file/belger-arts-pot-8-500x500.jpg	500	500	image/jpeg	19857	belger-arts-pot-8-500x500.jpg	/api/media/file/belger-arts-pot-8-600x600.jpg	600	600	image/jpeg	27944	belger-arts-pot-8-600x600.jpg	/api/media/file/belger-arts-pot-8-900x900.jpg	900	900	image/jpeg	59592	belger-arts-pot-8-900x900.jpg	\N	\N	\N	\N	\N	\N	\N	\N	\N	\N	\N	\N	/api/media/file/belger-arts-pot-8-1200x630.jpg	1200	630	image/jpeg	78833	belger-arts-pot-8-1200x630.jpg	https://ik.imagekit.io/raygun/redletterclay/belger-arts-pot-07.jpg
274	tokyo-pottery-store-thumb.jpg	\N	\N	2026-03-17 18:18:19.546+00	2026-03-17 18:18:18.91+00	/api/media/file/tokyo-pottery-store-thumb.jpg	/api/media/file/tokyo-pottery-store-thumb-300x300.jpg	tokyo-pottery-store-thumb.jpg	image/jpeg	151650	1002	1002	50	50	/api/media/file/tokyo-pottery-store-thumb-300x300.jpg	300	300	image/jpeg	20858	tokyo-pottery-store-thumb-300x300.jpg	/api/media/file/tokyo-pottery-store-thumb-500x500.jpg	500	500	image/jpeg	50563	tokyo-pottery-store-thumb-500x500.jpg	/api/media/file/tokyo-pottery-store-thumb-600x600.jpg	600	600	image/jpeg	68696	tokyo-pottery-store-thumb-600x600.jpg	/api/media/file/tokyo-pottery-store-thumb-900x900.jpg	900	900	image/jpeg	135333	tokyo-pottery-store-thumb-900x900.jpg	\N	\N	\N	\N	\N	\N	\N	\N	\N	\N	\N	\N	/api/media/file/tokyo-pottery-store-thumb-1200x630.jpg	1200	630	image/jpeg	96726	tokyo-pottery-store-thumb-1200x630.jpg	https://ik.imagekit.io/raygun/redletterclay/tokyo-pottery-store-thumb.jpg
418	\N	\N	\N	2026-03-19 02:35:52.327+00	2026-03-19 02:35:51.339+00	/api/media/file/M-0030-BRN-thumb-2.jpg	\N	M-0030-BRN-thumb-2.jpg	image/jpeg	109147	400	400	50	50	/api/media/file/M-0030-BRN-thumb-2-300x300.jpg	300	300	image/jpeg	9954	M-0030-BRN-thumb-2-300x300.jpg	\N	\N	\N	\N	\N	\N	\N	\N	\N	\N	\N	\N	\N	\N	\N	\N	\N	\N	\N	\N	\N	\N	\N	\N	\N	\N	\N	\N	\N	\N	\N	\N	\N	\N	\N	\N	https://ik.imagekit.io/raygun/redletterclay/M-0030-BRN-thumb-2.jpg
275	heath-ceramics.jpg	\N	\N	2026-03-17 18:18:20.268+00	2026-03-17 18:18:19.714+00	/api/media/file/heath-ceramics.jpg	/api/media/file/heath-ceramics-300x300.jpg	heath-ceramics.jpg	image/jpeg	296241	1000	1000	50	50	/api/media/file/heath-ceramics-300x300.jpg	300	300	image/jpeg	9927	heath-ceramics-300x300.jpg	/api/media/file/heath-ceramics-500x500.jpg	500	500	image/jpeg	20468	heath-ceramics-500x500.jpg	/api/media/file/heath-ceramics-600x600.jpg	600	600	image/jpeg	26016	heath-ceramics-600x600.jpg	/api/media/file/heath-ceramics-900x900.jpg	900	900	image/jpeg	46215	heath-ceramics-900x900.jpg	\N	\N	\N	\N	\N	\N	\N	\N	\N	\N	\N	\N	/api/media/file/heath-ceramics-1200x630.jpg	1200	630	image/jpeg	45528	heath-ceramics-1200x630.jpg	https://ik.imagekit.io/raygun/redletterclay/heath-ceramics.jpg
276	ken-jensen.jpg	\N	\N	2026-03-17 18:18:20.993+00	2026-03-17 18:18:20.412+00	/api/media/file/ken-jensen.jpg	/api/media/file/ken-jensen-300x300.jpg	ken-jensen.jpg	image/jpeg	687028	1000	1000	50	50	/api/media/file/ken-jensen-300x300.jpg	300	300	image/jpeg	20825	ken-jensen-300x300.jpg	/api/media/file/ken-jensen-500x500.jpg	500	500	image/jpeg	44585	ken-jensen-500x500.jpg	/api/media/file/ken-jensen-600x600.jpg	600	600	image/jpeg	56963	ken-jensen-600x600.jpg	/api/media/file/ken-jensen-900x900.jpg	900	900	image/jpeg	99850	ken-jensen-900x900.jpg	\N	\N	\N	\N	\N	\N	\N	\N	\N	\N	\N	\N	/api/media/file/ken-jensen-1200x630.jpg	1200	630	image/jpeg	77753	ken-jensen-1200x630.jpg	https://ik.imagekit.io/raygun/redletterclay/ken-jensen.jpg
277	takeshi-yasuda.jpg	\N	\N	2026-03-17 18:18:21.922+00	2026-03-17 18:18:21.147+00	/api/media/file/takeshi-yasuda.jpg	/api/media/file/takeshi-yasuda-300x300.jpg	takeshi-yasuda.jpg	image/jpeg	790631	1002	1002	50	50	/api/media/file/takeshi-yasuda-300x300.jpg	300	300	image/jpeg	17915	takeshi-yasuda-300x300.jpg	/api/media/file/takeshi-yasuda-500x500.jpg	500	500	image/jpeg	41263	takeshi-yasuda-500x500.jpg	/api/media/file/takeshi-yasuda-600x600.jpg	600	600	image/jpeg	55140	takeshi-yasuda-600x600.jpg	/api/media/file/takeshi-yasuda-900x900.jpg	900	900	image/jpeg	105819	takeshi-yasuda-900x900.jpg	\N	\N	\N	\N	\N	\N	\N	\N	\N	\N	\N	\N	/api/media/file/takeshi-yasuda-1200x630.jpg	1200	630	image/jpeg	91757	takeshi-yasuda-1200x630.jpg	https://ik.imagekit.io/raygun/redletterclay/takeshi-yasuda.jpg
278	takeshi-yasuda-01.jpg	\N	\N	2026-03-17 18:18:22.513+00	2026-03-17 18:18:21.996+00	/api/media/file/takeshi-yasuda-01.jpg	/api/media/file/takeshi-yasuda-01-300x215.jpg	takeshi-yasuda-01.jpg	image/jpeg	209023	680	488	50	50	/api/media/file/takeshi-yasuda-01-300x215.jpg	300	215	image/jpeg	11750	takeshi-yasuda-01-300x215.jpg	/api/media/file/takeshi-yasuda-01-500x500.jpg	500	500	image/jpeg	31759	takeshi-yasuda-01-500x500.jpg	/api/media/file/takeshi-yasuda-01-600x431.jpg	600	431	image/jpeg	32156	takeshi-yasuda-01-600x431.jpg	\N	\N	\N	\N	\N	\N	\N	\N	\N	\N	\N	\N	\N	\N	\N	\N	\N	\N	\N	\N	\N	\N	\N	\N	https://ik.imagekit.io/raygun/redletterclay/takeshi-yasuda-01.jpg
279	takeshi-yasuda-02.jpg	\N	\N	2026-03-17 18:18:23.267+00	2026-03-17 18:18:22.583+00	/api/media/file/takeshi-yasuda-02.jpg	/api/media/file/takeshi-yasuda-02-300x233.jpg	takeshi-yasuda-02.jpg	image/jpeg	101869	645	500	50	50	/api/media/file/takeshi-yasuda-02-300x233.jpg	300	233	image/jpeg	12397	takeshi-yasuda-02-300x233.jpg	/api/media/file/takeshi-yasuda-02-500x500.jpg	500	500	image/jpeg	37079	takeshi-yasuda-02-500x500.jpg	/api/media/file/takeshi-yasuda-02-600x465.jpg	600	465	image/jpeg	37609	takeshi-yasuda-02-600x465.jpg	\N	\N	\N	\N	\N	\N	\N	\N	\N	\N	\N	\N	\N	\N	\N	\N	\N	\N	\N	\N	\N	\N	\N	\N	https://ik.imagekit.io/raygun/redletterclay/takeshi-yasuda-02.jpg
280	takeshi-yasuda-03.jpg	\N	\N	2026-03-17 18:18:23.772+00	2026-03-17 18:18:23.35+00	/api/media/file/takeshi-yasuda-03.jpg	/api/media/file/takeshi-yasuda-03-300x228.jpg	takeshi-yasuda-03.jpg	image/jpeg	83419	657	500	50	50	/api/media/file/takeshi-yasuda-03-300x228.jpg	300	228	image/jpeg	8616	takeshi-yasuda-03-300x228.jpg	/api/media/file/takeshi-yasuda-03-500x500.jpg	500	500	image/jpeg	25878	takeshi-yasuda-03-500x500.jpg	/api/media/file/takeshi-yasuda-03-600x457.jpg	600	457	image/jpeg	26489	takeshi-yasuda-03-600x457.jpg	\N	\N	\N	\N	\N	\N	\N	\N	\N	\N	\N	\N	\N	\N	\N	\N	\N	\N	\N	\N	\N	\N	\N	\N	https://ik.imagekit.io/raygun/redletterclay/takeshi-yasuda-03.jpg
281	takeshi-yasuda-04.jpg	\N	\N	2026-03-17 18:18:24.673+00	2026-03-17 18:18:23.847+00	/api/media/file/takeshi-yasuda-04.jpg	/api/media/file/takeshi-yasuda-04-300x216.jpg	takeshi-yasuda-04.jpg	image/jpeg	118247	680	490	50	50	/api/media/file/takeshi-yasuda-04-300x216.jpg	300	216	image/jpeg	5814	takeshi-yasuda-04-300x216.jpg	/api/media/file/takeshi-yasuda-04-500x500.jpg	500	500	image/jpeg	16258	takeshi-yasuda-04-500x500.jpg	/api/media/file/takeshi-yasuda-04-600x432.jpg	600	432	image/jpeg	15489	takeshi-yasuda-04-600x432.jpg	\N	\N	\N	\N	\N	\N	\N	\N	\N	\N	\N	\N	\N	\N	\N	\N	\N	\N	\N	\N	\N	\N	\N	\N	https://ik.imagekit.io/raygun/redletterclay/takeshi-yasuda-04.jpg
282	takeshi-yasuda-05.jpg	\N	\N	2026-03-17 18:18:25.251+00	2026-03-17 18:18:24.742+00	/api/media/file/takeshi-yasuda-05.jpg	/api/media/file/takeshi-yasuda-05-300x345.jpg	takeshi-yasuda-05.jpg	image/jpeg	53735	435	500	50	50	/api/media/file/takeshi-yasuda-05-300x345.jpg	300	345	image/jpeg	9490	takeshi-yasuda-05-300x345.jpg	/api/media/file/takeshi-yasuda-05-500x500.jpg	500	500	image/jpeg	18705	takeshi-yasuda-05-500x500.jpg	\N	\N	\N	\N	\N	\N	\N	\N	\N	\N	\N	\N	\N	\N	\N	\N	\N	\N	\N	\N	\N	\N	\N	\N	\N	\N	\N	\N	\N	\N	https://ik.imagekit.io/raygun/redletterclay/takeshi-yasuda-05.jpg
283	takeshi-yasuda-06.jpg	\N	\N	2026-03-17 18:18:25.945+00	2026-03-17 18:18:25.338+00	/api/media/file/takeshi-yasuda-06.jpg	/api/media/file/takeshi-yasuda-06-300x207.jpg	takeshi-yasuda-06.jpg	image/jpeg	129898	680	470	50	50	/api/media/file/takeshi-yasuda-06-300x207.jpg	300	207	image/jpeg	5563	takeshi-yasuda-06-300x207.jpg	/api/media/file/takeshi-yasuda-06-500x500.jpg	500	500	image/jpeg	17544	takeshi-yasuda-06-500x500.jpg	/api/media/file/takeshi-yasuda-06-600x415.jpg	600	415	image/jpeg	16535	takeshi-yasuda-06-600x415.jpg	\N	\N	\N	\N	\N	\N	\N	\N	\N	\N	\N	\N	\N	\N	\N	\N	\N	\N	\N	\N	\N	\N	\N	\N	https://ik.imagekit.io/raygun/redletterclay/takeshi-yasuda-06.jpg
284	tomo-thumb.jpg	\N	\N	2026-03-17 18:18:26.969+00	2026-03-17 18:18:26.171+00	/api/media/file/tomo-thumb.jpg	/api/media/file/tomo-thumb-300x300.jpg	tomo-thumb.jpg	image/jpeg	902864	1002	1002	50	50	/api/media/file/tomo-thumb-300x300.jpg	300	300	image/jpeg	25098	tomo-thumb-300x300.jpg	/api/media/file/tomo-thumb-500x500.jpg	500	500	image/jpeg	57956	tomo-thumb-500x500.jpg	/api/media/file/tomo-thumb-600x600.jpg	600	600	image/jpeg	76861	tomo-thumb-600x600.jpg	/api/media/file/tomo-thumb-900x900.jpg	900	900	image/jpeg	147811	tomo-thumb-900x900.jpg	\N	\N	\N	\N	\N	\N	\N	\N	\N	\N	\N	\N	/api/media/file/tomo-thumb-1200x630.jpg	1200	630	image/jpeg	118794	tomo-thumb-1200x630.jpg	https://ik.imagekit.io/raygun/redletterclay/tomo-thumb.jpg
345	juicer-03.jpg	\N	\N	2026-03-17 18:19:42.349+00	2026-03-17 18:19:41.603+00	/api/media/file/juicer-4.jpg	/api/media/file/juicer-4-300x200.jpg	juicer-4.jpg	image/jpeg	223029	2000	1333	50	50	/api/media/file/juicer-4-300x200.jpg	300	200	image/jpeg	6349	juicer-4-300x200.jpg	/api/media/file/juicer-4-500x500.jpg	500	500	image/jpeg	25286	juicer-4-500x500.jpg	/api/media/file/juicer-4-600x400.jpg	600	400	image/jpeg	20139	juicer-4-600x400.jpg	/api/media/file/juicer-4-900x600.jpg	900	600	image/jpeg	40907	juicer-4-900x600.jpg	/api/media/file/juicer-4-1400x933.jpg	1400	933	image/jpeg	89225	juicer-4-1400x933.jpg	/api/media/file/juicer-4-1920x1280.jpg	1920	1280	image/jpeg	151250	juicer-4-1920x1280.jpg	/api/media/file/juicer-4-1200x630.jpg	1200	630	image/jpeg	58905	juicer-4-1200x630.jpg	https://ik.imagekit.io/raygun/redletterclay/juicer-03.jpg
285	tomo-work.jpeg	\N	\N	2026-03-17 18:18:28.864+00	2026-03-17 18:18:27.667+00	/api/media/file/tomo-work.jpeg	/api/media/file/tomo-work-300x400.jpg	tomo-work.jpeg	image/jpeg	1618737	4284	5712	50	50	/api/media/file/tomo-work-300x400.jpg	300	400	image/jpeg	28661	tomo-work-300x400.jpg	/api/media/file/tomo-work-500x500.jpg	500	500	image/jpeg	57397	tomo-work-500x500.jpg	/api/media/file/tomo-work-600x800.jpg	600	800	image/jpeg	104236	tomo-work-600x800.jpg	/api/media/file/tomo-work-900x1200.jpg	900	1200	image/jpeg	221142	tomo-work-900x1200.jpg	/api/media/file/tomo-work-1400x1867.jpg	1400	1867	image/jpeg	487133	tomo-work-1400x1867.jpg	/api/media/file/tomo-work-1920x2560.jpg	1920	2560	image/jpeg	818527	tomo-work-1920x2560.jpg	/api/media/file/tomo-work-1200x630.jpg	1200	630	image/jpeg	163291	tomo-work-1200x630.jpg	https://ik.imagekit.io/raygun/redletterclay/tomo-work.jpeg
286	tomo-work-2.jpg	\N	\N	2026-03-17 18:18:30.438+00	2026-03-17 18:18:29.591+00	/api/media/file/tomo-work-2.jpg	/api/media/file/tomo-work-2-300x400.jpg	tomo-work-2.jpg	image/jpeg	523944	4284	5712	50	50	/api/media/file/tomo-work-2-300x400.jpg	300	400	image/jpeg	13334	tomo-work-2-300x400.jpg	/api/media/file/tomo-work-2-500x500.jpg	500	500	image/jpeg	24515	tomo-work-2-500x500.jpg	/api/media/file/tomo-work-2-600x800.jpg	600	800	image/jpeg	39725	tomo-work-2-600x800.jpg	/api/media/file/tomo-work-2-900x1200.jpg	900	1200	image/jpeg	78079	tomo-work-2-900x1200.jpg	/api/media/file/tomo-work-2-1400x1867.jpg	1400	1867	image/jpeg	169729	tomo-work-2-1400x1867.jpg	/api/media/file/tomo-work-2-1920x2560.jpg	1920	2560	image/jpeg	294884	tomo-work-2-1920x2560.jpg	/api/media/file/tomo-work-2-1200x630.jpg	1200	630	image/jpeg	59141	tomo-work-2-1200x630.jpg	https://ik.imagekit.io/raygun/redletterclay/tomo-work-2.jpg
346	bowls-3-sizes.jpg	\N	\N	2026-03-17 18:19:43.251+00	2026-03-17 18:19:42.656+00	/api/media/file/bowls-3-sizes.jpg	/api/media/file/bowls-3-sizes-300x200.jpg	bowls-3-sizes.jpg	image/jpeg	252914	2000	1333	50	50	/api/media/file/bowls-3-sizes-300x200.jpg	300	200	image/jpeg	6176	bowls-3-sizes-300x200.jpg	/api/media/file/bowls-3-sizes-500x500.jpg	500	500	image/jpeg	19898	bowls-3-sizes-500x500.jpg	/api/media/file/bowls-3-sizes-600x400.jpg	600	400	image/jpeg	19409	bowls-3-sizes-600x400.jpg	/api/media/file/bowls-3-sizes-900x600.jpg	900	600	image/jpeg	39002	bowls-3-sizes-900x600.jpg	/api/media/file/bowls-3-sizes-1400x933.jpg	1400	933	image/jpeg	84789	bowls-3-sizes-1400x933.jpg	/api/media/file/bowls-3-sizes-1920x1280.jpg	1920	1280	image/jpeg	144850	bowls-3-sizes-1920x1280.jpg	/api/media/file/bowls-3-sizes-1200x630.jpg	1200	630	image/jpeg	61073	bowls-3-sizes-1200x630.jpg	https://ik.imagekit.io/raygun/redletterclay/bowls-3-sizes.jpg
287	tomo-throwing-chawan.jpg	\N	\N	2026-03-17 18:18:31.677+00	2026-03-17 18:18:30.918+00	/api/media/file/tomo-throwing-chawan.jpg	/api/media/file/tomo-throwing-chawan-300x400.jpg	tomo-throwing-chawan.jpg	image/jpeg	785695	3024	4032	50	50	/api/media/file/tomo-throwing-chawan-300x400.jpg	300	400	image/jpeg	33542	tomo-throwing-chawan-300x400.jpg	/api/media/file/tomo-throwing-chawan-500x500.jpg	500	500	image/jpeg	61691	tomo-throwing-chawan-500x500.jpg	/api/media/file/tomo-throwing-chawan-600x800.jpg	600	800	image/jpeg	104433	tomo-throwing-chawan-600x800.jpg	/api/media/file/tomo-throwing-chawan-900x1200.jpg	900	1200	image/jpeg	204105	tomo-throwing-chawan-900x1200.jpg	/api/media/file/tomo-throwing-chawan-1400x1867.jpg	1400	1867	image/jpeg	415724	tomo-throwing-chawan-1400x1867.jpg	/api/media/file/tomo-throwing-chawan-1920x2560.jpg	1920	2560	image/jpeg	683274	tomo-throwing-chawan-1920x2560.jpg	/api/media/file/tomo-throwing-chawan-1200x630.jpg	1200	630	image/jpeg	149983	tomo-throwing-chawan-1200x630.jpg	https://ik.imagekit.io/raygun/redletterclay/tomo-throwing-chawan.jpg
288	tomo-throwing-bowl.jpg	\N	\N	2026-03-17 18:18:32.916+00	2026-03-17 18:18:32.215+00	/api/media/file/tomo-throwing-bowl.jpg	/api/media/file/tomo-throwing-bowl-300x400.jpg	tomo-throwing-bowl.jpg	image/jpeg	680423	3024	4032	50	50	/api/media/file/tomo-throwing-bowl-300x400.jpg	300	400	image/jpeg	33924	tomo-throwing-bowl-300x400.jpg	/api/media/file/tomo-throwing-bowl-500x500.jpg	500	500	image/jpeg	62386	tomo-throwing-bowl-500x500.jpg	/api/media/file/tomo-throwing-bowl-600x800.jpg	600	800	image/jpeg	102367	tomo-throwing-bowl-600x800.jpg	/api/media/file/tomo-throwing-bowl-900x1200.jpg	900	1200	image/jpeg	194817	tomo-throwing-bowl-900x1200.jpg	/api/media/file/tomo-throwing-bowl-1400x1867.jpg	1400	1867	image/jpeg	383664	tomo-throwing-bowl-1400x1867.jpg	/api/media/file/tomo-throwing-bowl-1920x2560.jpg	1920	2560	image/jpeg	614080	tomo-throwing-bowl-1920x2560.jpg	/api/media/file/tomo-throwing-bowl-1200x630.jpg	1200	630	image/jpeg	130741	tomo-throwing-bowl-1200x630.jpg	https://ik.imagekit.io/raygun/redletterclay/tomo-throwing-bowl.jpg
347	nerikomi-trays.jpg	\N	\N	2026-03-17 18:19:44.171+00	2026-03-17 18:19:43.601+00	/api/media/file/nerikomi-trays.jpg	/api/media/file/nerikomi-trays-300x200.jpg	nerikomi-trays.jpg	image/jpeg	364779	2000	1333	50	50	/api/media/file/nerikomi-trays-300x200.jpg	300	200	image/jpeg	11723	nerikomi-trays-300x200.jpg	/api/media/file/nerikomi-trays-500x500.jpg	500	500	image/jpeg	31330	nerikomi-trays-500x500.jpg	/api/media/file/nerikomi-trays-600x400.jpg	600	400	image/jpeg	34956	nerikomi-trays-600x400.jpg	/api/media/file/nerikomi-trays-900x600.jpg	900	600	image/jpeg	66613	nerikomi-trays-900x600.jpg	/api/media/file/nerikomi-trays-1400x933.jpg	1400	933	image/jpeg	133276	nerikomi-trays-1400x933.jpg	/api/media/file/nerikomi-trays-1920x1280.jpg	1920	1280	image/jpeg	216012	nerikomi-trays-1920x1280.jpg	/api/media/file/nerikomi-trays-1200x630.jpg	1200	630	image/jpeg	101395	nerikomi-trays-1200x630.jpg	https://ik.imagekit.io/raygun/redletterclay/nerikomi-trays.jpg
425	\N	\N	\N	2026-03-19 02:47:48.447+00	2026-03-19 02:47:47.308+00	/api/media/file/J-0008-BLU-thumb.jpg	\N	J-0008-BLU-thumb.jpg	image/jpeg	114096	400	400	50	50	/api/media/file/J-0008-BLU-thumb-300x300.jpg	300	300	image/jpeg	9352	J-0008-BLU-thumb-300x300.jpg	\N	\N	\N	\N	\N	\N	\N	\N	\N	\N	\N	\N	\N	\N	\N	\N	\N	\N	\N	\N	\N	\N	\N	\N	\N	\N	\N	\N	\N	\N	\N	\N	\N	\N	\N	\N	https://ik.imagekit.io/raygun/redletterclay/J-0008-BLU-thumb.jpg
289	tomo-mashiko.jpg	\N	\N	2026-03-17 18:18:35.21+00	2026-03-17 18:18:34.045+00	/api/media/file/tomo-mashiko.jpg	/api/media/file/tomo-mashiko-300x225.jpg	tomo-mashiko.jpg	image/jpeg	1362968	4284	3213	50	50	/api/media/file/tomo-mashiko-300x225.jpg	300	225	image/jpeg	16749	tomo-mashiko-300x225.jpg	/api/media/file/tomo-mashiko-500x500.jpg	500	500	image/jpeg	72348	tomo-mashiko-500x500.jpg	/api/media/file/tomo-mashiko-600x450.jpg	600	450	image/jpeg	66647	tomo-mashiko-600x450.jpg	/api/media/file/tomo-mashiko-900x675.jpg	900	675	image/jpeg	153833	tomo-mashiko-900x675.jpg	/api/media/file/tomo-mashiko-1400x1050.jpg	1400	1050	image/jpeg	351836	tomo-mashiko-1400x1050.jpg	/api/media/file/tomo-mashiko-1920x1440.jpg	1920	1440	image/jpeg	589769	tomo-mashiko-1920x1440.jpg	/api/media/file/tomo-mashiko-1200x630.jpg	1200	630	image/jpeg	199308	tomo-mashiko-1200x630.jpg	https://ik.imagekit.io/raygun/redletterclay/tomo-mashiko.jpg
290	theaster-kiln.jpg	\N	\N	2026-03-17 18:18:37.057+00	2026-03-17 18:18:36.007+00	/api/media/file/theaster-kiln.jpg	/api/media/file/theaster-kiln-300x225.jpg	theaster-kiln.jpg	image/jpeg	1871251	4284	3213	50	50	/api/media/file/theaster-kiln-300x225.jpg	300	225	image/jpeg	18257	theaster-kiln-300x225.jpg	/api/media/file/theaster-kiln-500x500.jpg	500	500	image/jpeg	63495	theaster-kiln-500x500.jpg	/api/media/file/theaster-kiln-600x450.jpg	600	450	image/jpeg	71669	theaster-kiln-600x450.jpg	/api/media/file/theaster-kiln-900x675.jpg	900	675	image/jpeg	166984	theaster-kiln-900x675.jpg	/api/media/file/theaster-kiln-1400x1050.jpg	1400	1050	image/jpeg	424349	theaster-kiln-1400x1050.jpg	/api/media/file/theaster-kiln-1920x1440.jpg	1920	1440	image/jpeg	786762	theaster-kiln-1920x1440.jpg	/api/media/file/theaster-kiln-1200x630.jpg	1200	630	image/jpeg	214041	theaster-kiln-1200x630.jpg	https://ik.imagekit.io/raygun/redletterclay/theaster-kiln.jpg
439	\N	\N	\N	2026-03-21 01:52:27.188+00	2026-03-21 01:52:26.279+00	/api/media/file/M-0031-GRN-thumb.jpg	\N	M-0031-GRN-thumb.jpg	image/jpeg	114238	400	400	50	50	/api/media/file/M-0031-GRN-thumb-300x300.jpg	300	300	image/jpeg	10130	M-0031-GRN-thumb-300x300.jpg	\N	\N	\N	\N	\N	\N	\N	\N	\N	\N	\N	\N	\N	\N	\N	\N	\N	\N	\N	\N	\N	\N	\N	\N	\N	\N	\N	\N	\N	\N	\N	\N	\N	\N	\N	\N	https://ik.imagekit.io/raygun/redletterclay/M-0031-GRN-thumb.jpg
291	juicer-thumb.jpg	\N	\N	2026-03-17 18:18:38.23+00	2026-03-17 18:18:37.261+00	/api/media/file/juicer-thumb.jpg	/api/media/file/juicer-thumb-300x300.jpg	juicer-thumb.jpg	image/jpeg	560764	1002	1002	50	50	/api/media/file/juicer-thumb-300x300.jpg	300	300	image/jpeg	12792	juicer-thumb-300x300.jpg	/api/media/file/juicer-thumb-500x500.jpg	500	500	image/jpeg	30072	juicer-thumb-500x500.jpg	/api/media/file/juicer-thumb-600x600.jpg	600	600	image/jpeg	40512	juicer-thumb-600x600.jpg	/api/media/file/juicer-thumb-900x900.jpg	900	900	image/jpeg	79023	juicer-thumb-900x900.jpg	\N	\N	\N	\N	\N	\N	\N	\N	\N	\N	\N	\N	/api/media/file/juicer-thumb-1200x630.jpg	1200	630	image/jpeg	70195	juicer-thumb-1200x630.jpg	https://ik.imagekit.io/raygun/redletterclay/juicer-thumb.jpg
292	juicer-01.jpg	\N	\N	2026-03-17 18:18:39.278+00	2026-03-17 18:18:38.569+00	/api/media/file/juicer-01.jpg	/api/media/file/juicer-01-300x200.jpg	juicer-01.jpg	image/jpeg	232207	2000	1333	50	50	/api/media/file/juicer-01-300x200.jpg	300	200	image/jpeg	6627	juicer-01-300x200.jpg	/api/media/file/juicer-01-500x500.jpg	500	500	image/jpeg	28377	juicer-01-500x500.jpg	/api/media/file/juicer-01-600x400.jpg	600	400	image/jpeg	21534	juicer-01-600x400.jpg	/api/media/file/juicer-01-900x600.jpg	900	600	image/jpeg	44670	juicer-01-900x600.jpg	/api/media/file/juicer-01-1400x933.jpg	1400	933	image/jpeg	99043	juicer-01-1400x933.jpg	/api/media/file/juicer-01-1920x1280.jpg	1920	1280	image/jpeg	169057	juicer-01-1920x1280.jpg	/api/media/file/juicer-01-1200x630.jpg	1200	630	image/jpeg	66089	juicer-01-1200x630.jpg	https://ik.imagekit.io/raygun/redletterclay/juicer-01.jpg
293	juicer-02.jpg	\N	\N	2026-03-17 18:18:40.373+00	2026-03-17 18:18:39.658+00	/api/media/file/juicer-02.jpg	/api/media/file/juicer-02-300x200.jpg	juicer-02.jpg	image/jpeg	215339	2000	1333	50	50	/api/media/file/juicer-02-300x200.jpg	300	200	image/jpeg	5898	juicer-02-300x200.jpg	/api/media/file/juicer-02-500x500.jpg	500	500	image/jpeg	24785	juicer-02-500x500.jpg	/api/media/file/juicer-02-600x400.jpg	600	400	image/jpeg	19121	juicer-02-600x400.jpg	/api/media/file/juicer-02-900x600.jpg	900	600	image/jpeg	39687	juicer-02-900x600.jpg	/api/media/file/juicer-02-1400x933.jpg	1400	933	image/jpeg	87687	juicer-02-1400x933.jpg	/api/media/file/juicer-02-1920x1280.jpg	1920	1280	image/jpeg	148758	juicer-02-1920x1280.jpg	/api/media/file/juicer-02-1200x630.jpg	1200	630	image/jpeg	58720	juicer-02-1200x630.jpg	https://ik.imagekit.io/raygun/redletterclay/juicer-02.jpg
294	juicer-03.jpg	\N	\N	2026-03-17 18:18:41.253+00	2026-03-17 18:18:40.731+00	/api/media/file/juicer-03.jpg	/api/media/file/juicer-03-300x200.jpg	juicer-03.jpg	image/jpeg	226839	2000	1333	50	50	/api/media/file/juicer-03-300x200.jpg	300	200	image/jpeg	5911	juicer-03-300x200.jpg	/api/media/file/juicer-03-500x500.jpg	500	500	image/jpeg	25886	juicer-03-500x500.jpg	/api/media/file/juicer-03-600x400.jpg	600	400	image/jpeg	19710	juicer-03-600x400.jpg	/api/media/file/juicer-03-900x600.jpg	900	600	image/jpeg	41444	juicer-03-900x600.jpg	/api/media/file/juicer-03-1400x933.jpg	1400	933	image/jpeg	92503	juicer-03-1400x933.jpg	/api/media/file/juicer-03-1920x1280.jpg	1920	1280	image/jpeg	157986	juicer-03-1920x1280.jpg	/api/media/file/juicer-03-1200x630.jpg	1200	630	image/jpeg	61862	juicer-03-1200x630.jpg	https://ik.imagekit.io/raygun/redletterclay/juicer-03.jpg
295	juicer-04.jpg	\N	\N	2026-03-17 18:18:42.722+00	2026-03-17 18:18:41.923+00	/api/media/file/juicer-04.jpg	/api/media/file/juicer-04-300x200.jpg	juicer-04.jpg	image/jpeg	222087	2000	1333	50	50	/api/media/file/juicer-04-300x200.jpg	300	200	image/jpeg	6307	juicer-04-300x200.jpg	/api/media/file/juicer-04-500x500.jpg	500	500	image/jpeg	25207	juicer-04-500x500.jpg	/api/media/file/juicer-04-600x400.jpg	600	400	image/jpeg	19971	juicer-04-600x400.jpg	/api/media/file/juicer-04-900x600.jpg	900	600	image/jpeg	40727	juicer-04-900x600.jpg	/api/media/file/juicer-04-1400x933.jpg	1400	933	image/jpeg	88853	juicer-04-1400x933.jpg	/api/media/file/juicer-04-1920x1280.jpg	1920	1280	image/jpeg	151155	juicer-04-1920x1280.jpg	/api/media/file/juicer-04-1200x630.jpg	1200	630	image/jpeg	58802	juicer-04-1200x630.jpg	https://ik.imagekit.io/raygun/redletterclay/juicer-04.jpg
296	juicer-05.jpg	\N	\N	2026-03-17 18:18:43.864+00	2026-03-17 18:18:43.307+00	/api/media/file/juicer-05.jpg	/api/media/file/juicer-05-300x200.jpg	juicer-05.jpg	image/jpeg	200959	2000	1333	50	50	/api/media/file/juicer-05-300x200.jpg	300	200	image/jpeg	5667	juicer-05-300x200.jpg	/api/media/file/juicer-05-500x500.jpg	500	500	image/jpeg	23038	juicer-05-500x500.jpg	/api/media/file/juicer-05-600x400.jpg	600	400	image/jpeg	17903	juicer-05-600x400.jpg	/api/media/file/juicer-05-900x600.jpg	900	600	image/jpeg	36549	juicer-05-900x600.jpg	/api/media/file/juicer-05-1400x933.jpg	1400	933	image/jpeg	79870	juicer-05-1400x933.jpg	/api/media/file/juicer-05-1920x1280.jpg	1920	1280	image/jpeg	136250	juicer-05-1920x1280.jpg	/api/media/file/juicer-05-1200x630.jpg	1200	630	image/jpeg	51684	juicer-05-1200x630.jpg	https://ik.imagekit.io/raygun/redletterclay/juicer-05.jpg
297	juicer-process-01.jpg	\N	\N	2026-03-17 18:18:45.343+00	2026-03-17 18:18:44.488+00	/api/media/file/juicer-process-01.jpg	/api/media/file/juicer-process-01-300x400.jpg	juicer-process-01.jpg	image/jpeg	837373	4284	5712	50	50	/api/media/file/juicer-process-01-300x400.jpg	300	400	image/jpeg	26670	juicer-process-01-300x400.jpg	/api/media/file/juicer-process-01-500x500.jpg	500	500	image/jpeg	42604	juicer-process-01-500x500.jpg	/api/media/file/juicer-process-01-600x800.jpg	600	800	image/jpeg	77787	juicer-process-01-600x800.jpg	/api/media/file/juicer-process-01-900x1200.jpg	900	1200	image/jpeg	147298	juicer-process-01-900x1200.jpg	/api/media/file/juicer-process-01-1400x1867.jpg	1400	1867	image/jpeg	295642	juicer-process-01-1400x1867.jpg	/api/media/file/juicer-process-01-1920x2560.jpg	1920	2560	image/jpeg	480264	juicer-process-01-1920x2560.jpg	/api/media/file/juicer-process-01-1200x630.jpg	1200	630	image/jpeg	88277	juicer-process-01-1200x630.jpg	https://ik.imagekit.io/raygun/redletterclay/juicer-process-01.jpg
479	\N	\N	\N	2026-04-09 03:53:02.684+00	2026-04-09 03:52:59.729+00	/api/media/file/M-0036-PUR-5.jpg	\N	M-0036-PUR-5.jpg	image/jpeg	759451	1820	1366	50	50	/api/media/file/M-0036-PUR-5-300x225.jpg	300	225	image/jpeg	9535	M-0036-PUR-5-300x225.jpg	/api/media/file/M-0036-PUR-5-500x500.jpg	500	500	image/jpeg	37681	M-0036-PUR-5-500x500.jpg	/api/media/file/M-0036-PUR-5-600x450.jpg	600	450	image/jpeg	32587	M-0036-PUR-5-600x450.jpg	/api/media/file/M-0036-PUR-5-900x675.jpg	900	675	image/jpeg	64510	M-0036-PUR-5-900x675.jpg	/api/media/file/M-0036-PUR-5-1400x1051.jpg	1400	1051	image/jpeg	130400	M-0036-PUR-5-1400x1051.jpg	\N	\N	\N	\N	\N	\N	/api/media/file/M-0036-PUR-5-1200x630.jpg	1200	630	image/jpeg	96409	M-0036-PUR-5-1200x630.jpg	https://ik.imagekit.io/raygun/redletterclay/M-0036-PUR-5.jpg
298	juicer-process-02.jpg	\N	\N	2026-03-17 18:18:46.815+00	2026-03-17 18:18:45.896+00	/api/media/file/juicer-process-02.jpg	/api/media/file/juicer-process-02-300x400.jpg	juicer-process-02.jpg	image/jpeg	518667	3506	4675	50	50	/api/media/file/juicer-process-02-300x400.jpg	300	400	image/jpeg	24868	juicer-process-02-300x400.jpg	/api/media/file/juicer-process-02-500x500.jpg	500	500	image/jpeg	42186	juicer-process-02-500x500.jpg	/api/media/file/juicer-process-02-600x800.jpg	600	800	image/jpeg	72073	juicer-process-02-600x800.jpg	/api/media/file/juicer-process-02-900x1200.jpg	900	1200	image/jpeg	134908	juicer-process-02-900x1200.jpg	/api/media/file/juicer-process-02-1400x1867.jpg	1400	1867	image/jpeg	263745	juicer-process-02-1400x1867.jpg	/api/media/file/juicer-process-02-1920x2560.jpg	1920	2560	image/jpeg	421413	juicer-process-02-1920x2560.jpg	/api/media/file/juicer-process-02-1200x630.jpg	1200	630	image/jpeg	81358	juicer-process-02-1200x630.jpg	https://ik.imagekit.io/raygun/redletterclay/juicer-process-02.jpg
299	belger-arts-flyer-2.png	\N	\N	2026-03-17 18:18:48.586+00	2026-03-17 18:18:47.541+00	/api/media/file/belger-arts-flyer-2.png	/api/media/file/belger-arts-flyer-2-300x300.webp	belger-arts-flyer-2.png	image/png	1290114	1426	1426	50	50	/api/media/file/belger-arts-flyer-2-300x300.webp	300	300	image/webp	7692	belger-arts-flyer-2-300x300.webp	/api/media/file/belger-arts-flyer-2-500x500.webp	500	500	image/webp	16722	belger-arts-flyer-2-500x500.webp	/api/media/file/belger-arts-flyer-2-600x600.webp	600	600	image/webp	23322	belger-arts-flyer-2-600x600.webp	/api/media/file/belger-arts-flyer-2-900x900.webp	900	900	image/webp	44258	belger-arts-flyer-2-900x900.webp	/api/media/file/belger-arts-flyer-2-1400x1400.webp	1400	1400	image/webp	86600	belger-arts-flyer-2-1400x1400.webp	\N	\N	\N	\N	\N	\N	/api/media/file/belger-arts-flyer-2-1200x630.webp	1200	630	image/webp	51108	belger-arts-flyer-2-1200x630.webp	https://ik.imagekit.io/raygun/redletterclay/belger-arts-flyer-2.png
300	belger-arts-pot-01.jpg	\N	\N	2026-03-17 18:18:49.754+00	2026-03-17 18:18:48.735+00	/api/media/file/belger-arts-pot-01.jpg	/api/media/file/belger-arts-pot-01-300x300.jpg	belger-arts-pot-01.jpg	image/jpeg	917337	1080	1080	50	50	/api/media/file/belger-arts-pot-01-300x300.jpg	300	300	image/jpeg	17521	belger-arts-pot-01-300x300.jpg	/api/media/file/belger-arts-pot-01-500x500.jpg	500	500	image/jpeg	43166	belger-arts-pot-01-500x500.jpg	/api/media/file/belger-arts-pot-01-600x600.jpg	600	600	image/jpeg	58755	belger-arts-pot-01-600x600.jpg	/api/media/file/belger-arts-pot-01-900x900.jpg	900	900	image/jpeg	114044	belger-arts-pot-01-900x900.jpg	\N	\N	\N	\N	\N	\N	\N	\N	\N	\N	\N	\N	/api/media/file/belger-arts-pot-01-1200x630.jpg	1200	630	image/jpeg	121510	belger-arts-pot-01-1200x630.jpg	https://ik.imagekit.io/raygun/redletterclay/belger-arts-pot-01.jpg
301	belger-arts-pot-02.jpg	\N	\N	2026-03-17 18:18:50.68+00	2026-03-17 18:18:49.902+00	/api/media/file/belger-arts-pot-02.jpg	/api/media/file/belger-arts-pot-02-300x300.jpg	belger-arts-pot-02.jpg	image/jpeg	657256	1080	1080	50	50	/api/media/file/belger-arts-pot-02-300x300.jpg	300	300	image/jpeg	11662	belger-arts-pot-02-300x300.jpg	/api/media/file/belger-arts-pot-02-500x500.jpg	500	500	image/jpeg	27653	belger-arts-pot-02-500x500.jpg	/api/media/file/belger-arts-pot-02-600x600.jpg	600	600	image/jpeg	37236	belger-arts-pot-02-600x600.jpg	/api/media/file/belger-arts-pot-02-900x900.jpg	900	900	image/jpeg	71466	belger-arts-pot-02-900x900.jpg	\N	\N	\N	\N	\N	\N	\N	\N	\N	\N	\N	\N	/api/media/file/belger-arts-pot-02-1200x630.jpg	1200	630	image/jpeg	81521	belger-arts-pot-02-1200x630.jpg	https://ik.imagekit.io/raygun/redletterclay/belger-arts-pot-02.jpg
302	belger-arts-pot-04.jpg	\N	\N	2026-03-17 18:18:51.574+00	2026-03-17 18:18:50.828+00	/api/media/file/belger-arts-pot-04.jpg	/api/media/file/belger-arts-pot-04-300x300.jpg	belger-arts-pot-04.jpg	image/jpeg	664307	1080	1080	50	50	/api/media/file/belger-arts-pot-04-300x300.jpg	300	300	image/jpeg	11117	belger-arts-pot-04-300x300.jpg	/api/media/file/belger-arts-pot-04-500x500.jpg	500	500	image/jpeg	27911	belger-arts-pot-04-500x500.jpg	/api/media/file/belger-arts-pot-04-600x600.jpg	600	600	image/jpeg	38118	belger-arts-pot-04-600x600.jpg	/api/media/file/belger-arts-pot-04-900x900.jpg	900	900	image/jpeg	76100	belger-arts-pot-04-900x900.jpg	\N	\N	\N	\N	\N	\N	\N	\N	\N	\N	\N	\N	/api/media/file/belger-arts-pot-04-1200x630.jpg	1200	630	image/jpeg	104644	belger-arts-pot-04-1200x630.jpg	https://ik.imagekit.io/raygun/redletterclay/belger-arts-pot-04.jpg
303	belger-arts-pot-05.jpg	\N	\N	2026-03-17 18:18:52.467+00	2026-03-17 18:18:51.702+00	/api/media/file/belger-arts-pot-05.jpg	/api/media/file/belger-arts-pot-05-300x300.jpg	belger-arts-pot-05.jpg	image/jpeg	553552	1080	1080	50	50	/api/media/file/belger-arts-pot-05-300x300.jpg	300	300	image/jpeg	9495	belger-arts-pot-05-300x300.jpg	/api/media/file/belger-arts-pot-05-500x500.jpg	500	500	image/jpeg	22922	belger-arts-pot-05-500x500.jpg	/api/media/file/belger-arts-pot-05-600x600.jpg	600	600	image/jpeg	31205	belger-arts-pot-05-600x600.jpg	/api/media/file/belger-arts-pot-05-900x900.jpg	900	900	image/jpeg	62571	belger-arts-pot-05-900x900.jpg	\N	\N	\N	\N	\N	\N	\N	\N	\N	\N	\N	\N	/api/media/file/belger-arts-pot-05-1200x630.jpg	1200	630	image/jpeg	86022	belger-arts-pot-05-1200x630.jpg	https://ik.imagekit.io/raygun/redletterclay/belger-arts-pot-05.jpg
304	belger-arts-pot-06.jpg	\N	\N	2026-03-17 18:18:53.3+00	2026-03-17 18:18:52.6+00	/api/media/file/belger-arts-pot-06.jpg	/api/media/file/belger-arts-pot-06-300x300.jpg	belger-arts-pot-06.jpg	image/jpeg	557596	1080	1080	50	50	/api/media/file/belger-arts-pot-06-300x300.jpg	300	300	image/jpeg	8103	belger-arts-pot-06-300x300.jpg	/api/media/file/belger-arts-pot-06-500x500.jpg	500	500	image/jpeg	19968	belger-arts-pot-06-500x500.jpg	/api/media/file/belger-arts-pot-06-600x600.jpg	600	600	image/jpeg	27380	belger-arts-pot-06-600x600.jpg	/api/media/file/belger-arts-pot-06-900x900.jpg	900	900	image/jpeg	55269	belger-arts-pot-06-900x900.jpg	\N	\N	\N	\N	\N	\N	\N	\N	\N	\N	\N	\N	/api/media/file/belger-arts-pot-06-1200x630.jpg	1200	630	image/jpeg	74978	belger-arts-pot-06-1200x630.jpg	https://ik.imagekit.io/raygun/redletterclay/belger-arts-pot-06.jpg
306	belger-arts-pots-process.jpg	\N	\N	2026-03-17 18:18:55.998+00	2026-03-17 18:18:55.129+00	/api/media/file/belger-arts-pots-process-1.jpg	/api/media/file/belger-arts-pots-process-1-300x400.jpg	belger-arts-pots-process-1.jpg	image/jpeg	1760803	3024	4032	50	50	/api/media/file/belger-arts-pots-process-1-300x400.jpg	300	400	image/jpeg	19590	belger-arts-pots-process-1-300x400.jpg	/api/media/file/belger-arts-pots-process-1-500x500.jpg	500	500	image/jpeg	36599	belger-arts-pots-process-1-500x500.jpg	/api/media/file/belger-arts-pots-process-1-600x800.jpg	600	800	image/jpeg	65171	belger-arts-pots-process-1-600x800.jpg	/api/media/file/belger-arts-pots-process-1-900x1200.jpg	900	1200	image/jpeg	134592	belger-arts-pots-process-1-900x1200.jpg	/api/media/file/belger-arts-pots-process-1-1400x1867.jpg	1400	1867	image/jpeg	298101	belger-arts-pots-process-1-1400x1867.jpg	/api/media/file/belger-arts-pots-process-1-1920x2560.jpg	1920	2560	image/jpeg	556061	belger-arts-pots-process-1-1920x2560.jpg	/api/media/file/belger-arts-pots-process-1-1200x630.jpg	1200	630	image/jpeg	80294	belger-arts-pots-process-1-1200x630.jpg	https://ik.imagekit.io/raygun/redletterclay/belger-arts-pots-process.jpg
480	\N	\N	\N	2026-04-09 04:01:11.418+00	2026-04-09 04:01:09.731+00	/api/media/file/M-0037-PNK-thumb.jpg	\N	M-0037-PNK-thumb.jpg	image/jpeg	118136	400	400	50	50	/api/media/file/M-0037-PNK-thumb-300x300.jpg	300	300	image/jpeg	10173	M-0037-PNK-thumb-300x300.jpg	\N	\N	\N	\N	\N	\N	\N	\N	\N	\N	\N	\N	\N	\N	\N	\N	\N	\N	\N	\N	\N	\N	\N	\N	\N	\N	\N	\N	\N	\N	\N	\N	\N	\N	\N	\N	https://ik.imagekit.io/raygun/redletterclay/M-0037-PNK-thumb.jpg
307	washi-lantern-thumb.jpg	\N	\N	2026-03-17 18:18:57.236+00	2026-03-17 18:18:56.162+00	/api/media/file/washi-lantern-thumb-1.jpg	/api/media/file/washi-lantern-thumb-1-300x300.jpg	washi-lantern-thumb-1.jpg	image/jpeg	544601	1080	1080	50	50	/api/media/file/washi-lantern-thumb-1-300x300.jpg	300	300	image/jpeg	11317	washi-lantern-thumb-1-300x300.jpg	/api/media/file/washi-lantern-thumb-1-500x500.jpg	500	500	image/jpeg	24735	washi-lantern-thumb-1-500x500.jpg	/api/media/file/washi-lantern-thumb-1-600x600.jpg	600	600	image/jpeg	32914	washi-lantern-thumb-1-600x600.jpg	/api/media/file/washi-lantern-thumb-1-900x900.jpg	900	900	image/jpeg	63119	washi-lantern-thumb-1-900x900.jpg	\N	\N	\N	\N	\N	\N	\N	\N	\N	\N	\N	\N	/api/media/file/washi-lantern-thumb-1-1200x630.jpg	1200	630	image/jpeg	68538	washi-lantern-thumb-1-1200x630.jpg	https://ik.imagekit.io/raygun/redletterclay/washi-lantern-thumb.jpg
308	lantern-01.jpeg	\N	\N	2026-03-17 18:18:59.211+00	2026-03-17 18:18:58.347+00	/api/media/file/lantern-2.jpeg	/api/media/file/lantern-2-300x400.jpg	lantern-2.jpeg	image/jpeg	1357436	3024	4032	50	50	/api/media/file/lantern-2-300x400.jpg	300	400	image/jpeg	11749	lantern-2-300x400.jpg	/api/media/file/lantern-2-500x500.jpg	500	500	image/jpeg	23736	lantern-2-500x500.jpg	/api/media/file/lantern-2-600x800.jpg	600	800	image/jpeg	34688	lantern-2-600x800.jpg	/api/media/file/lantern-2-900x1200.jpg	900	1200	image/jpeg	69122	lantern-2-900x1200.jpg	/api/media/file/lantern-2-1400x1867.jpg	1400	1867	image/jpeg	156882	lantern-2-1400x1867.jpg	/api/media/file/lantern-2-1920x2560.jpg	1920	2560	image/jpeg	284011	lantern-2-1920x2560.jpg	/api/media/file/lantern-2-1200x630.jpg	1200	630	image/jpeg	76485	lantern-2-1200x630.jpg	https://ik.imagekit.io/raygun/redletterclay/lantern-01.jpeg
309	lantern-02.jpeg	\N	\N	2026-03-17 18:19:01.374+00	2026-03-17 18:19:00.239+00	/api/media/file/lantern-3.jpeg	/api/media/file/lantern-3-300x400.jpg	lantern-3.jpeg	image/jpeg	1099693	2761	3682	50	50	/api/media/file/lantern-3-300x400.jpg	300	400	image/jpeg	11903	lantern-3-300x400.jpg	/api/media/file/lantern-3-500x500.jpg	500	500	image/jpeg	23723	lantern-3-500x500.jpg	/api/media/file/lantern-3-600x800.jpg	600	800	image/jpeg	35209	lantern-3-600x800.jpg	/api/media/file/lantern-3-900x1200.jpg	900	1200	image/jpeg	71003	lantern-3-900x1200.jpg	/api/media/file/lantern-3-1400x1867.jpg	1400	1867	image/jpeg	161010	lantern-3-1400x1867.jpg	/api/media/file/lantern-3-1920x2560.jpg	1920	2560	image/jpeg	283260	lantern-3-1920x2560.jpg	/api/media/file/lantern-3-1200x630.jpg	1200	630	image/jpeg	70400	lantern-3-1200x630.jpg	https://ik.imagekit.io/raygun/redletterclay/lantern-02.jpeg
310	lantern-04.jpg	\N	\N	2026-03-17 18:19:03+00	2026-03-17 18:19:02.206+00	/api/media/file/lantern-5.jpg	/api/media/file/lantern-5-300x200.jpg	lantern-5.jpg	image/jpeg	301648	2000	1333	50	50	/api/media/file/lantern-5-300x200.jpg	300	200	image/jpeg	7362	lantern-5-300x200.jpg	/api/media/file/lantern-5-500x500.jpg	500	500	image/jpeg	30878	lantern-5-500x500.jpg	/api/media/file/lantern-5-600x400.jpg	600	400	image/jpeg	25558	lantern-5-600x400.jpg	/api/media/file/lantern-5-900x600.jpg	900	600	image/jpeg	54668	lantern-5-900x600.jpg	/api/media/file/lantern-5-1400x933.jpg	1400	933	image/jpeg	124552	lantern-5-1400x933.jpg	/api/media/file/lantern-5-1920x1280.jpg	1920	1280	image/jpeg	215633	lantern-5-1920x1280.jpg	/api/media/file/lantern-5-1200x630.jpg	1200	630	image/jpeg	73384	lantern-5-1200x630.jpg	https://ik.imagekit.io/raygun/redletterclay/lantern-04.jpg
311	switchgrass-03.jpg	\N	\N	2026-03-17 18:19:03.812+00	2026-03-17 18:19:03.228+00	/api/media/file/switchgrass-4.jpg	/api/media/file/switchgrass-4-300x300.jpg	switchgrass-4.jpg	image/jpeg	468268	1440	1440	50	50	/api/media/file/switchgrass-4-300x300.jpg	300	300	image/jpeg	31092	switchgrass-4-300x300.jpg	/api/media/file/switchgrass-4-500x500.jpg	500	500	image/jpeg	75179	switchgrass-4-500x500.jpg	/api/media/file/switchgrass-4-600x600.jpg	600	600	image/jpeg	100005	switchgrass-4-600x600.jpg	/api/media/file/switchgrass-4-900x900.jpg	900	900	image/jpeg	189311	switchgrass-4-900x900.jpg	/api/media/file/switchgrass-4-1400x1400.jpg	1400	1400	image/jpeg	357039	switchgrass-4-1400x1400.jpg	\N	\N	\N	\N	\N	\N	/api/media/file/switchgrass-4-1200x630.jpg	1200	630	image/jpeg	149185	switchgrass-4-1200x630.jpg	https://ik.imagekit.io/raygun/redletterclay/switchgrass-03.jpg
312	switchgrass-01.jpg	\N	\N	2026-03-17 18:19:04.835+00	2026-03-17 18:19:04.026+00	/api/media/file/switchgrass-2.jpg	/api/media/file/switchgrass-2-300x300.jpg	switchgrass-2.jpg	image/jpeg	563314	1440	1440	50	50	/api/media/file/switchgrass-2-300x300.jpg	300	300	image/jpeg	24939	switchgrass-2-300x300.jpg	/api/media/file/switchgrass-2-500x500.jpg	500	500	image/jpeg	66653	switchgrass-2-500x500.jpg	/api/media/file/switchgrass-2-600x600.jpg	600	600	image/jpeg	93446	switchgrass-2-600x600.jpg	/api/media/file/switchgrass-2-900x900.jpg	900	900	image/jpeg	197858	switchgrass-2-900x900.jpg	/api/media/file/switchgrass-2-1400x1400.jpg	1400	1400	image/jpeg	413293	switchgrass-2-1400x1400.jpg	\N	\N	\N	\N	\N	\N	/api/media/file/switchgrass-2-1200x630.jpg	1200	630	image/jpeg	163024	switchgrass-2-1200x630.jpg	https://ik.imagekit.io/raygun/redletterclay/switchgrass-01.jpg
318	switchgrass-08.jpg	\N	\N	2026-03-17 18:19:13.749+00	2026-03-17 18:19:13.027+00	/api/media/file/switchgrass-08.jpg	/api/media/file/switchgrass-08-300x300.jpg	switchgrass-08.jpg	image/jpeg	206830	1440	1440	50	50	/api/media/file/switchgrass-08-300x300.jpg	300	300	image/jpeg	11163	switchgrass-08-300x300.jpg	/api/media/file/switchgrass-08-500x500.jpg	500	500	image/jpeg	26990	switchgrass-08-500x500.jpg	/api/media/file/switchgrass-08-600x600.jpg	600	600	image/jpeg	36857	switchgrass-08-600x600.jpg	/api/media/file/switchgrass-08-900x900.jpg	900	900	image/jpeg	75747	switchgrass-08-900x900.jpg	/api/media/file/switchgrass-08-1400x1400.jpg	1400	1400	image/jpeg	156547	switchgrass-08-1400x1400.jpg	\N	\N	\N	\N	\N	\N	/api/media/file/switchgrass-08-1200x630.jpg	1200	630	image/jpeg	61983	switchgrass-08-1200x630.jpg	https://ik.imagekit.io/raygun/redletterclay/switchgrass-08.jpg
313	switchgrass-02.jpg	\N	\N	2026-03-17 18:19:08.761+00	2026-03-17 18:19:06.829+00	/api/media/file/switchgrass-3.jpg	/api/media/file/switchgrass-3-300x400.jpg	switchgrass-3.jpg	image/jpeg	5999500	5712	4284	50	50	/api/media/file/switchgrass-3-300x400.jpg	300	400	image/jpeg	30528	switchgrass-3-300x400.jpg	/api/media/file/switchgrass-3-500x500.jpg	500	500	image/jpeg	66842	switchgrass-3-500x500.jpg	/api/media/file/switchgrass-3-600x800.jpg	600	800	image/jpeg	114189	switchgrass-3-600x800.jpg	/api/media/file/switchgrass-3-900x1200.jpg	900	1200	image/jpeg	247102	switchgrass-3-900x1200.jpg	/api/media/file/switchgrass-3-1400x1867.jpg	1400	1867	image/jpeg	555892	switchgrass-3-1400x1867.jpg	/api/media/file/switchgrass-3-1920x2560.jpg	1920	2560	image/jpeg	954644	switchgrass-3-1920x2560.jpg	/api/media/file/switchgrass-3-1200x630.jpg	1200	630	image/jpeg	194314	switchgrass-3-1200x630.jpg	https://ik.imagekit.io/raygun/redletterclay/switchgrass-02.jpg
348	bowls-set-of-2.jpg	\N	\N	2026-03-17 18:19:45.537+00	2026-03-17 18:19:44.729+00	/api/media/file/bowls-set-of-2.jpg	/api/media/file/bowls-set-of-2-300x200.jpg	bowls-set-of-2.jpg	image/jpeg	284510	2000	1333	50	50	/api/media/file/bowls-set-of-2-300x200.jpg	300	200	image/jpeg	6204	bowls-set-of-2-300x200.jpg	/api/media/file/bowls-set-of-2-500x500.jpg	500	500	image/jpeg	26918	bowls-set-of-2-500x500.jpg	/api/media/file/bowls-set-of-2-600x400.jpg	600	400	image/jpeg	20119	bowls-set-of-2-600x400.jpg	/api/media/file/bowls-set-of-2-900x600.jpg	900	600	image/jpeg	41919	bowls-set-of-2-900x600.jpg	/api/media/file/bowls-set-of-2-1400x933.jpg	1400	933	image/jpeg	94774	bowls-set-of-2-1400x933.jpg	/api/media/file/bowls-set-of-2-1920x1280.jpg	1920	1280	image/jpeg	165675	bowls-set-of-2-1920x1280.jpg	/api/media/file/bowls-set-of-2-1200x630.jpg	1200	630	image/jpeg	67601	bowls-set-of-2-1200x630.jpg	https://ik.imagekit.io/raygun/redletterclay/bowls-set-of-2.jpg
314	switchgrass-04.jpg	\N	\N	2026-03-17 18:19:09.957+00	2026-03-17 18:19:08.959+00	/api/media/file/switchgrass-04.jpg	/api/media/file/switchgrass-04-300x300.jpg	switchgrass-04.jpg	image/jpeg	409472	1440	1440	50	50	/api/media/file/switchgrass-04-300x300.jpg	300	300	image/jpeg	29876	switchgrass-04-300x300.jpg	/api/media/file/switchgrass-04-500x500.jpg	500	500	image/jpeg	69341	switchgrass-04-500x500.jpg	/api/media/file/switchgrass-04-600x600.jpg	600	600	image/jpeg	91865	switchgrass-04-600x600.jpg	/api/media/file/switchgrass-04-900x900.jpg	900	900	image/jpeg	168772	switchgrass-04-900x900.jpg	/api/media/file/switchgrass-04-1400x1400.jpg	1400	1400	image/jpeg	317297	switchgrass-04-1400x1400.jpg	\N	\N	\N	\N	\N	\N	/api/media/file/switchgrass-04-1200x630.jpg	1200	630	image/jpeg	145290	switchgrass-04-1200x630.jpg	https://ik.imagekit.io/raygun/redletterclay/switchgrass-04.jpg
470	\N	\N	\N	2026-04-09 03:40:42.388+00	2026-04-09 03:40:39.845+00	/api/media/file/M-0036-PUR-01.jpg	\N	M-0036-PUR-01.jpg	image/jpeg	186477	2000	1333	50	50	/api/media/file/M-0036-PUR-01-300x200.jpg	300	200	image/jpeg	4412	M-0036-PUR-01-300x200.jpg	/api/media/file/M-0036-PUR-01-500x500.jpg	500	500	image/jpeg	22518	M-0036-PUR-01-500x500.jpg	/api/media/file/M-0036-PUR-01-600x400.jpg	600	400	image/jpeg	15789	M-0036-PUR-01-600x400.jpg	/api/media/file/M-0036-PUR-01-900x600.jpg	900	600	image/jpeg	32904	M-0036-PUR-01-900x600.jpg	/api/media/file/M-0036-PUR-01-1400x933.jpg	1400	933	image/jpeg	71831	M-0036-PUR-01-1400x933.jpg	/api/media/file/M-0036-PUR-01-1920x1280.jpg	1920	1280	image/jpeg	121672	M-0036-PUR-01-1920x1280.jpg	/api/media/file/M-0036-PUR-01-1200x630.jpg	1200	630	image/jpeg	53216	M-0036-PUR-01-1200x630.jpg	https://ik.imagekit.io/raygun/redletterclay/M-0036-PUR-01.jpg
315	switchgrass-05.jpg	\N	\N	2026-03-17 18:19:11.036+00	2026-03-17 18:19:10.139+00	/api/media/file/switchgrass-05.jpg	/api/media/file/switchgrass-05-300x300.jpg	switchgrass-05.jpg	image/jpeg	284621	1440	1440	50	50	/api/media/file/switchgrass-05-300x300.jpg	300	300	image/jpeg	15947	switchgrass-05-300x300.jpg	/api/media/file/switchgrass-05-500x500.jpg	500	500	image/jpeg	39285	switchgrass-05-500x500.jpg	/api/media/file/switchgrass-05-600x600.jpg	600	600	image/jpeg	53102	switchgrass-05-600x600.jpg	/api/media/file/switchgrass-05-900x900.jpg	900	900	image/jpeg	108423	switchgrass-05-900x900.jpg	/api/media/file/switchgrass-05-1400x1400.jpg	1400	1400	image/jpeg	215249	switchgrass-05-1400x1400.jpg	\N	\N	\N	\N	\N	\N	/api/media/file/switchgrass-05-1200x630.jpg	1200	630	image/jpeg	76722	switchgrass-05-1200x630.jpg	https://ik.imagekit.io/raygun/redletterclay/switchgrass-05.jpg
349	petal-trays.jpg	\N	\N	2026-03-17 18:19:47.87+00	2026-03-17 18:19:46.39+00	/api/media/file/petal-trays.jpg	/api/media/file/petal-trays-300x240.jpg	petal-trays.jpg	image/jpeg	5751293	4096	3276	50	50	/api/media/file/petal-trays-300x240.jpg	300	240	image/jpeg	19383	petal-trays-300x240.jpg	/api/media/file/petal-trays-500x500.jpg	500	500	image/jpeg	60396	petal-trays-500x500.jpg	/api/media/file/petal-trays-600x480.jpg	600	480	image/jpeg	66826	petal-trays-600x480.jpg	/api/media/file/petal-trays-900x720.jpg	900	720	image/jpeg	141790	petal-trays-900x720.jpg	/api/media/file/petal-trays-1400x1120.jpg	1400	1120	image/jpeg	324194	petal-trays-1400x1120.jpg	/api/media/file/petal-trays-1920x1536.jpg	1920	1536	image/jpeg	568535	petal-trays-1920x1536.jpg	/api/media/file/petal-trays-1200x630.jpg	1200	630	image/jpeg	169551	petal-trays-1200x630.jpg	https://ik.imagekit.io/raygun/redletterclay/petal-trays.jpg
316	switchgrass-06.jpg	\N	\N	2026-03-17 18:19:11.994+00	2026-03-17 18:19:11.245+00	/api/media/file/switchgrass-06.jpg	/api/media/file/switchgrass-06-300x300.jpg	switchgrass-06.jpg	image/jpeg	367957	1440	1440	50	50	/api/media/file/switchgrass-06-300x300.jpg	300	300	image/jpeg	19374	switchgrass-06-300x300.jpg	/api/media/file/switchgrass-06-500x500.jpg	500	500	image/jpeg	47758	switchgrass-06-500x500.jpg	/api/media/file/switchgrass-06-600x600.jpg	600	600	image/jpeg	65563	switchgrass-06-600x600.jpg	/api/media/file/switchgrass-06-900x900.jpg	900	900	image/jpeg	134122	switchgrass-06-900x900.jpg	/api/media/file/switchgrass-06-1400x1400.jpg	1400	1400	image/jpeg	276027	switchgrass-06-1400x1400.jpg	\N	\N	\N	\N	\N	\N	/api/media/file/switchgrass-06-1200x630.jpg	1200	630	image/jpeg	129140	switchgrass-06-1200x630.jpg	https://ik.imagekit.io/raygun/redletterclay/switchgrass-06.jpg
317	switchgrass-07.jpg	\N	\N	2026-03-17 18:19:12.869+00	2026-03-17 18:19:12.168+00	/api/media/file/switchgrass-07.jpg	/api/media/file/switchgrass-07-300x300.jpg	switchgrass-07.jpg	image/jpeg	323989	1440	1440	50	50	/api/media/file/switchgrass-07-300x300.jpg	300	300	image/jpeg	17360	switchgrass-07-300x300.jpg	/api/media/file/switchgrass-07-500x500.jpg	500	500	image/jpeg	43503	switchgrass-07-500x500.jpg	/api/media/file/switchgrass-07-600x600.jpg	600	600	image/jpeg	59614	switchgrass-07-600x600.jpg	/api/media/file/switchgrass-07-900x900.jpg	900	900	image/jpeg	122046	switchgrass-07-900x900.jpg	/api/media/file/switchgrass-07-1400x1400.jpg	1400	1400	image/jpeg	246047	switchgrass-07-1400x1400.jpg	\N	\N	\N	\N	\N	\N	/api/media/file/switchgrass-07-1200x630.jpg	1200	630	image/jpeg	104705	switchgrass-07-1200x630.jpg	https://ik.imagekit.io/raygun/redletterclay/switchgrass-07.jpg
350	gallery-13.jpg	\N	\N	2026-03-17 18:19:49.003+00	2026-03-17 18:19:48.194+00	/api/media/file/gallery-13.jpg	/api/media/file/gallery-13-300x200.jpg	gallery-13.jpg	image/jpeg	175406	2000	1333	50	50	/api/media/file/gallery-13-300x200.jpg	300	200	image/jpeg	4398	gallery-13-300x200.jpg	/api/media/file/gallery-13-500x500.jpg	500	500	image/jpeg	20562	gallery-13-500x500.jpg	/api/media/file/gallery-13-600x400.jpg	600	400	image/jpeg	14272	gallery-13-600x400.jpg	/api/media/file/gallery-13-900x600.jpg	900	600	image/jpeg	30114	gallery-13-900x600.jpg	/api/media/file/gallery-13-1400x933.jpg	1400	933	image/jpeg	69611	gallery-13-1400x933.jpg	/api/media/file/gallery-13-1920x1280.jpg	1920	1280	image/jpeg	122415	gallery-13-1920x1280.jpg	/api/media/file/gallery-13-1200x630.jpg	1200	630	image/jpeg	49845	gallery-13-1200x630.jpg	https://ik.imagekit.io/raygun/redletterclay/gallery-13.jpg
319	bottle-thumb.jpg	\N	\N	2026-03-17 18:19:14.928+00	2026-03-17 18:19:14.223+00	/api/media/file/bottle-thumb.jpg	/api/media/file/bottle-thumb-300x300.jpg	bottle-thumb.jpg	image/jpeg	361649	2000	2000	50	50	/api/media/file/bottle-thumb-300x300.jpg	300	300	image/jpeg	8042	bottle-thumb-300x300.jpg	/api/media/file/bottle-thumb-500x500.jpg	500	500	image/jpeg	18273	bottle-thumb-500x500.jpg	/api/media/file/bottle-thumb-600x600.jpg	600	600	image/jpeg	24837	bottle-thumb-600x600.jpg	/api/media/file/bottle-thumb-900x900.jpg	900	900	image/jpeg	52366	bottle-thumb-900x900.jpg	/api/media/file/bottle-thumb-1400x1400.jpg	1400	1400	image/jpeg	124588	bottle-thumb-1400x1400.jpg	/api/media/file/bottle-thumb-1920x1920.jpg	1920	1920	image/jpeg	222146	bottle-thumb-1920x1920.jpg	/api/media/file/bottle-thumb-1200x630.jpg	1200	630	image/jpeg	64111	bottle-thumb-1200x630.jpg	https://ik.imagekit.io/raygun/redletterclay/bottle-thumb.jpg
351	csong-blue-plate.jpg	\N	\N	2026-03-17 18:19:50.075+00	2026-03-17 18:19:49.329+00	/api/media/file/csong-blue-plate.jpg	/api/media/file/csong-blue-plate-300x400.jpg	csong-blue-plate.jpg	image/jpeg	277762	1500	2000	50	50	/api/media/file/csong-blue-plate-300x400.jpg	300	400	image/jpeg	18900	csong-blue-plate-300x400.jpg	/api/media/file/csong-blue-plate-500x500.jpg	500	500	image/jpeg	33470	csong-blue-plate-500x500.jpg	/api/media/file/csong-blue-plate-600x800.jpg	600	800	image/jpeg	53915	csong-blue-plate-600x800.jpg	/api/media/file/csong-blue-plate-900x1200.jpg	900	1200	image/jpeg	101047	csong-blue-plate-900x1200.jpg	/api/media/file/csong-blue-plate-1400x1867.jpg	1400	1867	image/jpeg	197456	csong-blue-plate-1400x1867.jpg	\N	\N	\N	\N	\N	\N	/api/media/file/csong-blue-plate-1200x630.jpg	1200	630	image/jpeg	76134	csong-blue-plate-1200x630.jpg	https://ik.imagekit.io/raygun/redletterclay/csong-blue-plate.jpg
320	bottle-original.jpg	\N	\N	2026-03-17 18:19:15.609+00	2026-03-17 18:19:15.063+00	/api/media/file/bottle-original.jpg	/api/media/file/bottle-original-300x430.jpg	bottle-original.jpg	image/jpeg	90842	898	1288	50	50	/api/media/file/bottle-original-300x430.jpg	300	430	image/jpeg	10536	bottle-original-300x430.jpg	/api/media/file/bottle-original-500x500.jpg	500	500	image/jpeg	17997	bottle-original-500x500.jpg	/api/media/file/bottle-original-600x861.jpg	600	861	image/jpeg	28809	bottle-original-600x861.jpg	\N	\N	\N	\N	\N	\N	\N	\N	\N	\N	\N	\N	\N	\N	\N	\N	\N	\N	/api/media/file/bottle-original-1200x630.jpg	1200	630	image/jpeg	33492	bottle-original-1200x630.jpg	https://ik.imagekit.io/raygun/redletterclay/bottle-original.jpg
321	bottle-process-01.jpg	\N	\N	2026-03-17 18:19:16.677+00	2026-03-17 18:19:15.766+00	/api/media/file/bottle-process-01.jpg	/api/media/file/bottle-process-01-300x400.jpg	bottle-process-01.jpg	image/jpeg	1208340	1366	1820	50	50	/api/media/file/bottle-process-01-300x400.jpg	300	400	image/jpeg	18802	bottle-process-01-300x400.jpg	/api/media/file/bottle-process-01-500x500.jpg	500	500	image/jpeg	35001	bottle-process-01-500x500.jpg	/api/media/file/bottle-process-01-600x799.jpg	600	799	image/jpeg	57046	bottle-process-01-600x799.jpg	/api/media/file/bottle-process-01-900x1199.jpg	900	1199	image/jpeg	108086	bottle-process-01-900x1199.jpg	\N	\N	\N	\N	\N	\N	\N	\N	\N	\N	\N	\N	/api/media/file/bottle-process-01-1200x630.jpg	1200	630	image/jpeg	64791	bottle-process-01-1200x630.jpg	https://ik.imagekit.io/raygun/redletterclay/bottle-process-01.jpg
352	coin-bank.jpg	\N	\N	2026-03-17 18:19:51.013+00	2026-03-17 18:19:50.359+00	/api/media/file/coin-bank.jpg	/api/media/file/coin-bank-300x200.jpg	coin-bank.jpg	image/jpeg	108582	2000	1333	50	50	/api/media/file/coin-bank-300x200.jpg	300	200	image/jpeg	3449	coin-bank-300x200.jpg	/api/media/file/coin-bank-500x500.jpg	500	500	image/jpeg	10009	coin-bank-500x500.jpg	/api/media/file/coin-bank-600x400.jpg	600	400	image/jpeg	8574	coin-bank-600x400.jpg	/api/media/file/coin-bank-900x600.jpg	900	600	image/jpeg	15687	coin-bank-900x600.jpg	/api/media/file/coin-bank-1400x933.jpg	1400	933	image/jpeg	32071	coin-bank-1400x933.jpg	/api/media/file/coin-bank-1920x1280.jpg	1920	1280	image/jpeg	54497	coin-bank-1920x1280.jpg	/api/media/file/coin-bank-1200x630.jpg	1200	630	image/jpeg	21389	coin-bank-1200x630.jpg	https://ik.imagekit.io/raygun/redletterclay/coin-bank.jpg
322	bottle-process-02.jpg	\N	\N	2026-03-17 18:19:17.996+00	2026-03-17 18:19:16.878+00	/api/media/file/bottle-process-02.jpg	/api/media/file/bottle-process-02-300x400.jpg	bottle-process-02.jpg	image/jpeg	1090361	1366	1820	50	50	/api/media/file/bottle-process-02-300x400.jpg	300	400	image/jpeg	16239	bottle-process-02-300x400.jpg	/api/media/file/bottle-process-02-500x500.jpg	500	500	image/jpeg	25609	bottle-process-02-500x500.jpg	/api/media/file/bottle-process-02-600x799.jpg	600	799	image/jpeg	47536	bottle-process-02-600x799.jpg	/api/media/file/bottle-process-02-900x1199.jpg	900	1199	image/jpeg	89122	bottle-process-02-900x1199.jpg	\N	\N	\N	\N	\N	\N	\N	\N	\N	\N	\N	\N	/api/media/file/bottle-process-02-1200x630.jpg	1200	630	image/jpeg	46855	bottle-process-02-1200x630.jpg	https://ik.imagekit.io/raygun/redletterclay/bottle-process-02.jpg
323	bottle-process-03.jpg	\N	\N	2026-03-17 18:19:19.234+00	2026-03-17 18:19:18.235+00	/api/media/file/bottle-process-03.jpg	/api/media/file/bottle-process-03-300x400.jpg	bottle-process-03.jpg	image/jpeg	1368969	1366	1820	50	50	/api/media/file/bottle-process-03-300x400.jpg	300	400	image/jpeg	18151	bottle-process-03-300x400.jpg	/api/media/file/bottle-process-03-500x500.jpg	500	500	image/jpeg	33731	bottle-process-03-500x500.jpg	/api/media/file/bottle-process-03-600x799.jpg	600	799	image/jpeg	61022	bottle-process-03-600x799.jpg	/api/media/file/bottle-process-03-900x1199.jpg	900	1199	image/jpeg	122687	bottle-process-03-900x1199.jpg	\N	\N	\N	\N	\N	\N	\N	\N	\N	\N	\N	\N	/api/media/file/bottle-process-03-1200x630.jpg	1200	630	image/jpeg	71382	bottle-process-03-1200x630.jpg	https://ik.imagekit.io/raygun/redletterclay/bottle-process-03.jpg
446	\N	\N	\N	2026-03-21 02:24:15.852+00	2026-03-21 02:24:13.945+00	/api/media/file/M-0033-PUR-01-thumb.jpg	\N	M-0033-PUR-01-thumb.jpg	image/jpeg	141861	400	400	50	50	/api/media/file/M-0033-PUR-01-thumb-300x300.jpg	300	300	image/jpeg	12572	M-0033-PUR-01-thumb-300x300.jpg	\N	\N	\N	\N	\N	\N	\N	\N	\N	\N	\N	\N	\N	\N	\N	\N	\N	\N	\N	\N	\N	\N	\N	\N	\N	\N	\N	\N	\N	\N	\N	\N	\N	\N	\N	\N	https://ik.imagekit.io/raygun/redletterclay/M-0033-PUR-01-thumb.jpg
447	\N	\N	\N	2026-03-21 02:24:17.63+00	2026-03-21 02:24:15.644+00	/api/media/file/M-0033-PUR-01.jpg	\N	M-0033-PUR-01.jpg	image/jpeg	725439	1820	1366	50	50	/api/media/file/M-0033-PUR-01-300x225.jpg	300	225	image/jpeg	8775	M-0033-PUR-01-300x225.jpg	/api/media/file/M-0033-PUR-01-500x500.jpg	500	500	image/jpeg	35246	M-0033-PUR-01-500x500.jpg	/api/media/file/M-0033-PUR-01-600x450.jpg	600	450	image/jpeg	30195	M-0033-PUR-01-600x450.jpg	/api/media/file/M-0033-PUR-01-900x675.jpg	900	675	image/jpeg	60428	M-0033-PUR-01-900x675.jpg	/api/media/file/M-0033-PUR-01-1400x1051.jpg	1400	1051	image/jpeg	123734	M-0033-PUR-01-1400x1051.jpg	\N	\N	\N	\N	\N	\N	/api/media/file/M-0033-PUR-01-1200x630.jpg	1200	630	image/jpeg	83226	M-0033-PUR-01-1200x630.jpg	https://ik.imagekit.io/raygun/redletterclay/M-0033-PUR-01.jpg
324	bottle-process-04.jpg	\N	\N	2026-03-17 18:19:20.296+00	2026-03-17 18:19:19.416+00	/api/media/file/bottle-process-04.jpg	/api/media/file/bottle-process-04-300x400.jpg	bottle-process-04.jpg	image/jpeg	1222790	1366	1820	50	50	/api/media/file/bottle-process-04-300x400.jpg	300	400	image/jpeg	13812	bottle-process-04-300x400.jpg	/api/media/file/bottle-process-04-500x500.jpg	500	500	image/jpeg	23068	bottle-process-04-500x500.jpg	/api/media/file/bottle-process-04-600x799.jpg	600	799	image/jpeg	40500	bottle-process-04-600x799.jpg	/api/media/file/bottle-process-04-900x1199.jpg	900	1199	image/jpeg	80439	bottle-process-04-900x1199.jpg	\N	\N	\N	\N	\N	\N	\N	\N	\N	\N	\N	\N	/api/media/file/bottle-process-04-1200x630.jpg	1200	630	image/jpeg	52534	bottle-process-04-1200x630.jpg	https://ik.imagekit.io/raygun/redletterclay/bottle-process-04.jpg
325	slipcast-work.jpg	\N	\N	2026-03-17 18:19:21.292+00	2026-03-17 18:19:20.506+00	/api/media/file/slipcast-work-1.jpg	/api/media/file/slipcast-work-1-300x225.jpg	slipcast-work-1.jpg	image/jpeg	881781	1820	1366	50	50	/api/media/file/slipcast-work-1-300x225.jpg	300	225	image/jpeg	7645	slipcast-work-1-300x225.jpg	/api/media/file/slipcast-work-1-500x500.jpg	500	500	image/jpeg	18645	slipcast-work-1-500x500.jpg	/api/media/file/slipcast-work-1-600x450.jpg	600	450	image/jpeg	20199	slipcast-work-1-600x450.jpg	/api/media/file/slipcast-work-1-900x675.jpg	900	675	image/jpeg	36362	slipcast-work-1-900x675.jpg	/api/media/file/slipcast-work-1-1400x1051.jpg	1400	1051	image/jpeg	69883	slipcast-work-1-1400x1051.jpg	\N	\N	\N	\N	\N	\N	/api/media/file/slipcast-work-1-1200x630.jpg	1200	630	image/jpeg	44081	slipcast-work-1-1200x630.jpg	https://ik.imagekit.io/raygun/redletterclay/slipcast-work.jpg
353	V_blue-bowl-x4.jpg	\N	\N	2026-03-17 18:19:52.024+00	2026-03-17 18:19:51.183+00	/api/media/file/V_blue-bowl-x4.jpg	/api/media/file/V_blue-bowl-x4-300x374.jpg	V_blue-bowl-x4.jpg	image/jpeg	419159	1440	1796	50	50	/api/media/file/V_blue-bowl-x4-300x374.jpg	300	374	image/jpeg	21578	V_blue-bowl-x4-300x374.jpg	/api/media/file/V_blue-bowl-x4-500x500.jpg	500	500	image/jpeg	49053	V_blue-bowl-x4-500x500.jpg	/api/media/file/V_blue-bowl-x4-600x748.jpg	600	748	image/jpeg	77758	V_blue-bowl-x4-600x748.jpg	/api/media/file/V_blue-bowl-x4-900x1123.jpg	900	1123	image/jpeg	157940	V_blue-bowl-x4-900x1123.jpg	/api/media/file/V_blue-bowl-x4-1400x1746.jpg	1400	1746	image/jpeg	317275	V_blue-bowl-x4-1400x1746.jpg	\N	\N	\N	\N	\N	\N	/api/media/file/V_blue-bowl-x4-1200x630.jpg	1200	630	image/jpeg	120460	V_blue-bowl-x4-1200x630.jpg	https://ik.imagekit.io/raygun/redletterclay/V_blue-bowl-x4.jpg
326	stockist-northside-cutlery.jpg	\N	\N	2026-03-17 18:19:22.408+00	2026-03-17 18:19:21.562+00	/api/media/file/stockist-northside-cutlery.jpg	/api/media/file/stockist-northside-cutlery-300x300.jpg	stockist-northside-cutlery.jpg	image/jpeg	935720	1080	1080	50	50	/api/media/file/stockist-northside-cutlery-300x300.jpg	300	300	image/jpeg	27328	stockist-northside-cutlery-300x300.jpg	/api/media/file/stockist-northside-cutlery-500x500.jpg	500	500	image/jpeg	55551	stockist-northside-cutlery-500x500.jpg	/api/media/file/stockist-northside-cutlery-600x600.jpg	600	600	image/jpeg	70719	stockist-northside-cutlery-600x600.jpg	/api/media/file/stockist-northside-cutlery-900x900.jpg	900	900	image/jpeg	131759	stockist-northside-cutlery-900x900.jpg	\N	\N	\N	\N	\N	\N	\N	\N	\N	\N	\N	\N	/api/media/file/stockist-northside-cutlery-1200x630.jpg	1200	630	image/jpeg	115685	stockist-northside-cutlery-1200x630.jpg	https://ik.imagekit.io/raygun/redletterclay/stockist-northside-cutlery.jpg
45	lantern-01.jpeg	\N	\N	2026-03-17 18:28:13.796+00	2026-03-17 18:14:55.594+00	/api/media/file/lantern-01.jpeg	/api/media/file/lantern-01-300x400.jpg	lantern-01.jpeg	image/jpeg	1357436	3024	4032	50	50	/api/media/file/lantern-01-300x400.jpg	300	400	image/jpeg	11749	lantern-01-300x400.jpg	/api/media/file/lantern-01-500x500.jpg	500	500	image/jpeg	23736	lantern-01-500x500.jpg	/api/media/file/lantern-01-600x800.jpg	600	800	image/jpeg	34688	lantern-01-600x800.jpg	/api/media/file/lantern-01-900x1200.jpg	900	1200	image/jpeg	69122	lantern-01-900x1200.jpg	/api/media/file/lantern-01-1400x1867.jpg	1400	1867	image/jpeg	156882	lantern-01-1400x1867.jpg	/api/media/file/lantern-01-1920x2560.jpg	1920	2560	image/jpeg	284011	lantern-01-1920x2560.jpg	/api/media/file/lantern-01-1200x630.jpg	1200	630	image/jpeg	76485	lantern-01-1200x630.jpg	https://ik.imagekit.io/raygun/redletterclay/lantern-01.jpeg
327	stockist-buddy.jpg	\N	\N	2026-03-17 18:19:23.502+00	2026-03-17 18:19:22.627+00	/api/media/file/stockist-buddy.jpg	/api/media/file/stockist-buddy-300x300.jpg	stockist-buddy.jpg	image/jpeg	1281557	1080	1080	50	50	/api/media/file/stockist-buddy-300x300.jpg	300	300	image/jpeg	29667	stockist-buddy-300x300.jpg	/api/media/file/stockist-buddy-500x500.jpg	500	500	image/jpeg	69840	stockist-buddy-500x500.jpg	/api/media/file/stockist-buddy-600x600.jpg	600	600	image/jpeg	92038	stockist-buddy-600x600.jpg	/api/media/file/stockist-buddy-900x900.jpg	900	900	image/jpeg	168941	stockist-buddy-900x900.jpg	\N	\N	\N	\N	\N	\N	\N	\N	\N	\N	\N	\N	/api/media/file/stockist-buddy-1200x630.jpg	1200	630	image/jpeg	146050	stockist-buddy-1200x630.jpg	https://ik.imagekit.io/raygun/redletterclay/stockist-buddy.jpg
328	stockist-spilt-milk.jpg	\N	\N	2026-03-17 18:19:24.373+00	2026-03-17 18:19:23.62+00	/api/media/file/stockist-spilt-milk.jpg	/api/media/file/stockist-spilt-milk-300x300.jpg	stockist-spilt-milk.jpg	image/jpeg	204140	997	997	50	50	/api/media/file/stockist-spilt-milk-300x300.jpg	300	300	image/jpeg	29923	stockist-spilt-milk-300x300.jpg	/api/media/file/stockist-spilt-milk-500x500.jpg	500	500	image/jpeg	77964	stockist-spilt-milk-500x500.jpg	/api/media/file/stockist-spilt-milk-600x600.jpg	600	600	image/jpeg	107371	stockist-spilt-milk-600x600.jpg	/api/media/file/stockist-spilt-milk-900x900.jpg	900	900	image/jpeg	213327	stockist-spilt-milk-900x900.jpg	\N	\N	\N	\N	\N	\N	\N	\N	\N	\N	\N	\N	/api/media/file/stockist-spilt-milk-1200x630.jpg	1200	630	image/jpeg	174209	stockist-spilt-milk-1200x630.jpg	https://ik.imagekit.io/raygun/redletterclay/stockist-spilt-milk.jpg
329	gallery-mug-039.jpg	\N	\N	2026-03-17 18:19:25.836+00	2026-03-17 18:19:24.525+00	/api/media/file/gallery-mug-039.jpg	/api/media/file/gallery-mug-039-300x300.jpg	gallery-mug-039.jpg	image/jpeg	729890	1001	1001	50	50	/api/media/file/gallery-mug-039-300x300.jpg	300	300	image/jpeg	12039	gallery-mug-039-300x300.jpg	/api/media/file/gallery-mug-039-500x500.jpg	500	500	image/jpeg	29438	gallery-mug-039-500x500.jpg	/api/media/file/gallery-mug-039-600x600.jpg	600	600	image/jpeg	40501	gallery-mug-039-600x600.jpg	/api/media/file/gallery-mug-039-900x900.jpg	900	900	image/jpeg	82656	gallery-mug-039-900x900.jpg	\N	\N	\N	\N	\N	\N	\N	\N	\N	\N	\N	\N	/api/media/file/gallery-mug-039-1200x630.jpg	1200	630	image/jpeg	90897	gallery-mug-039-1200x630.jpg	https://ik.imagekit.io/raygun/redletterclay/gallery-mug-039.jpg
330	gallery-01.jpg	\N	\N	2026-03-17 18:19:26.867+00	2026-03-17 18:19:26.168+00	/api/media/file/gallery-01.jpg	/api/media/file/gallery-01-300x200.jpg	gallery-01.jpg	image/jpeg	246975	2000	1333	50	50	/api/media/file/gallery-01-300x200.jpg	300	200	image/jpeg	4101	gallery-01-300x200.jpg	/api/media/file/gallery-01-500x500.jpg	500	500	image/jpeg	20332	gallery-01-500x500.jpg	/api/media/file/gallery-01-600x400.jpg	600	400	image/jpeg	13813	gallery-01-600x400.jpg	/api/media/file/gallery-01-900x600.jpg	900	600	image/jpeg	30692	gallery-01-900x600.jpg	/api/media/file/gallery-01-1400x933.jpg	1400	933	image/jpeg	72138	gallery-01-1400x933.jpg	/api/media/file/gallery-01-1920x1280.jpg	1920	1280	image/jpeg	126401	gallery-01-1920x1280.jpg	/api/media/file/gallery-01-1200x630.jpg	1200	630	image/jpeg	51838	gallery-01-1200x630.jpg	https://ik.imagekit.io/raygun/redletterclay/gallery-01.jpg
335	split-vase.jpg	\N	\N	2026-03-17 18:19:32.138+00	2026-03-17 18:19:31.665+00	/api/media/file/split-vase.jpg	/api/media/file/split-vase-300x200.jpg	split-vase.jpg	image/jpeg	191462	2000	1333	50	50	/api/media/file/split-vase-300x200.jpg	300	200	image/jpeg	4022	split-vase-300x200.jpg	/api/media/file/split-vase-500x500.jpg	500	500	image/jpeg	11757	split-vase-500x500.jpg	/api/media/file/split-vase-600x400.jpg	600	400	image/jpeg	10144	split-vase-600x400.jpg	/api/media/file/split-vase-900x600.jpg	900	600	image/jpeg	18311	split-vase-900x600.jpg	/api/media/file/split-vase-1400x933.jpg	1400	933	image/jpeg	36404	split-vase-1400x933.jpg	/api/media/file/split-vase-1920x1280.jpg	1920	1280	image/jpeg	60374	split-vase-1920x1280.jpg	/api/media/file/split-vase-1200x630.jpg	1200	630	image/jpeg	22536	split-vase-1200x630.jpg	https://ik.imagekit.io/raygun/redletterclay/split-vase.jpg
331	L1-teapot-side.jpg	\N	\N	2026-03-17 18:19:27.904+00	2026-03-17 18:19:27.175+00	/api/media/file/L1-teapot-side.jpg	/api/media/file/L1-teapot-side-300x200.jpg	L1-teapot-side.jpg	image/jpeg	361734	2000	1333	50	50	/api/media/file/L1-teapot-side-300x200.jpg	300	200	image/jpeg	8175	L1-teapot-side-300x200.jpg	/api/media/file/L1-teapot-side-500x500.jpg	500	500	image/jpeg	34134	L1-teapot-side-500x500.jpg	/api/media/file/L1-teapot-side-600x400.jpg	600	400	image/jpeg	28047	L1-teapot-side-600x400.jpg	/api/media/file/L1-teapot-side-900x600.jpg	900	600	image/jpeg	60157	L1-teapot-side-900x600.jpg	/api/media/file/L1-teapot-side-1400x933.jpg	1400	933	image/jpeg	137430	L1-teapot-side-1400x933.jpg	/api/media/file/L1-teapot-side-1920x1280.jpg	1920	1280	image/jpeg	238508	L1-teapot-side-1920x1280.jpg	/api/media/file/L1-teapot-side-1200x630.jpg	1200	630	image/jpeg	82203	L1-teapot-side-1200x630.jpg	https://ik.imagekit.io/raygun/redletterclay/L1-teapot-side.jpg
96	switchgrass-02.jpg	\N	\N	2026-03-17 18:28:09.493+00	2026-03-17 18:15:37.817+00	/api/media/file/switchgrass-02.jpg	/api/media/file/switchgrass-02-300x400.jpg	switchgrass-02.jpg	image/jpeg	5999500	5712	4284	50	50	/api/media/file/switchgrass-02-300x400.jpg	300	400	image/jpeg	30528	switchgrass-02-300x400.jpg	/api/media/file/switchgrass-02-500x500.jpg	500	500	image/jpeg	66842	switchgrass-02-500x500.jpg	/api/media/file/switchgrass-02-600x800.jpg	600	800	image/jpeg	114189	switchgrass-02-600x800.jpg	/api/media/file/switchgrass-02-900x1200.jpg	900	1200	image/jpeg	247102	switchgrass-02-900x1200.jpg	/api/media/file/switchgrass-02-1400x1867.jpg	1400	1867	image/jpeg	555892	switchgrass-02-1400x1867.jpg	/api/media/file/switchgrass-02-1920x2560.jpg	1920	2560	image/jpeg	954644	switchgrass-02-1920x2560.jpg	/api/media/file/switchgrass-02-1200x630.jpg	1200	630	image/jpeg	194314	switchgrass-02-1200x630.jpg	https://ik.imagekit.io/raygun/redletterclay/switchgrass-02.jpg
332	L2-teapot-bottom.jpg	\N	\N	2026-03-17 18:19:29.207+00	2026-03-17 18:19:28.229+00	/api/media/file/L2-teapot-bottom.jpg	/api/media/file/L2-teapot-bottom-300x200.jpg	L2-teapot-bottom.jpg	image/jpeg	497901	2000	1333	50	50	/api/media/file/L2-teapot-bottom-300x200.jpg	300	200	image/jpeg	12314	L2-teapot-bottom-300x200.jpg	/api/media/file/L2-teapot-bottom-500x500.jpg	500	500	image/jpeg	49955	L2-teapot-bottom-500x500.jpg	/api/media/file/L2-teapot-bottom-600x400.jpg	600	400	image/jpeg	45222	L2-teapot-bottom-600x400.jpg	/api/media/file/L2-teapot-bottom-900x600.jpg	900	600	image/jpeg	98520	L2-teapot-bottom-900x600.jpg	/api/media/file/L2-teapot-bottom-1400x933.jpg	1400	933	image/jpeg	227920	L2-teapot-bottom-1400x933.jpg	/api/media/file/L2-teapot-bottom-1920x1280.jpg	1920	1280	image/jpeg	397566	L2-teapot-bottom-1920x1280.jpg	/api/media/file/L2-teapot-bottom-1200x630.jpg	1200	630	image/jpeg	135882	L2-teapot-bottom-1200x630.jpg	https://ik.imagekit.io/raygun/redletterclay/L2-teapot-bottom.jpg
86	switchgrass-01.jpg	\N	\N	2026-03-17 18:28:10.485+00	2026-03-17 18:15:30.199+00	/api/media/file/switchgrass-01.jpg	/api/media/file/switchgrass-01-300x300.jpg	switchgrass-01.jpg	image/jpeg	563314	1440	1440	50	50	/api/media/file/switchgrass-01-300x300.jpg	300	300	image/jpeg	24939	switchgrass-01-300x300.jpg	/api/media/file/switchgrass-01-500x500.jpg	500	500	image/jpeg	66653	switchgrass-01-500x500.jpg	/api/media/file/switchgrass-01-600x600.jpg	600	600	image/jpeg	93446	switchgrass-01-600x600.jpg	/api/media/file/switchgrass-01-900x900.jpg	900	900	image/jpeg	197858	switchgrass-01-900x900.jpg	/api/media/file/switchgrass-01-1400x1400.jpg	1400	1400	image/jpeg	413293	switchgrass-01-1400x1400.jpg	\N	\N	\N	\N	\N	\N	/api/media/file/switchgrass-01-1200x630.jpg	1200	630	image/jpeg	163024	switchgrass-01-1200x630.jpg	https://ik.imagekit.io/raygun/redletterclay/switchgrass-01.jpg
333	lantern-03.jpg	\N	\N	2026-03-17 18:19:30.297+00	2026-03-17 18:19:29.61+00	/api/media/file/lantern-03.jpg	/api/media/file/lantern-03-300x200.jpg	lantern-03.jpg	image/jpeg	276930	2000	1333	50	50	/api/media/file/lantern-03-300x200.jpg	300	200	image/jpeg	6724	lantern-03-300x200.jpg	/api/media/file/lantern-03-500x500.jpg	500	500	image/jpeg	28394	lantern-03-500x500.jpg	/api/media/file/lantern-03-600x400.jpg	600	400	image/jpeg	23465	lantern-03-600x400.jpg	/api/media/file/lantern-03-900x600.jpg	900	600	image/jpeg	50305	lantern-03-900x600.jpg	/api/media/file/lantern-03-1400x933.jpg	1400	933	image/jpeg	114302	lantern-03-1400x933.jpg	/api/media/file/lantern-03-1920x1280.jpg	1920	1280	image/jpeg	199005	lantern-03-1920x1280.jpg	/api/media/file/lantern-03-1200x630.jpg	1200	630	image/jpeg	66801	lantern-03-1200x630.jpg	https://ik.imagekit.io/raygun/redletterclay/lantern-03.jpg
34	washi-lantern-thumb.jpg	\N	\N	2026-03-17 18:28:14.542+00	2026-03-17 18:14:46.519+00	/api/media/file/washi-lantern-thumb.jpg	/api/media/file/washi-lantern-thumb-300x300.jpg	washi-lantern-thumb.jpg	image/jpeg	544601	1080	1080	50	50	/api/media/file/washi-lantern-thumb-300x300.jpg	300	300	image/jpeg	11317	washi-lantern-thumb-300x300.jpg	/api/media/file/washi-lantern-thumb-500x500.jpg	500	500	image/jpeg	24735	washi-lantern-thumb-500x500.jpg	/api/media/file/washi-lantern-thumb-600x600.jpg	600	600	image/jpeg	32914	washi-lantern-thumb-600x600.jpg	/api/media/file/washi-lantern-thumb-900x900.jpg	900	900	image/jpeg	63119	washi-lantern-thumb-900x900.jpg	\N	\N	\N	\N	\N	\N	\N	\N	\N	\N	\N	\N	/api/media/file/washi-lantern-thumb-1200x630.jpg	1200	630	image/jpeg	68538	washi-lantern-thumb-1200x630.jpg	https://ik.imagekit.io/raygun/redletterclay/washi-lantern-thumb.jpg
334	lantern05.jpg	\N	\N	2026-03-17 18:19:31.364+00	2026-03-17 18:19:30.623+00	/api/media/file/lantern05.jpg	/api/media/file/lantern05-300x200.jpg	lantern05.jpg	image/jpeg	345304	2000	1333	50	50	/api/media/file/lantern05-300x200.jpg	300	200	image/jpeg	9295	lantern05-300x200.jpg	/api/media/file/lantern05-500x500.jpg	500	500	image/jpeg	39081	lantern05-500x500.jpg	/api/media/file/lantern05-600x400.jpg	600	400	image/jpeg	31838	lantern05-600x400.jpg	/api/media/file/lantern05-900x600.jpg	900	600	image/jpeg	66845	lantern05-900x600.jpg	/api/media/file/lantern05-1400x933.jpg	1400	933	image/jpeg	147795	lantern05-1400x933.jpg	/api/media/file/lantern05-1920x1280.jpg	1920	1280	image/jpeg	252310	lantern05-1920x1280.jpg	/api/media/file/lantern05-1200x630.jpg	1200	630	image/jpeg	94374	lantern05-1200x630.jpg	https://ik.imagekit.io/raygun/redletterclay/lantern05.jpg
486	\N	\N	\N	2026-04-09 04:10:44.083+00	2026-04-09 04:10:41.023+00	/api/media/file/M-0038-WHT-01.jpg	\N	M-0038-WHT-01.jpg	image/jpeg	554352	1820	1366	50	50	/api/media/file/M-0038-WHT-01-300x225.jpg	300	225	image/jpeg	7150	M-0038-WHT-01-300x225.jpg	/api/media/file/M-0038-WHT-01-500x500.jpg	500	500	image/jpeg	28213	M-0038-WHT-01-500x500.jpg	/api/media/file/M-0038-WHT-01-600x450.jpg	600	450	image/jpeg	24548	M-0038-WHT-01-600x450.jpg	/api/media/file/M-0038-WHT-01-900x675.jpg	900	675	image/jpeg	47010	M-0038-WHT-01-900x675.jpg	/api/media/file/M-0038-WHT-01-1400x1051.jpg	1400	1051	image/jpeg	91431	M-0038-WHT-01-1400x1051.jpg	\N	\N	\N	\N	\N	\N	/api/media/file/M-0038-WHT-01-1200x630.jpg	1200	630	image/jpeg	63628	M-0038-WHT-01-1200x630.jpg	https://ik.imagekit.io/raygun/redletterclay/M-0038-WHT-01.jpg
11	belger-arts-pots-process.jpg	\N	\N	2026-03-17 18:28:15.368+00	2026-03-17 18:14:25.055+00	/api/media/file/belger-arts-pots-process.jpg	/api/media/file/belger-arts-pots-process-300x400.jpg	belger-arts-pots-process.jpg	image/jpeg	1760803	3024	4032	50	50	/api/media/file/belger-arts-pots-process-300x400.jpg	300	400	image/jpeg	19590	belger-arts-pots-process-300x400.jpg	/api/media/file/belger-arts-pots-process-500x500.jpg	500	500	image/jpeg	36599	belger-arts-pots-process-500x500.jpg	/api/media/file/belger-arts-pots-process-600x800.jpg	600	800	image/jpeg	65171	belger-arts-pots-process-600x800.jpg	/api/media/file/belger-arts-pots-process-900x1200.jpg	900	1200	image/jpeg	134592	belger-arts-pots-process-900x1200.jpg	/api/media/file/belger-arts-pots-process-1400x1867.jpg	1400	1867	image/jpeg	298101	belger-arts-pots-process-1400x1867.jpg	/api/media/file/belger-arts-pots-process-1920x2560.jpg	1920	2560	image/jpeg	556061	belger-arts-pots-process-1920x2560.jpg	/api/media/file/belger-arts-pots-process-1200x630.jpg	1200	630	image/jpeg	80294	belger-arts-pots-process-1200x630.jpg	https://ik.imagekit.io/raygun/redletterclay/belger-arts-pots-process.jpg
2	belger-arts-pot-07.jpg	\N	\N	2026-03-17 18:28:16.006+00	2026-03-17 18:14:17.572+00	/api/media/file/belger-arts-pot-07.jpg	/api/media/file/belger-arts-pot-07-300x300.jpg	belger-arts-pot-07.jpg	image/jpeg	695254	1080	1080	50	50	/api/media/file/belger-arts-pot-07-300x300.jpg	300	300	image/jpeg	7964	belger-arts-pot-07-300x300.jpg	/api/media/file/belger-arts-pot-07-500x500.jpg	500	500	image/jpeg	19857	belger-arts-pot-07-500x500.jpg	/api/media/file/belger-arts-pot-07-600x600.jpg	600	600	image/jpeg	27944	belger-arts-pot-07-600x600.jpg	/api/media/file/belger-arts-pot-07-900x900.jpg	900	900	image/jpeg	59592	belger-arts-pot-07-900x900.jpg	\N	\N	\N	\N	\N	\N	\N	\N	\N	\N	\N	\N	/api/media/file/belger-arts-pot-07-1200x630.jpg	1200	630	image/jpeg	78833	belger-arts-pot-07-1200x630.jpg	https://ik.imagekit.io/raygun/redletterclay/belger-arts-pot-07.jpg
481	\N	\N	\N	2026-04-09 04:01:18.902+00	2026-04-09 04:01:17.003+00	/api/media/file/M-0037-PNK-01.jpg	\N	M-0037-PNK-01.jpg	image/jpeg	599006	1820	1366	50	50	/api/media/file/M-0037-PNK-01-300x225.jpg	300	225	image/jpeg	7771	M-0037-PNK-01-300x225.jpg	/api/media/file/M-0037-PNK-01-500x500.jpg	500	500	image/jpeg	29610	M-0037-PNK-01-500x500.jpg	/api/media/file/M-0037-PNK-01-600x450.jpg	600	450	image/jpeg	25567	M-0037-PNK-01-600x450.jpg	/api/media/file/M-0037-PNK-01-900x675.jpg	900	675	image/jpeg	49702	M-0037-PNK-01-900x675.jpg	/api/media/file/M-0037-PNK-01-1400x1051.jpg	1400	1051	image/jpeg	98981	M-0037-PNK-01-1400x1051.jpg	\N	\N	\N	\N	\N	\N	/api/media/file/M-0037-PNK-01-1200x630.jpg	1200	630	image/jpeg	70512	M-0037-PNK-01-1200x630.jpg	https://ik.imagekit.io/raygun/redletterclay/M-0037-PNK-01.jpg
489	\N	\N	\N	2026-04-09 04:11:20.143+00	2026-04-09 04:11:18.167+00	/api/media/file/M-0038-WHT-03.jpg	\N	M-0038-WHT-03.jpg	image/jpeg	703766	1820	1366	50	50	/api/media/file/M-0038-WHT-03-300x225.jpg	300	225	image/jpeg	8858	M-0038-WHT-03-300x225.jpg	/api/media/file/M-0038-WHT-03-500x500.jpg	500	500	image/jpeg	33623	M-0038-WHT-03-500x500.jpg	/api/media/file/M-0038-WHT-03-600x450.jpg	600	450	image/jpeg	29264	M-0038-WHT-03-600x450.jpg	/api/media/file/M-0038-WHT-03-900x675.jpg	900	675	image/jpeg	56322	M-0038-WHT-03-900x675.jpg	/api/media/file/M-0038-WHT-03-1400x1051.jpg	1400	1051	image/jpeg	112824	M-0038-WHT-03-1400x1051.jpg	\N	\N	\N	\N	\N	\N	/api/media/file/M-0038-WHT-03-1200x630.jpg	1200	630	image/jpeg	80311	M-0038-WHT-03-1200x630.jpg	https://ik.imagekit.io/raygun/redletterclay/M-0038-WHT-03.jpg
490	\N	\N	\N	2026-04-09 04:11:22.403+00	2026-04-09 04:11:19.106+00	/api/media/file/M-0038-WHT-04.jpg	\N	M-0038-WHT-04.jpg	image/jpeg	745507	1820	1366	50	50	/api/media/file/M-0038-WHT-04-300x225.jpg	300	225	image/jpeg	9515	M-0038-WHT-04-300x225.jpg	/api/media/file/M-0038-WHT-04-500x500.jpg	500	500	image/jpeg	36404	M-0038-WHT-04-500x500.jpg	/api/media/file/M-0038-WHT-04-600x450.jpg	600	450	image/jpeg	31721	M-0038-WHT-04-600x450.jpg	/api/media/file/M-0038-WHT-04-900x675.jpg	900	675	image/jpeg	60782	M-0038-WHT-04-900x675.jpg	/api/media/file/M-0038-WHT-04-1400x1051.jpg	1400	1051	image/jpeg	118068	M-0038-WHT-04-1400x1051.jpg	\N	\N	\N	\N	\N	\N	/api/media/file/M-0038-WHT-04-1200x630.jpg	1200	630	image/jpeg	83990	M-0038-WHT-04-1200x630.jpg	https://ik.imagekit.io/raygun/redletterclay/M-0038-WHT-04.jpg
497	\N	\N	\N	2026-04-09 04:29:34.827+00	2026-04-09 04:29:32.827+00	/api/media/file/M-0041-PNK-01.jpg	\N	M-0041-PNK-01.jpg	image/jpeg	537522	1820	1366	50	50	/api/media/file/M-0041-PNK-01-300x225.jpg	300	225	image/jpeg	7116	M-0041-PNK-01-300x225.jpg	/api/media/file/M-0041-PNK-01-500x500.jpg	500	500	image/jpeg	25758	M-0041-PNK-01-500x500.jpg	/api/media/file/M-0041-PNK-01-600x450.jpg	600	450	image/jpeg	22932	M-0041-PNK-01-600x450.jpg	/api/media/file/M-0041-PNK-01-900x675.jpg	900	675	image/jpeg	44657	M-0041-PNK-01-900x675.jpg	/api/media/file/M-0041-PNK-01-1400x1051.jpg	1400	1051	image/jpeg	89262	M-0041-PNK-01-1400x1051.jpg	\N	\N	\N	\N	\N	\N	/api/media/file/M-0041-PNK-01-1200x630.jpg	1200	630	image/jpeg	66903	M-0041-PNK-01-1200x630.jpg	https://ik.imagekit.io/raygun/redletterclay/M-0041-PNK-01.jpg
503	\N	\N	\N	2026-04-09 04:30:35.868+00	2026-04-09 04:30:33.017+00	/api/media/file/M-0040-PNK-03.jpg	\N	M-0040-PNK-03.jpg	image/jpeg	683379	1820	1366	50	50	/api/media/file/M-0040-PNK-03-300x225.jpg	300	225	image/jpeg	8622	M-0040-PNK-03-300x225.jpg	/api/media/file/M-0040-PNK-03-500x500.jpg	500	500	image/jpeg	32740	M-0040-PNK-03-500x500.jpg	/api/media/file/M-0040-PNK-03-600x450.jpg	600	450	image/jpeg	28874	M-0040-PNK-03-600x450.jpg	/api/media/file/M-0040-PNK-03-900x675.jpg	900	675	image/jpeg	56587	M-0040-PNK-03-900x675.jpg	/api/media/file/M-0040-PNK-03-1400x1051.jpg	1400	1051	image/jpeg	113234	M-0040-PNK-03-1400x1051.jpg	\N	\N	\N	\N	\N	\N	/api/media/file/M-0040-PNK-03-1200x630.jpg	1200	630	image/jpeg	82128	M-0040-PNK-03-1200x630.jpg	https://ik.imagekit.io/raygun/redletterclay/M-0040-PNK-03.jpg
504	\N	\N	\N	2026-04-09 04:50:45.429+00	2026-04-09 04:50:43.316+00	/api/media/file/P-0009-GRN-01.jpg	\N	P-0009-GRN-01.jpg	image/jpeg	314073	1820	1366	50	50	/api/media/file/P-0009-GRN-01-300x225.jpg	300	225	image/jpeg	4220	P-0009-GRN-01-300x225.jpg	/api/media/file/P-0009-GRN-01-500x500.jpg	500	500	image/jpeg	13566	P-0009-GRN-01-500x500.jpg	/api/media/file/P-0009-GRN-01-600x450.jpg	600	450	image/jpeg	12091	P-0009-GRN-01-600x450.jpg	/api/media/file/P-0009-GRN-01-900x675.jpg	900	675	image/jpeg	23271	P-0009-GRN-01-900x675.jpg	/api/media/file/P-0009-GRN-01-1400x1051.jpg	1400	1051	image/jpeg	47594	P-0009-GRN-01-1400x1051.jpg	\N	\N	\N	\N	\N	\N	/api/media/file/P-0009-GRN-01-1200x630.jpg	1200	630	image/jpeg	30884	P-0009-GRN-01-1200x630.jpg	https://ik.imagekit.io/raygun/redletterclay/P-0009-GRN-01.jpg
368	\N	\N	\N	2026-03-18 20:39:15.765+00	2026-03-18 20:39:14.43+00	/api/media/file/T-0005-PUR-01.jpg	\N	T-0005-PUR-01.jpg	image/jpeg	208922	2000	1333	50	50	/api/media/file/T-0005-PUR-01-300x200.jpg	300	200	image/jpeg	5578	T-0005-PUR-01-300x200.jpg	/api/media/file/T-0005-PUR-01-500x500.jpg	500	500	image/jpeg	25429	T-0005-PUR-01-500x500.jpg	/api/media/file/T-0005-PUR-01-600x400.jpg	600	400	image/jpeg	17884	T-0005-PUR-01-600x400.jpg	/api/media/file/T-0005-PUR-01-900x600.jpg	900	600	image/jpeg	37320	T-0005-PUR-01-900x600.jpg	/api/media/file/T-0005-PUR-01-1400x933.jpg	1400	933	image/jpeg	83430	T-0005-PUR-01-1400x933.jpg	/api/media/file/T-0005-PUR-01-1920x1280.jpg	1920	1280	image/jpeg	143567	T-0005-PUR-01-1920x1280.jpg	/api/media/file/T-0005-PUR-01-1200x630.jpg	1200	630	image/jpeg	61221	T-0005-PUR-01-1200x630.jpg	https://ik.imagekit.io/raygun/redletterclay/T-0005-PUR-01.jpg
369	\N	\N	\N	2026-03-18 20:39:17.005+00	2026-03-18 20:39:16.245+00	/api/media/file/T-0005-PUR-02.jpg	\N	T-0005-PUR-02.jpg	image/jpeg	165766	2000	1333	50	50	/api/media/file/T-0005-PUR-02-300x200.jpg	300	200	image/jpeg	4316	T-0005-PUR-02-300x200.jpg	/api/media/file/T-0005-PUR-02-500x500.jpg	500	500	image/jpeg	18325	T-0005-PUR-02-500x500.jpg	/api/media/file/T-0005-PUR-02-600x400.jpg	600	400	image/jpeg	13064	T-0005-PUR-02-600x400.jpg	/api/media/file/T-0005-PUR-02-900x600.jpg	900	600	image/jpeg	27013	T-0005-PUR-02-900x600.jpg	/api/media/file/T-0005-PUR-02-1400x933.jpg	1400	933	image/jpeg	61928	T-0005-PUR-02-1400x933.jpg	/api/media/file/T-0005-PUR-02-1920x1280.jpg	1920	1280	image/jpeg	108475	T-0005-PUR-02-1920x1280.jpg	/api/media/file/T-0005-PUR-02-1200x630.jpg	1200	630	image/jpeg	44652	T-0005-PUR-02-1200x630.jpg	https://ik.imagekit.io/raygun/redletterclay/T-0005-PUR-02.jpg
482	\N	\N	\N	2026-04-09 04:01:20.311+00	2026-04-09 04:01:18.067+00	/api/media/file/M-0037-PNK-02.jpg	\N	M-0037-PNK-02.jpg	image/jpeg	548052	1820	1366	50	50	/api/media/file/M-0037-PNK-02-300x225.jpg	300	225	image/jpeg	6977	M-0037-PNK-02-300x225.jpg	/api/media/file/M-0037-PNK-02-500x500.jpg	500	500	image/jpeg	27228	M-0037-PNK-02-500x500.jpg	/api/media/file/M-0037-PNK-02-600x450.jpg	600	450	image/jpeg	23423	M-0037-PNK-02-600x450.jpg	/api/media/file/M-0037-PNK-02-900x675.jpg	900	675	image/jpeg	45936	M-0037-PNK-02-900x675.jpg	/api/media/file/M-0037-PNK-02-1400x1051.jpg	1400	1051	image/jpeg	92102	M-0037-PNK-02-1400x1051.jpg	\N	\N	\N	\N	\N	\N	/api/media/file/M-0037-PNK-02-1200x630.jpg	1200	630	image/jpeg	65159	M-0037-PNK-02-1200x630.jpg	https://ik.imagekit.io/raygun/redletterclay/M-0037-PNK-02.jpg
485	\N	\N	\N	2026-04-09 04:02:19.786+00	2026-04-09 04:02:18.327+00	/api/media/file/M-0036-PUR-thumb.jpg	\N	M-0036-PUR-thumb.jpg	image/jpeg	120037	400	400	50	50	/api/media/file/M-0036-PUR-thumb-300x300.jpg	300	300	image/jpeg	11051	M-0036-PUR-thumb-300x300.jpg	\N	\N	\N	\N	\N	\N	\N	\N	\N	\N	\N	\N	\N	\N	\N	\N	\N	\N	\N	\N	\N	\N	\N	\N	\N	\N	\N	\N	\N	\N	\N	\N	\N	\N	\N	\N	https://ik.imagekit.io/raygun/redletterclay/M-0036-PUR-thumb.jpg
491	\N	\N	\N	2026-04-09 04:18:29.249+00	2026-04-09 04:18:26.684+00	/api/media/file/M-0039-GRN-thumb.jpg	\N	M-0039-GRN-thumb.jpg	image/jpeg	113754	400	400	50	50	/api/media/file/M-0039-GRN-thumb-300x300.jpg	300	300	image/jpeg	10259	M-0039-GRN-thumb-300x300.jpg	\N	\N	\N	\N	\N	\N	\N	\N	\N	\N	\N	\N	\N	\N	\N	\N	\N	\N	\N	\N	\N	\N	\N	\N	\N	\N	\N	\N	\N	\N	\N	\N	\N	\N	\N	\N	https://ik.imagekit.io/raygun/redletterclay/M-0039-GRN-thumb.jpg
494	\N	\N	\N	2026-04-09 04:18:48.683+00	2026-04-09 04:18:46.633+00	/api/media/file/M-0039-GRN-03.jpg	\N	M-0039-GRN-03.jpg	image/jpeg	732901	1820	1366	50	50	/api/media/file/M-0039-GRN-03-300x225.jpg	300	225	image/jpeg	9412	M-0039-GRN-03-300x225.jpg	/api/media/file/M-0039-GRN-03-500x500.jpg	500	500	image/jpeg	34988	M-0039-GRN-03-500x500.jpg	/api/media/file/M-0039-GRN-03-600x450.jpg	600	450	image/jpeg	30446	M-0039-GRN-03-600x450.jpg	/api/media/file/M-0039-GRN-03-900x675.jpg	900	675	image/jpeg	60309	M-0039-GRN-03-900x675.jpg	/api/media/file/M-0039-GRN-03-1400x1051.jpg	1400	1051	image/jpeg	123218	M-0039-GRN-03-1400x1051.jpg	\N	\N	\N	\N	\N	\N	/api/media/file/M-0039-GRN-03-1200x630.jpg	1200	630	image/jpeg	85928	M-0039-GRN-03-1200x630.jpg	https://ik.imagekit.io/raygun/redletterclay/M-0039-GRN-03.jpg
495	\N	\N	\N	2026-04-09 04:18:50.512+00	2026-04-09 04:18:47.468+00	/api/media/file/M-0039-GRN-04.jpg	\N	M-0039-GRN-04.jpg	image/jpeg	856574	1820	1366	50	50	/api/media/file/M-0039-GRN-04-300x225.jpg	300	225	image/jpeg	10121	M-0039-GRN-04-300x225.jpg	/api/media/file/M-0039-GRN-04-500x500.jpg	500	500	image/jpeg	39225	M-0039-GRN-04-500x500.jpg	/api/media/file/M-0039-GRN-04-600x450.jpg	600	450	image/jpeg	34303	M-0039-GRN-04-600x450.jpg	/api/media/file/M-0039-GRN-04-900x675.jpg	900	675	image/jpeg	68903	M-0039-GRN-04-900x675.jpg	/api/media/file/M-0039-GRN-04-1400x1051.jpg	1400	1051	image/jpeg	141462	M-0039-GRN-04-1400x1051.jpg	\N	\N	\N	\N	\N	\N	/api/media/file/M-0039-GRN-04-1200x630.jpg	1200	630	image/jpeg	100457	M-0039-GRN-04-1200x630.jpg	https://ik.imagekit.io/raygun/redletterclay/M-0039-GRN-04.jpg
498	\N	\N	\N	2026-04-09 04:29:36.488+00	2026-04-09 04:29:33.838+00	/api/media/file/M-0041-PNK-02.jpg	\N	M-0041-PNK-02.jpg	image/jpeg	520546	1820	1366	50	50	/api/media/file/M-0041-PNK-02-300x225.jpg	300	225	image/jpeg	6765	M-0041-PNK-02-300x225.jpg	/api/media/file/M-0041-PNK-02-500x500.jpg	500	500	image/jpeg	25700	M-0041-PNK-02-500x500.jpg	/api/media/file/M-0041-PNK-02-600x450.jpg	600	450	image/jpeg	22312	M-0041-PNK-02-600x450.jpg	/api/media/file/M-0041-PNK-02-900x675.jpg	900	675	image/jpeg	43814	M-0041-PNK-02-900x675.jpg	/api/media/file/M-0041-PNK-02-1400x1051.jpg	1400	1051	image/jpeg	88123	M-0041-PNK-02-1400x1051.jpg	\N	\N	\N	\N	\N	\N	/api/media/file/M-0041-PNK-02-1200x630.jpg	1200	630	image/jpeg	65844	M-0041-PNK-02-1200x630.jpg	https://ik.imagekit.io/raygun/redletterclay/M-0041-PNK-02.jpg
499	\N	\N	\N	2026-04-09 04:29:53.029+00	2026-04-09 04:29:50.927+00	/api/media/file/M-0041-PNK-4.jpg	\N	M-0041-PNK-4.jpg	image/jpeg	692018	1820	1366	50	50	/api/media/file/M-0041-PNK-4-300x225.jpg	300	225	image/jpeg	8508	M-0041-PNK-4-300x225.jpg	/api/media/file/M-0041-PNK-4-500x500.jpg	500	500	image/jpeg	32625	M-0041-PNK-4-500x500.jpg	/api/media/file/M-0041-PNK-4-600x450.jpg	600	450	image/jpeg	28808	M-0041-PNK-4-600x450.jpg	/api/media/file/M-0041-PNK-4-900x675.jpg	900	675	image/jpeg	56740	M-0041-PNK-4-900x675.jpg	/api/media/file/M-0041-PNK-4-1400x1051.jpg	1400	1051	image/jpeg	113710	M-0041-PNK-4-1400x1051.jpg	\N	\N	\N	\N	\N	\N	/api/media/file/M-0041-PNK-4-1200x630.jpg	1200	630	image/jpeg	82524	M-0041-PNK-4-1200x630.jpg	https://ik.imagekit.io/raygun/redletterclay/M-0041-PNK-4.jpg
502	\N	\N	\N	2026-04-09 04:30:34.273+00	2026-04-09 04:30:32.06+00	/api/media/file/M-0040-PNK-02.jpg	\N	M-0040-PNK-02.jpg	image/jpeg	518596	1820	1366	50	50	/api/media/file/M-0040-PNK-02-300x225.jpg	300	225	image/jpeg	6668	M-0040-PNK-02-300x225.jpg	/api/media/file/M-0040-PNK-02-500x500.jpg	500	500	image/jpeg	25282	M-0040-PNK-02-500x500.jpg	/api/media/file/M-0040-PNK-02-600x450.jpg	600	450	image/jpeg	21984	M-0040-PNK-02-600x450.jpg	/api/media/file/M-0040-PNK-02-900x675.jpg	900	675	image/jpeg	43212	M-0040-PNK-02-900x675.jpg	/api/media/file/M-0040-PNK-02-1400x1051.jpg	1400	1051	image/jpeg	86440	M-0040-PNK-02-1400x1051.jpg	\N	\N	\N	\N	\N	\N	/api/media/file/M-0040-PNK-02-1200x630.jpg	1200	630	image/jpeg	64745	M-0040-PNK-02-1200x630.jpg	https://ik.imagekit.io/raygun/redletterclay/M-0040-PNK-02.jpg
370	\N	\N	\N	2026-03-18 20:39:18.412+00	2026-03-18 20:39:17.721+00	/api/media/file/T-0005-PUR-03.jpg	\N	T-0005-PUR-03.jpg	image/jpeg	177028	2000	1333	50	50	/api/media/file/T-0005-PUR-03-300x200.jpg	300	200	image/jpeg	4983	T-0005-PUR-03-300x200.jpg	/api/media/file/T-0005-PUR-03-500x500.jpg	500	500	image/jpeg	21148	T-0005-PUR-03-500x500.jpg	/api/media/file/T-0005-PUR-03-600x400.jpg	600	400	image/jpeg	15019	T-0005-PUR-03-600x400.jpg	/api/media/file/T-0005-PUR-03-900x600.jpg	900	600	image/jpeg	30684	T-0005-PUR-03-900x600.jpg	/api/media/file/T-0005-PUR-03-1400x933.jpg	1400	933	image/jpeg	68193	T-0005-PUR-03-1400x933.jpg	/api/media/file/T-0005-PUR-03-1920x1280.jpg	1920	1280	image/jpeg	116597	T-0005-PUR-03-1920x1280.jpg	/api/media/file/T-0005-PUR-03-1200x630.jpg	1200	630	image/jpeg	50197	T-0005-PUR-03-1200x630.jpg	https://ik.imagekit.io/raygun/redletterclay/T-0005-PUR-03.jpg
372	\N	\N	\N	2026-03-18 20:42:54.503+00	2026-03-18 20:42:53.021+00	/api/media/file/Periwinkle-Set-Jar-Mug-Trays.jpg	\N	Periwinkle-Set-Jar-Mug-Trays.jpg	image/jpeg	381828	2000	1333	50	50	/api/media/file/Periwinkle-Set-Jar-Mug-Trays-300x200.jpg	300	200	image/jpeg	9128	Periwinkle-Set-Jar-Mug-Trays-300x200.jpg	/api/media/file/Periwinkle-Set-Jar-Mug-Trays-500x500.jpg	500	500	image/jpeg	40512	Periwinkle-Set-Jar-Mug-Trays-500x500.jpg	/api/media/file/Periwinkle-Set-Jar-Mug-Trays-600x400.jpg	600	400	image/jpeg	31307	Periwinkle-Set-Jar-Mug-Trays-600x400.jpg	/api/media/file/Periwinkle-Set-Jar-Mug-Trays-900x600.jpg	900	600	image/jpeg	64945	Periwinkle-Set-Jar-Mug-Trays-900x600.jpg	/api/media/file/Periwinkle-Set-Jar-Mug-Trays-1400x933.jpg	1400	933	image/jpeg	143573	Periwinkle-Set-Jar-Mug-Trays-1400x933.jpg	/api/media/file/Periwinkle-Set-Jar-Mug-Trays-1920x1280.jpg	1920	1280	image/jpeg	246071	Periwinkle-Set-Jar-Mug-Trays-1920x1280.jpg	/api/media/file/Periwinkle-Set-Jar-Mug-Trays-1200x630.jpg	1200	630	image/jpeg	100643	Periwinkle-Set-Jar-Mug-Trays-1200x630.jpg	https://ik.imagekit.io/raygun/redletterclay/Periwinkle-Set-Jar-Mug-Trays.jpg
373	\N	\N	\N	2026-03-18 21:22:16.226+00	2026-03-18 21:22:14.844+00	/api/media/file/jar-bottle-tray-blue-green.jpg	\N	jar-bottle-tray-blue-green.jpg	image/jpeg	340377	2000	1333	50	50	/api/media/file/jar-bottle-tray-blue-green-300x200.jpg	300	200	image/jpeg	8053	jar-bottle-tray-blue-green-300x200.jpg	/api/media/file/jar-bottle-tray-blue-green-500x500.jpg	500	500	image/jpeg	32852	jar-bottle-tray-blue-green-500x500.jpg	/api/media/file/jar-bottle-tray-blue-green-600x400.jpg	600	400	image/jpeg	25177	jar-bottle-tray-blue-green-600x400.jpg	/api/media/file/jar-bottle-tray-blue-green-900x600.jpg	900	600	image/jpeg	52085	jar-bottle-tray-blue-green-900x600.jpg	/api/media/file/jar-bottle-tray-blue-green-1400x933.jpg	1400	933	image/jpeg	117514	jar-bottle-tray-blue-green-1400x933.jpg	/api/media/file/jar-bottle-tray-blue-green-1920x1280.jpg	1920	1280	image/jpeg	204162	jar-bottle-tray-blue-green-1920x1280.jpg	/api/media/file/jar-bottle-tray-blue-green-1200x630.jpg	1200	630	image/jpeg	82749	jar-bottle-tray-blue-green-1200x630.jpg	https://ik.imagekit.io/raygun/redletterclay/jar-bottle-tray-blue-green.jpg
374	\N	\N	\N	2026-03-18 21:22:58.897+00	2026-03-18 21:22:57.837+00	/api/media/file/jaw-bottle-tray-periwinkle-1.jpg	\N	jaw-bottle-tray-periwinkle-1.jpg	image/jpeg	318742	2000	1333	50	50	/api/media/file/jaw-bottle-tray-periwinkle-1-300x200.jpg	300	200	image/jpeg	7938	jaw-bottle-tray-periwinkle-1-300x200.jpg	/api/media/file/jaw-bottle-tray-periwinkle-1-500x500.jpg	500	500	image/jpeg	33891	jaw-bottle-tray-periwinkle-1-500x500.jpg	/api/media/file/jaw-bottle-tray-periwinkle-1-600x400.jpg	600	400	image/jpeg	25731	jaw-bottle-tray-periwinkle-1-600x400.jpg	/api/media/file/jaw-bottle-tray-periwinkle-1-900x600.jpg	900	600	image/jpeg	53198	jaw-bottle-tray-periwinkle-1-900x600.jpg	/api/media/file/jaw-bottle-tray-periwinkle-1-1400x933.jpg	1400	933	image/jpeg	118737	jaw-bottle-tray-periwinkle-1-1400x933.jpg	/api/media/file/jaw-bottle-tray-periwinkle-1-1920x1280.jpg	1920	1280	image/jpeg	205056	jaw-bottle-tray-periwinkle-1-1920x1280.jpg	/api/media/file/jaw-bottle-tray-periwinkle-1-1200x630.jpg	1200	630	image/jpeg	83351	jaw-bottle-tray-periwinkle-1-1200x630.jpg	https://ik.imagekit.io/raygun/redletterclay/jaw-bottle-tray-periwinkle-1.jpg
483	\N	\N	\N	2026-04-09 04:01:26.704+00	2026-04-09 04:01:24.9+00	/api/media/file/M-0037-PNK-03.jpg	\N	M-0037-PNK-03.jpg	image/jpeg	765160	1820	1366	50	50	/api/media/file/M-0037-PNK-03-300x225.jpg	300	225	image/jpeg	9622	M-0037-PNK-03-300x225.jpg	/api/media/file/M-0037-PNK-03-500x500.jpg	500	500	image/jpeg	36488	M-0037-PNK-03-500x500.jpg	/api/media/file/M-0037-PNK-03-600x450.jpg	600	450	image/jpeg	31799	M-0037-PNK-03-600x450.jpg	/api/media/file/M-0037-PNK-03-900x675.jpg	900	675	image/jpeg	62206	M-0037-PNK-03-900x675.jpg	/api/media/file/M-0037-PNK-03-1400x1051.jpg	1400	1051	image/jpeg	125127	M-0037-PNK-03-1400x1051.jpg	\N	\N	\N	\N	\N	\N	/api/media/file/M-0037-PNK-03-1200x630.jpg	1200	630	image/jpeg	88250	M-0037-PNK-03-1200x630.jpg	https://ik.imagekit.io/raygun/redletterclay/M-0037-PNK-03.jpg
484	\N	\N	\N	2026-04-09 04:01:28.72+00	2026-04-09 04:01:25.774+00	/api/media/file/M-0037-PNK-04.jpg	\N	M-0037-PNK-04.jpg	image/jpeg	764629	1820	1366	50	50	/api/media/file/M-0037-PNK-04-300x225.jpg	300	225	image/jpeg	9530	M-0037-PNK-04-300x225.jpg	/api/media/file/M-0037-PNK-04-500x500.jpg	500	500	image/jpeg	37425	M-0037-PNK-04-500x500.jpg	/api/media/file/M-0037-PNK-04-600x450.jpg	600	450	image/jpeg	32193	M-0037-PNK-04-600x450.jpg	/api/media/file/M-0037-PNK-04-900x675.jpg	900	675	image/jpeg	62864	M-0037-PNK-04-900x675.jpg	/api/media/file/M-0037-PNK-04-1400x1051.jpg	1400	1051	image/jpeg	124678	M-0037-PNK-04-1400x1051.jpg	\N	\N	\N	\N	\N	\N	/api/media/file/M-0037-PNK-04-1200x630.jpg	1200	630	image/jpeg	88128	M-0037-PNK-04-1200x630.jpg	https://ik.imagekit.io/raygun/redletterclay/M-0037-PNK-04.jpg
493	\N	\N	\N	2026-04-09 04:18:37.966+00	2026-04-09 04:18:35.112+00	/api/media/file/M-0039-GRN-02.jpg	\N	M-0039-GRN-02.jpg	image/jpeg	502711	1820	1366	50	50	/api/media/file/M-0039-GRN-02-300x225.jpg	300	225	image/jpeg	6288	M-0039-GRN-02-300x225.jpg	/api/media/file/M-0039-GRN-02-500x500.jpg	500	500	image/jpeg	24182	M-0039-GRN-02-500x500.jpg	/api/media/file/M-0039-GRN-02-600x450.jpg	600	450	image/jpeg	20875	M-0039-GRN-02-600x450.jpg	/api/media/file/M-0039-GRN-02-900x675.jpg	900	675	image/jpeg	41877	M-0039-GRN-02-900x675.jpg	/api/media/file/M-0039-GRN-02-1400x1051.jpg	1400	1051	image/jpeg	86113	M-0039-GRN-02-1400x1051.jpg	\N	\N	\N	\N	\N	\N	/api/media/file/M-0039-GRN-02-1200x630.jpg	1200	630	image/jpeg	60248	M-0039-GRN-02-1200x630.jpg	https://ik.imagekit.io/raygun/redletterclay/M-0039-GRN-02.jpg
501	\N	\N	\N	2026-04-09 04:30:24.929+00	2026-04-09 04:30:22.295+00	/api/media/file/M-0040-PNK-thumb.jpg	\N	M-0040-PNK-thumb.jpg	image/jpeg	85213	400	400	50	50	/api/media/file/M-0040-PNK-thumb-300x300.jpg	300	300	image/jpeg	7260	M-0040-PNK-thumb-300x300.jpg	\N	\N	\N	\N	\N	\N	\N	\N	\N	\N	\N	\N	\N	\N	\N	\N	\N	\N	\N	\N	\N	\N	\N	\N	\N	\N	\N	\N	\N	\N	\N	\N	\N	\N	\N	\N	https://ik.imagekit.io/raygun/redletterclay/M-0040-PNK-thumb.jpg
505	\N	\N	\N	2026-04-09 04:50:46.519+00	2026-04-09 04:50:45.17+00	/api/media/file/P-0009-GRN-thumb.jpg	\N	P-0009-GRN-thumb.jpg	image/jpeg	72365	400	400	50	50	/api/media/file/P-0009-GRN-thumb-300x300.jpg	300	300	image/jpeg	6220	P-0009-GRN-thumb-300x300.jpg	\N	\N	\N	\N	\N	\N	\N	\N	\N	\N	\N	\N	\N	\N	\N	\N	\N	\N	\N	\N	\N	\N	\N	\N	\N	\N	\N	\N	\N	\N	\N	\N	\N	\N	\N	\N	https://ik.imagekit.io/raygun/redletterclay/P-0009-GRN-thumb.jpg
380	\N	\N	\N	2026-03-19 00:03:37.928+00	2026-03-19 00:03:36.834+00	/api/media/file/P-0007-GRN-02.jpg	\N	P-0007-GRN-02.jpg	image/jpeg	367975	1820	1366	50	50	/api/media/file/P-0007-GRN-02-300x225.jpg	300	225	image/jpeg	4112	P-0007-GRN-02-300x225.jpg	/api/media/file/P-0007-GRN-02-500x500.jpg	500	500	image/jpeg	15306	P-0007-GRN-02-500x500.jpg	/api/media/file/P-0007-GRN-02-600x450.jpg	600	450	image/jpeg	13197	P-0007-GRN-02-600x450.jpg	/api/media/file/P-0007-GRN-02-900x675.jpg	900	675	image/jpeg	28173	P-0007-GRN-02-900x675.jpg	/api/media/file/P-0007-GRN-02-1400x1051.jpg	1400	1051	image/jpeg	62476	P-0007-GRN-02-1400x1051.jpg	\N	\N	\N	\N	\N	\N	/api/media/file/P-0007-GRN-02-1200x630.jpg	1200	630	image/jpeg	44197	P-0007-GRN-02-1200x630.jpg	https://ik.imagekit.io/raygun/redletterclay/P-0007-GRN-02.jpg
383	\N	\N	\N	2026-03-19 00:17:45.687+00	2026-03-19 00:17:44.429+00	/api/media/file/P-0008-GRN-01.jpg	\N	P-0008-GRN-01.jpg	image/jpeg	260235	1820	1366	50	50	/api/media/file/P-0008-GRN-01-300x225.jpg	300	225	image/jpeg	3922	P-0008-GRN-01-300x225.jpg	/api/media/file/P-0008-GRN-01-500x500.jpg	500	500	image/jpeg	12305	P-0008-GRN-01-500x500.jpg	/api/media/file/P-0008-GRN-01-600x450.jpg	600	450	image/jpeg	10957	P-0008-GRN-01-600x450.jpg	/api/media/file/P-0008-GRN-01-900x675.jpg	900	675	image/jpeg	21186	P-0008-GRN-01-900x675.jpg	/api/media/file/P-0008-GRN-01-1400x1051.jpg	1400	1051	image/jpeg	43664	P-0008-GRN-01-1400x1051.jpg	\N	\N	\N	\N	\N	\N	/api/media/file/P-0008-GRN-01-1200x630.jpg	1200	630	image/jpeg	30880	P-0008-GRN-01-1200x630.jpg	https://ik.imagekit.io/raygun/redletterclay/P-0008-GRN-01.jpg
384	\N	\N	\N	2026-03-19 00:17:46.642+00	2026-03-19 00:17:45.697+00	/api/media/file/P-0008-GRN-02.jpg	\N	P-0008-GRN-02.jpg	image/jpeg	288710	1820	1366	50	50	/api/media/file/P-0008-GRN-02-300x225.jpg	300	225	image/jpeg	4082	P-0008-GRN-02-300x225.jpg	/api/media/file/P-0008-GRN-02-500x500.jpg	500	500	image/jpeg	13139	P-0008-GRN-02-500x500.jpg	/api/media/file/P-0008-GRN-02-600x450.jpg	600	450	image/jpeg	11556	P-0008-GRN-02-600x450.jpg	/api/media/file/P-0008-GRN-02-900x675.jpg	900	675	image/jpeg	22724	P-0008-GRN-02-900x675.jpg	/api/media/file/P-0008-GRN-02-1400x1051.jpg	1400	1051	image/jpeg	47569	P-0008-GRN-02-1400x1051.jpg	\N	\N	\N	\N	\N	\N	/api/media/file/P-0008-GRN-02-1200x630.jpg	1200	630	image/jpeg	33206	P-0008-GRN-02-1200x630.jpg	https://ik.imagekit.io/raygun/redletterclay/P-0008-GRN-02.jpg
386	\N	\N	\N	2026-03-19 00:17:47.241+00	2026-03-19 00:17:46.664+00	/api/media/file/P-0008-GRN-thumb.jpg	\N	P-0008-GRN-thumb.jpg	image/jpeg	68387	400	400	50	50	/api/media/file/P-0008-GRN-thumb-300x300.jpg	300	300	image/jpeg	6187	P-0008-GRN-thumb-300x300.jpg	\N	\N	\N	\N	\N	\N	\N	\N	\N	\N	\N	\N	\N	\N	\N	\N	\N	\N	\N	\N	\N	\N	\N	\N	\N	\N	\N	\N	\N	\N	\N	\N	\N	\N	\N	\N	https://ik.imagekit.io/raygun/redletterclay/P-0008-GRN-thumb.jpg
387	\N	\N	\N	2026-03-19 00:31:47.851+00	2026-03-19 00:31:45.944+00	/api/media/file/T-0006-GRN-01.jpg	\N	T-0006-GRN-01.jpg	image/jpeg	688999	1820	1366	50	50	/api/media/file/T-0006-GRN-01-300x225.jpg	300	225	image/jpeg	8027	T-0006-GRN-01-300x225.jpg	/api/media/file/T-0006-GRN-01-500x500.jpg	500	500	image/jpeg	30940	T-0006-GRN-01-500x500.jpg	/api/media/file/T-0006-GRN-01-600x450.jpg	600	450	image/jpeg	26518	T-0006-GRN-01-600x450.jpg	/api/media/file/T-0006-GRN-01-900x675.jpg	900	675	image/jpeg	54637	T-0006-GRN-01-900x675.jpg	/api/media/file/T-0006-GRN-01-1400x1051.jpg	1400	1051	image/jpeg	116435	T-0006-GRN-01-1400x1051.jpg	\N	\N	\N	\N	\N	\N	/api/media/file/T-0006-GRN-01-1200x630.jpg	1200	630	image/jpeg	86763	T-0006-GRN-01-1200x630.jpg	https://ik.imagekit.io/raygun/redletterclay/T-0006-GRN-01.jpg
388	\N	\N	\N	2026-03-19 00:31:48.76+00	2026-03-19 00:31:47.475+00	/api/media/file/T-0006-GRN-02.jpg	\N	T-0006-GRN-02.jpg	image/jpeg	643753	1820	1366	50	50	/api/media/file/T-0006-GRN-02-300x225.jpg	300	225	image/jpeg	6766	T-0006-GRN-02-300x225.jpg	/api/media/file/T-0006-GRN-02-500x500.jpg	500	500	image/jpeg	25917	T-0006-GRN-02-500x500.jpg	/api/media/file/T-0006-GRN-02-600x450.jpg	600	450	image/jpeg	22426	T-0006-GRN-02-600x450.jpg	/api/media/file/T-0006-GRN-02-900x675.jpg	900	675	image/jpeg	47450	T-0006-GRN-02-900x675.jpg	/api/media/file/T-0006-GRN-02-1400x1051.jpg	1400	1051	image/jpeg	103738	T-0006-GRN-02-1400x1051.jpg	\N	\N	\N	\N	\N	\N	/api/media/file/T-0006-GRN-02-1200x630.jpg	1200	630	image/jpeg	74170	T-0006-GRN-02-1200x630.jpg	https://ik.imagekit.io/raygun/redletterclay/T-0006-GRN-02.jpg
389	\N	\N	\N	2026-03-19 00:31:49.58+00	2026-03-19 00:31:48.419+00	/api/media/file/T-0006-GRN-03.jpg	\N	T-0006-GRN-03.jpg	image/jpeg	598705	1820	1366	50	50	/api/media/file/T-0006-GRN-03-300x225.jpg	300	225	image/jpeg	7155	T-0006-GRN-03-300x225.jpg	/api/media/file/T-0006-GRN-03-500x500.jpg	500	500	image/jpeg	25386	T-0006-GRN-03-500x500.jpg	/api/media/file/T-0006-GRN-03-600x450.jpg	600	450	image/jpeg	22716	T-0006-GRN-03-600x450.jpg	/api/media/file/T-0006-GRN-03-900x675.jpg	900	675	image/jpeg	46408	T-0006-GRN-03-900x675.jpg	/api/media/file/T-0006-GRN-03-1400x1051.jpg	1400	1051	image/jpeg	99238	T-0006-GRN-03-1400x1051.jpg	\N	\N	\N	\N	\N	\N	/api/media/file/T-0006-GRN-03-1200x630.jpg	1200	630	image/jpeg	73137	T-0006-GRN-03-1200x630.jpg	https://ik.imagekit.io/raygun/redletterclay/T-0006-GRN-03.jpg
391	\N	\N	\N	2026-03-19 01:03:52.83+00	2026-03-19 01:03:51.29+00	/api/media/file/T-0007-YEL-01.jpg	\N	T-0007-YEL-01.jpg	image/jpeg	643228	1820	1366	50	50	/api/media/file/T-0007-YEL-01-300x225.jpg	300	225	image/jpeg	7396	T-0007-YEL-01-300x225.jpg	/api/media/file/T-0007-YEL-01-500x500.jpg	500	500	image/jpeg	28278	T-0007-YEL-01-500x500.jpg	/api/media/file/T-0007-YEL-01-600x450.jpg	600	450	image/jpeg	24379	T-0007-YEL-01-600x450.jpg	/api/media/file/T-0007-YEL-01-900x675.jpg	900	675	image/jpeg	50461	T-0007-YEL-01-900x675.jpg	/api/media/file/T-0007-YEL-01-1400x1051.jpg	1400	1051	image/jpeg	107569	T-0007-YEL-01-1400x1051.jpg	\N	\N	\N	\N	\N	\N	/api/media/file/T-0007-YEL-01-1200x630.jpg	1200	630	image/jpeg	79772	T-0007-YEL-01-1200x630.jpg	https://ik.imagekit.io/raygun/redletterclay/T-0007-YEL-01.jpg
394	\N	\N	\N	2026-03-19 01:03:54.417+00	2026-03-19 01:03:53.8+00	/api/media/file/T-0007-YEL-thumb.jpg	\N	T-0007-YEL-thumb.jpg	image/jpeg	85825	400	400	50	50	/api/media/file/T-0007-YEL-thumb-300x300.jpg	300	300	image/jpeg	7785	T-0007-YEL-thumb-300x300.jpg	\N	\N	\N	\N	\N	\N	\N	\N	\N	\N	\N	\N	\N	\N	\N	\N	\N	\N	\N	\N	\N	\N	\N	\N	\N	\N	\N	\N	\N	\N	\N	\N	\N	\N	\N	\N	https://ik.imagekit.io/raygun/redletterclay/T-0007-YEL-thumb.jpg
385	\N	\N	\N	2026-03-19 00:17:46.162+00	2026-03-19 00:17:46.162+00	/api/media/file/P-0008-GRN-03.jpg	\N	P-0008-GRN-03.jpg	image/jpeg	218929	1820	1366	50	50	/api/media/file/P-0008-GRN-03-300x225.jpg	300	225	image/jpeg	3274	P-0008-GRN-03-300x225.jpg	/api/media/file/P-0008-GRN-03-500x500.jpg	500	500	image/jpeg	9413	P-0008-GRN-03-500x500.jpg	/api/media/file/P-0008-GRN-03-600x450.jpg	600	450	image/jpeg	8616	P-0008-GRN-03-600x450.jpg	/api/media/file/P-0008-GRN-03-900x675.jpg	900	675	image/jpeg	15948	P-0008-GRN-03-900x675.jpg	/api/media/file/P-0008-GRN-03-1400x1051.jpg	1400	1051	image/jpeg	32186	P-0008-GRN-03-1400x1051.jpg	\N	\N	\N	\N	\N	\N	/api/media/file/P-0008-GRN-03-1200x630.jpg	1200	630	image/jpeg	23218	P-0008-GRN-03-1200x630.jpg	https://ik.imagekit.io/raygun/redletterclay/P-0008-GRN-03.jpg
392	\N	\N	\N	2026-03-19 01:03:53.744+00	2026-03-19 01:03:52.825+00	/api/media/file/T-0007-YEL-02.jpg	\N	T-0007-YEL-02.jpg	image/jpeg	508181	1820	1366	50	50	/api/media/file/T-0007-YEL-02-300x225.jpg	300	225	image/jpeg	5403	T-0007-YEL-02-300x225.jpg	/api/media/file/T-0007-YEL-02-500x500.jpg	500	500	image/jpeg	20226	T-0007-YEL-02-500x500.jpg	/api/media/file/T-0007-YEL-02-600x450.jpg	600	450	image/jpeg	17501	T-0007-YEL-02-600x450.jpg	/api/media/file/T-0007-YEL-02-900x675.jpg	900	675	image/jpeg	36072	T-0007-YEL-02-900x675.jpg	/api/media/file/T-0007-YEL-02-1400x1051.jpg	1400	1051	image/jpeg	76507	T-0007-YEL-02-1400x1051.jpg	\N	\N	\N	\N	\N	\N	/api/media/file/T-0007-YEL-02-1200x630.jpg	1200	630	image/jpeg	55909	T-0007-YEL-02-1200x630.jpg	https://ik.imagekit.io/raygun/redletterclay/T-0007-YEL-02.jpg
393	\N	\N	\N	2026-03-19 01:03:54.662+00	2026-03-19 01:03:53.293+00	/api/media/file/T-0007-YEL-03.jpg	\N	T-0007-YEL-03.jpg	image/jpeg	619598	1820	1366	50	50	/api/media/file/T-0007-YEL-03-300x225.jpg	300	225	image/jpeg	6867	T-0007-YEL-03-300x225.jpg	/api/media/file/T-0007-YEL-03-500x500.jpg	500	500	image/jpeg	24439	T-0007-YEL-03-500x500.jpg	/api/media/file/T-0007-YEL-03-600x450.jpg	600	450	image/jpeg	22191	T-0007-YEL-03-600x450.jpg	/api/media/file/T-0007-YEL-03-900x675.jpg	900	675	image/jpeg	45175	T-0007-YEL-03-900x675.jpg	/api/media/file/T-0007-YEL-03-1400x1051.jpg	1400	1051	image/jpeg	94758	T-0007-YEL-03-1400x1051.jpg	\N	\N	\N	\N	\N	\N	/api/media/file/T-0007-YEL-03-1200x630.jpg	1200	630	image/jpeg	68737	T-0007-YEL-03-1200x630.jpg	https://ik.imagekit.io/raygun/redletterclay/T-0007-YEL-03.jpg
475	\N	\N	\N	2026-04-09 03:43:00.702+00	2026-04-09 03:42:58.722+00	/api/media/file/April-2026-Mugs.jpg	\N	April-2026-Mugs.jpg	image/jpeg	295912	2000	1333	50	50	/api/media/file/April-2026-Mugs-300x200.jpg	300	200	image/jpeg	7995	April-2026-Mugs-300x200.jpg	/api/media/file/April-2026-Mugs-500x500.jpg	500	500	image/jpeg	36453	April-2026-Mugs-500x500.jpg	/api/media/file/April-2026-Mugs-600x400.jpg	600	400	image/jpeg	27304	April-2026-Mugs-600x400.jpg	/api/media/file/April-2026-Mugs-900x600.jpg	900	600	image/jpeg	56163	April-2026-Mugs-900x600.jpg	/api/media/file/April-2026-Mugs-1400x933.jpg	1400	933	image/jpeg	120943	April-2026-Mugs-1400x933.jpg	/api/media/file/April-2026-Mugs-1920x1280.jpg	1920	1280	image/jpeg	202957	April-2026-Mugs-1920x1280.jpg	/api/media/file/April-2026-Mugs-1200x630.jpg	1200	630	image/jpeg	90603	April-2026-Mugs-1200x630.jpg	https://ik.imagekit.io/raygun/redletterclay/April-2026-Mugs.jpg
395	\N	\N	\N	2026-03-19 01:19:01.508+00	2026-03-19 01:18:59.801+00	/api/media/file/T-0008-YEL-01.jpg	\N	T-0008-YEL-01.jpg	image/jpeg	642617	1820	1366	50	50	/api/media/file/T-0008-YEL-01-300x225.jpg	300	225	image/jpeg	7389	T-0008-YEL-01-300x225.jpg	/api/media/file/T-0008-YEL-01-500x500.jpg	500	500	image/jpeg	28378	T-0008-YEL-01-500x500.jpg	/api/media/file/T-0008-YEL-01-600x450.jpg	600	450	image/jpeg	24456	T-0008-YEL-01-600x450.jpg	/api/media/file/T-0008-YEL-01-900x675.jpg	900	675	image/jpeg	50496	T-0008-YEL-01-900x675.jpg	/api/media/file/T-0008-YEL-01-1400x1051.jpg	1400	1051	image/jpeg	107497	T-0008-YEL-01-1400x1051.jpg	\N	\N	\N	\N	\N	\N	/api/media/file/T-0008-YEL-01-1200x630.jpg	1200	630	image/jpeg	79694	T-0008-YEL-01-1200x630.jpg	https://ik.imagekit.io/raygun/redletterclay/T-0008-YEL-01.jpg
396	\N	\N	\N	2026-03-19 01:19:02.663+00	2026-03-19 01:19:01.51+00	/api/media/file/T-0008-YEL-02.jpg	\N	T-0008-YEL-02.jpg	image/jpeg	595030	1820	1366	50	50	/api/media/file/T-0008-YEL-02-300x225.jpg	300	225	image/jpeg	6284	T-0008-YEL-02-300x225.jpg	/api/media/file/T-0008-YEL-02-500x500.jpg	500	500	image/jpeg	23857	T-0008-YEL-02-500x500.jpg	/api/media/file/T-0008-YEL-02-600x450.jpg	600	450	image/jpeg	20509	T-0008-YEL-02-600x450.jpg	/api/media/file/T-0008-YEL-02-900x675.jpg	900	675	image/jpeg	42236	T-0008-YEL-02-900x675.jpg	/api/media/file/T-0008-YEL-02-1400x1051.jpg	1400	1051	image/jpeg	90647	T-0008-YEL-02-1400x1051.jpg	\N	\N	\N	\N	\N	\N	/api/media/file/T-0008-YEL-02-1200x630.jpg	1200	630	image/jpeg	65341	T-0008-YEL-02-1200x630.jpg	https://ik.imagekit.io/raygun/redletterclay/T-0008-YEL-02.jpg
397	\N	\N	\N	2026-03-19 01:19:03.473+00	2026-03-19 01:19:02.218+00	/api/media/file/T-0008-YEL-03.jpg	\N	T-0008-YEL-03.jpg	image/jpeg	493359	1820	1366	50	50	/api/media/file/T-0008-YEL-03-300x225.jpg	300	225	image/jpeg	6356	T-0008-YEL-03-300x225.jpg	/api/media/file/T-0008-YEL-03-500x500.jpg	500	500	image/jpeg	22022	T-0008-YEL-03-500x500.jpg	/api/media/file/T-0008-YEL-03-600x450.jpg	600	450	image/jpeg	19291	T-0008-YEL-03-600x450.jpg	/api/media/file/T-0008-YEL-03-900x675.jpg	900	675	image/jpeg	37833	T-0008-YEL-03-900x675.jpg	/api/media/file/T-0008-YEL-03-1400x1051.jpg	1400	1051	image/jpeg	76975	T-0008-YEL-03-1400x1051.jpg	\N	\N	\N	\N	\N	\N	/api/media/file/T-0008-YEL-03-1200x630.jpg	1200	630	image/jpeg	57323	T-0008-YEL-03-1200x630.jpg	https://ik.imagekit.io/raygun/redletterclay/T-0008-YEL-03.jpg
398	\N	\N	\N	2026-03-19 01:19:03.497+00	2026-03-19 01:19:02.733+00	/api/media/file/T-0008-YEL-thumb.jpg	\N	T-0008-YEL-thumb.jpg	image/jpeg	88894	400	400	50	50	/api/media/file/T-0008-YEL-thumb-300x300.jpg	300	300	image/jpeg	7813	T-0008-YEL-thumb-300x300.jpg	\N	\N	\N	\N	\N	\N	\N	\N	\N	\N	\N	\N	\N	\N	\N	\N	\N	\N	\N	\N	\N	\N	\N	\N	\N	\N	\N	\N	\N	\N	\N	\N	\N	\N	\N	\N	https://ik.imagekit.io/raygun/redletterclay/T-0008-YEL-thumb.jpg
400	\N	\N	\N	2026-03-19 01:27:29.938+00	2026-03-19 01:27:28.704+00	/api/media/file/T-0009-WHT-02.jpg	\N	T-0009-WHT-02.jpg	image/jpeg	352644	1820	1366	50	50	/api/media/file/T-0009-WHT-02-300x225.jpg	300	225	image/jpeg	5106	T-0009-WHT-02-300x225.jpg	/api/media/file/T-0009-WHT-02-500x500.jpg	500	500	image/jpeg	17299	T-0009-WHT-02-500x500.jpg	/api/media/file/T-0009-WHT-02-600x450.jpg	600	450	image/jpeg	15119	T-0009-WHT-02-600x450.jpg	/api/media/file/T-0009-WHT-02-900x675.jpg	900	675	image/jpeg	29535	T-0009-WHT-02-900x675.jpg	/api/media/file/T-0009-WHT-02-1400x1051.jpg	1400	1051	image/jpeg	60368	T-0009-WHT-02-1400x1051.jpg	\N	\N	\N	\N	\N	\N	/api/media/file/T-0009-WHT-02-1200x630.jpg	1200	630	image/jpeg	43574	T-0009-WHT-02-1200x630.jpg	https://ik.imagekit.io/raygun/redletterclay/T-0009-WHT-02.jpg
402	\N	\N	\N	2026-03-19 01:29:14.264+00	2026-03-19 01:29:12.9+00	/api/media/file/T-0009-WHT-4.jpg	\N	T-0009-WHT-4.jpg	image/jpeg	392762	1820	1366	50	50	/api/media/file/T-0009-WHT-4-300x225.jpg	300	225	image/jpeg	5732	T-0009-WHT-4-300x225.jpg	/api/media/file/T-0009-WHT-4-500x500.jpg	500	500	image/jpeg	18982	T-0009-WHT-4-500x500.jpg	/api/media/file/T-0009-WHT-4-600x450.jpg	600	450	image/jpeg	16817	T-0009-WHT-4-600x450.jpg	/api/media/file/T-0009-WHT-4-900x675.jpg	900	675	image/jpeg	32154	T-0009-WHT-4-900x675.jpg	/api/media/file/T-0009-WHT-4-1400x1051.jpg	1400	1051	image/jpeg	64624	T-0009-WHT-4-1400x1051.jpg	\N	\N	\N	\N	\N	\N	/api/media/file/T-0009-WHT-4-1200x630.jpg	1200	630	image/jpeg	46815	T-0009-WHT-4-1200x630.jpg	https://ik.imagekit.io/raygun/redletterclay/T-0009-WHT-4.jpg
399	\N	\N	\N	2026-03-19 01:27:27.34+00	2026-03-19 01:27:27.34+00	/api/media/file/T-0009-WHT-01.jpg	\N	T-0009-WHT-01.jpg	image/jpeg	572414	1820	1366	50	50	/api/media/file/T-0009-WHT-01-300x225.jpg	300	225	image/jpeg	6947	T-0009-WHT-01-300x225.jpg	/api/media/file/T-0009-WHT-01-500x500.jpg	500	500	image/jpeg	26323	T-0009-WHT-01-500x500.jpg	/api/media/file/T-0009-WHT-01-600x450.jpg	600	450	image/jpeg	22618	T-0009-WHT-01-600x450.jpg	/api/media/file/T-0009-WHT-01-900x675.jpg	900	675	image/jpeg	46128	T-0009-WHT-01-900x675.jpg	/api/media/file/T-0009-WHT-01-1400x1051.jpg	1400	1051	image/jpeg	97650	T-0009-WHT-01-1400x1051.jpg	\N	\N	\N	\N	\N	\N	/api/media/file/T-0009-WHT-01-1200x630.jpg	1200	630	image/jpeg	72220	T-0009-WHT-01-1200x630.jpg	https://ik.imagekit.io/raygun/redletterclay/T-0009-WHT-01.jpg
404	\N	\N	\N	2026-03-19 01:42:13.301+00	2026-03-19 01:42:12.127+00	/api/media/file/PL-0001-BLU-02.jpg	\N	PL-0001-BLU-02.jpg	image/jpeg	784692	1820	1366	50	50	/api/media/file/PL-0001-BLU-02-300x225.jpg	300	225	image/jpeg	8414	PL-0001-BLU-02-300x225.jpg	/api/media/file/PL-0001-BLU-02-500x500.jpg	500	500	image/jpeg	35056	PL-0001-BLU-02-500x500.jpg	/api/media/file/PL-0001-BLU-02-600x450.jpg	600	450	image/jpeg	30033	PL-0001-BLU-02-600x450.jpg	/api/media/file/PL-0001-BLU-02-900x675.jpg	900	675	image/jpeg	62706	PL-0001-BLU-02-900x675.jpg	/api/media/file/PL-0001-BLU-02-1400x1051.jpg	1400	1051	image/jpeg	134339	PL-0001-BLU-02-1400x1051.jpg	\N	\N	\N	\N	\N	\N	/api/media/file/PL-0001-BLU-02-1200x630.jpg	1200	630	image/jpeg	100112	PL-0001-BLU-02-1200x630.jpg	https://ik.imagekit.io/raygun/redletterclay/PL-0001-BLU-02.jpg
407	\N	\N	\N	2026-03-19 01:59:03.067+00	2026-03-19 01:59:01.749+00	/api/media/file/T-0008-YEL-01-2.jpg	\N	T-0008-YEL-01-2.jpg	image/jpeg	667592	1820	1366	50	50	/api/media/file/T-0008-YEL-01-2-300x225.jpg	300	225	image/jpeg	7568	T-0008-YEL-01-2-300x225.jpg	/api/media/file/T-0008-YEL-01-2-500x500.jpg	500	500	image/jpeg	29601	T-0008-YEL-01-2-500x500.jpg	/api/media/file/T-0008-YEL-01-2-600x450.jpg	600	450	image/jpeg	25431	T-0008-YEL-01-2-600x450.jpg	/api/media/file/T-0008-YEL-01-2-900x675.jpg	900	675	image/jpeg	52362	T-0008-YEL-01-2-900x675.jpg	/api/media/file/T-0008-YEL-01-2-1400x1051.jpg	1400	1051	image/jpeg	110755	T-0008-YEL-01-2-1400x1051.jpg	\N	\N	\N	\N	\N	\N	/api/media/file/T-0008-YEL-01-2-1200x630.jpg	1200	630	image/jpeg	82475	T-0008-YEL-01-2-1200x630.jpg	https://ik.imagekit.io/raygun/redletterclay/T-0008-YEL-01-2.jpg
408	\N	\N	\N	2026-03-19 02:11:56.48+00	2026-03-19 02:11:54.325+00	/api/media/file/M-0029-PUR-01.jpg	\N	M-0029-PUR-01.jpg	image/jpeg	706103	1820	1366	50	50	/api/media/file/M-0029-PUR-01-300x225.jpg	300	225	image/jpeg	8477	M-0029-PUR-01-300x225.jpg	/api/media/file/M-0029-PUR-01-500x500.jpg	500	500	image/jpeg	33979	M-0029-PUR-01-500x500.jpg	/api/media/file/M-0029-PUR-01-600x450.jpg	600	450	image/jpeg	29052	M-0029-PUR-01-600x450.jpg	/api/media/file/M-0029-PUR-01-900x675.jpg	900	675	image/jpeg	58923	M-0029-PUR-01-900x675.jpg	/api/media/file/M-0029-PUR-01-1400x1051.jpg	1400	1051	image/jpeg	122158	M-0029-PUR-01-1400x1051.jpg	\N	\N	\N	\N	\N	\N	/api/media/file/M-0029-PUR-01-1200x630.jpg	1200	630	image/jpeg	86376	M-0029-PUR-01-1200x630.jpg	https://ik.imagekit.io/raygun/redletterclay/M-0029-PUR-01.jpg
410	\N	\N	\N	2026-03-19 02:11:57.719+00	2026-03-19 02:11:56.18+00	/api/media/file/M-0029-PUR-03.jpg	\N	M-0029-PUR-03.jpg	image/jpeg	751077	1820	1366	50	50	/api/media/file/M-0029-PUR-03-300x225.jpg	300	225	image/jpeg	9159	M-0029-PUR-03-300x225.jpg	/api/media/file/M-0029-PUR-03-500x500.jpg	500	500	image/jpeg	36365	M-0029-PUR-03-500x500.jpg	/api/media/file/M-0029-PUR-03-600x450.jpg	600	450	image/jpeg	31121	M-0029-PUR-03-600x450.jpg	/api/media/file/M-0029-PUR-03-900x675.jpg	900	675	image/jpeg	62793	M-0029-PUR-03-900x675.jpg	/api/media/file/M-0029-PUR-03-1400x1051.jpg	1400	1051	image/jpeg	128890	M-0029-PUR-03-1400x1051.jpg	\N	\N	\N	\N	\N	\N	/api/media/file/M-0029-PUR-03-1200x630.jpg	1200	630	image/jpeg	94331	M-0029-PUR-03-1200x630.jpg	https://ik.imagekit.io/raygun/redletterclay/M-0029-PUR-03.jpg
412	\N	\N	\N	2026-03-19 02:28:06.802+00	2026-03-19 02:28:04.409+00	/api/media/file/M-0029-PUR-04.jpg	\N	M-0029-PUR-04.jpg	image/jpeg	804854	1820	1366	50	50	/api/media/file/M-0029-PUR-04-300x225.jpg	300	225	image/jpeg	10419	M-0029-PUR-04-300x225.jpg	/api/media/file/M-0029-PUR-04-500x500.jpg	500	500	image/jpeg	39356	M-0029-PUR-04-500x500.jpg	/api/media/file/M-0029-PUR-04-600x450.jpg	600	450	image/jpeg	34341	M-0029-PUR-04-600x450.jpg	/api/media/file/M-0029-PUR-04-900x675.jpg	900	675	image/jpeg	67459	M-0029-PUR-04-900x675.jpg	/api/media/file/M-0029-PUR-04-1400x1051.jpg	1400	1051	image/jpeg	134775	M-0029-PUR-04-1400x1051.jpg	\N	\N	\N	\N	\N	\N	/api/media/file/M-0029-PUR-04-1200x630.jpg	1200	630	image/jpeg	93555	M-0029-PUR-04-1200x630.jpg	https://ik.imagekit.io/raygun/redletterclay/M-0029-PUR-04.jpg
413	\N	\N	\N	2026-03-19 02:31:51.424+00	2026-03-19 02:31:49.505+00	/api/media/file/M-0030-BRN-01.jpg	\N	M-0030-BRN-01.jpg	image/jpeg	504325	1820	1366	50	50	/api/media/file/M-0030-BRN-01-300x225.jpg	300	225	image/jpeg	6365	M-0030-BRN-01-300x225.jpg	/api/media/file/M-0030-BRN-01-500x500.jpg	500	500	image/jpeg	23498	M-0030-BRN-01-500x500.jpg	/api/media/file/M-0030-BRN-01-600x450.jpg	600	450	image/jpeg	20309	M-0030-BRN-01-600x450.jpg	/api/media/file/M-0030-BRN-01-900x675.jpg	900	675	image/jpeg	40606	M-0030-BRN-01-900x675.jpg	/api/media/file/M-0030-BRN-01-1400x1051.jpg	1400	1051	image/jpeg	84624	M-0030-BRN-01-1400x1051.jpg	\N	\N	\N	\N	\N	\N	/api/media/file/M-0030-BRN-01-1200x630.jpg	1200	630	image/jpeg	56438	M-0030-BRN-01-1200x630.jpg	https://ik.imagekit.io/raygun/redletterclay/M-0030-BRN-01.jpg
414	\N	\N	\N	2026-03-19 02:31:52.512+00	2026-03-19 02:31:51.062+00	/api/media/file/M-0030-BRN-02.jpg	\N	M-0030-BRN-02.jpg	image/jpeg	441030	1820	1366	50	50	/api/media/file/M-0030-BRN-02-300x225.jpg	300	225	image/jpeg	5586	M-0030-BRN-02-300x225.jpg	/api/media/file/M-0030-BRN-02-500x500.jpg	500	500	image/jpeg	20706	M-0030-BRN-02-500x500.jpg	/api/media/file/M-0030-BRN-02-600x450.jpg	600	450	image/jpeg	17947	M-0030-BRN-02-600x450.jpg	/api/media/file/M-0030-BRN-02-900x675.jpg	900	675	image/jpeg	35981	M-0030-BRN-02-900x675.jpg	/api/media/file/M-0030-BRN-02-1400x1051.jpg	1400	1051	image/jpeg	74573	M-0030-BRN-02-1400x1051.jpg	\N	\N	\N	\N	\N	\N	/api/media/file/M-0030-BRN-02-1200x630.jpg	1200	630	image/jpeg	48731	M-0030-BRN-02-1200x630.jpg	https://ik.imagekit.io/raygun/redletterclay/M-0030-BRN-02.jpg
415	\N	\N	\N	2026-03-19 02:31:52.846+00	2026-03-19 02:31:51.955+00	/api/media/file/M-0030-BRN-03.jpg	\N	M-0030-BRN-03.jpg	image/jpeg	756133	1820	1366	50	50	/api/media/file/M-0030-BRN-03-300x225.jpg	300	225	image/jpeg	10410	M-0030-BRN-03-300x225.jpg	/api/media/file/M-0030-BRN-03-500x500.jpg	500	500	image/jpeg	36885	M-0030-BRN-03-500x500.jpg	/api/media/file/M-0030-BRN-03-600x450.jpg	600	450	image/jpeg	32692	M-0030-BRN-03-600x450.jpg	/api/media/file/M-0030-BRN-03-900x675.jpg	900	675	image/jpeg	62884	M-0030-BRN-03-900x675.jpg	/api/media/file/M-0030-BRN-03-1400x1051.jpg	1400	1051	image/jpeg	126898	M-0030-BRN-03-1400x1051.jpg	\N	\N	\N	\N	\N	\N	/api/media/file/M-0030-BRN-03-1200x630.jpg	1200	630	image/jpeg	88709	M-0030-BRN-03-1200x630.jpg	https://ik.imagekit.io/raygun/redletterclay/M-0030-BRN-03.jpg
409	\N	\N	\N	2026-03-19 02:11:55.773+00	2026-03-19 02:11:55.773+00	/api/media/file/M-0029-PUR-02.jpg	\N	M-0029-PUR-02.jpg	image/jpeg	651202	1820	1366	50	50	/api/media/file/M-0029-PUR-02-300x225.jpg	300	225	image/jpeg	7809	M-0029-PUR-02-300x225.jpg	/api/media/file/M-0029-PUR-02-500x500.jpg	500	500	image/jpeg	30976	M-0029-PUR-02-500x500.jpg	/api/media/file/M-0029-PUR-02-600x450.jpg	600	450	image/jpeg	26616	M-0029-PUR-02-600x450.jpg	/api/media/file/M-0029-PUR-02-900x675.jpg	900	675	image/jpeg	53817	M-0029-PUR-02-900x675.jpg	/api/media/file/M-0029-PUR-02-1400x1051.jpg	1400	1051	image/jpeg	111485	M-0029-PUR-02-1400x1051.jpg	\N	\N	\N	\N	\N	\N	/api/media/file/M-0029-PUR-02-1200x630.jpg	1200	630	image/jpeg	76608	M-0029-PUR-02-1200x630.jpg	https://ik.imagekit.io/raygun/redletterclay/M-0029-PUR-02.jpg
416	\N	\N	\N	2026-03-19 02:31:54.183+00	2026-03-19 02:31:53.078+00	/api/media/file/M-0030-BRN-04.jpg	\N	M-0030-BRN-04.jpg	image/jpeg	741949	1820	1366	50	50	/api/media/file/M-0030-BRN-04-300x225.jpg	300	225	image/jpeg	9069	M-0030-BRN-04-300x225.jpg	/api/media/file/M-0030-BRN-04-500x500.jpg	500	500	image/jpeg	33817	M-0030-BRN-04-500x500.jpg	/api/media/file/M-0030-BRN-04-600x450.jpg	600	450	image/jpeg	29159	M-0030-BRN-04-600x450.jpg	/api/media/file/M-0030-BRN-04-900x675.jpg	900	675	image/jpeg	58252	M-0030-BRN-04-900x675.jpg	/api/media/file/M-0030-BRN-04-1400x1051.jpg	1400	1051	image/jpeg	120641	M-0030-BRN-04-1400x1051.jpg	\N	\N	\N	\N	\N	\N	/api/media/file/M-0030-BRN-04-1200x630.jpg	1200	630	image/jpeg	84504	M-0030-BRN-04-1200x630.jpg	https://ik.imagekit.io/raygun/redletterclay/M-0030-BRN-04.jpg
419	\N	\N	\N	2026-03-19 02:40:22.506+00	2026-03-19 02:40:20.924+00	/api/media/file/J-0006-BLU-01.jpg	\N	J-0006-BLU-01.jpg	image/jpeg	213239	2000	1333	50	50	/api/media/file/J-0006-BLU-01-300x200.jpg	300	200	image/jpeg	4796	J-0006-BLU-01-300x200.jpg	/api/media/file/J-0006-BLU-01-500x500.jpg	500	500	image/jpeg	21669	J-0006-BLU-01-500x500.jpg	/api/media/file/J-0006-BLU-01-600x400.jpg	600	400	image/jpeg	15272	J-0006-BLU-01-600x400.jpg	/api/media/file/J-0006-BLU-01-900x600.jpg	900	600	image/jpeg	32015	J-0006-BLU-01-900x600.jpg	/api/media/file/J-0006-BLU-01-1400x933.jpg	1400	933	image/jpeg	72343	J-0006-BLU-01-1400x933.jpg	/api/media/file/J-0006-BLU-01-1920x1280.jpg	1920	1280	image/jpeg	126038	J-0006-BLU-01-1920x1280.jpg	/api/media/file/J-0006-BLU-01-1200x630.jpg	1200	630	image/jpeg	52419	J-0006-BLU-01-1200x630.jpg	https://ik.imagekit.io/raygun/redletterclay/J-0006-BLU-01.jpg
420	\N	\N	\N	2026-03-19 02:40:23.263+00	2026-03-19 02:40:22.509+00	/api/media/file/J-0006-BLU-02.jpg	\N	J-0006-BLU-02.jpg	image/jpeg	252788	2000	1333	50	50	/api/media/file/J-0006-BLU-02-300x200.jpg	300	200	image/jpeg	6448	J-0006-BLU-02-300x200.jpg	/api/media/file/J-0006-BLU-02-500x500.jpg	500	500	image/jpeg	30703	J-0006-BLU-02-500x500.jpg	/api/media/file/J-0006-BLU-02-600x400.jpg	600	400	image/jpeg	21208	J-0006-BLU-02-600x400.jpg	/api/media/file/J-0006-BLU-02-900x600.jpg	900	600	image/jpeg	44604	J-0006-BLU-02-900x600.jpg	/api/media/file/J-0006-BLU-02-1400x933.jpg	1400	933	image/jpeg	100345	J-0006-BLU-02-1400x933.jpg	/api/media/file/J-0006-BLU-02-1920x1280.jpg	1920	1280	image/jpeg	172500	J-0006-BLU-02-1920x1280.jpg	/api/media/file/J-0006-BLU-02-1200x630.jpg	1200	630	image/jpeg	72123	J-0006-BLU-02-1200x630.jpg	https://ik.imagekit.io/raygun/redletterclay/J-0006-BLU-02.jpg
421	\N	\N	\N	2026-03-19 02:40:24.405+00	2026-03-19 02:40:23.229+00	/api/media/file/J-0006-BLU-03.jpg	\N	J-0006-BLU-03.jpg	image/jpeg	273094	2000	1333	50	50	/api/media/file/J-0006-BLU-03-300x200.jpg	300	200	image/jpeg	7338	J-0006-BLU-03-300x200.jpg	/api/media/file/J-0006-BLU-03-500x500.jpg	500	500	image/jpeg	33809	J-0006-BLU-03-500x500.jpg	/api/media/file/J-0006-BLU-03-600x400.jpg	600	400	image/jpeg	24021	J-0006-BLU-03-600x400.jpg	/api/media/file/J-0006-BLU-03-900x600.jpg	900	600	image/jpeg	50331	J-0006-BLU-03-900x600.jpg	/api/media/file/J-0006-BLU-03-1400x933.jpg	1400	933	image/jpeg	111229	J-0006-BLU-03-1400x933.jpg	/api/media/file/J-0006-BLU-03-1920x1280.jpg	1920	1280	image/jpeg	190251	J-0006-BLU-03-1920x1280.jpg	/api/media/file/J-0006-BLU-03-1200x630.jpg	1200	630	image/jpeg	82622	J-0006-BLU-03-1200x630.jpg	https://ik.imagekit.io/raygun/redletterclay/J-0006-BLU-03.jpg
422	\N	\N	\N	2026-03-19 02:46:33.749+00	2026-03-19 02:46:32.454+00	/api/media/file/J-0006-BLU-2.jpg	\N	J-0006-BLU-2.jpg	image/jpeg	213239	2000	1333	50	50	/api/media/file/J-0006-BLU-2-300x200.jpg	300	200	image/jpeg	4796	J-0006-BLU-2-300x200.jpg	/api/media/file/J-0006-BLU-2-500x500.jpg	500	500	image/jpeg	21669	J-0006-BLU-2-500x500.jpg	/api/media/file/J-0006-BLU-2-600x400.jpg	600	400	image/jpeg	15272	J-0006-BLU-2-600x400.jpg	/api/media/file/J-0006-BLU-2-900x600.jpg	900	600	image/jpeg	32015	J-0006-BLU-2-900x600.jpg	/api/media/file/J-0006-BLU-2-1400x933.jpg	1400	933	image/jpeg	72343	J-0006-BLU-2-1400x933.jpg	/api/media/file/J-0006-BLU-2-1920x1280.jpg	1920	1280	image/jpeg	126038	J-0006-BLU-2-1920x1280.jpg	/api/media/file/J-0006-BLU-2-1200x630.jpg	1200	630	image/jpeg	52419	J-0006-BLU-2-1200x630.jpg	https://ik.imagekit.io/raygun/redletterclay/J-0006-BLU-2.jpg
423	\N	\N	\N	2026-03-19 02:46:34.721+00	2026-03-19 02:46:34.007+00	/api/media/file/J-0006-BLU-3.jpg	\N	J-0006-BLU-3.jpg	image/jpeg	252788	2000	1333	50	50	/api/media/file/J-0006-BLU-3-300x200.jpg	300	200	image/jpeg	6448	J-0006-BLU-3-300x200.jpg	/api/media/file/J-0006-BLU-3-500x500.jpg	500	500	image/jpeg	30703	J-0006-BLU-3-500x500.jpg	/api/media/file/J-0006-BLU-3-600x400.jpg	600	400	image/jpeg	21208	J-0006-BLU-3-600x400.jpg	/api/media/file/J-0006-BLU-3-900x600.jpg	900	600	image/jpeg	44604	J-0006-BLU-3-900x600.jpg	/api/media/file/J-0006-BLU-3-1400x933.jpg	1400	933	image/jpeg	100345	J-0006-BLU-3-1400x933.jpg	/api/media/file/J-0006-BLU-3-1920x1280.jpg	1920	1280	image/jpeg	172500	J-0006-BLU-3-1920x1280.jpg	/api/media/file/J-0006-BLU-3-1200x630.jpg	1200	630	image/jpeg	72123	J-0006-BLU-3-1200x630.jpg	https://ik.imagekit.io/raygun/redletterclay/J-0006-BLU-3.jpg
424	\N	\N	\N	2026-03-19 02:46:37.2+00	2026-03-19 02:46:36.357+00	/api/media/file/J-0006-BLU-5.jpg	\N	J-0006-BLU-5.jpg	image/jpeg	224144	2000	1333	50	50	/api/media/file/J-0006-BLU-5-300x200.jpg	300	200	image/jpeg	5234	J-0006-BLU-5-300x200.jpg	/api/media/file/J-0006-BLU-5-500x500.jpg	500	500	image/jpeg	25529	J-0006-BLU-5-500x500.jpg	/api/media/file/J-0006-BLU-5-600x400.jpg	600	400	image/jpeg	17655	J-0006-BLU-5-600x400.jpg	/api/media/file/J-0006-BLU-5-900x600.jpg	900	600	image/jpeg	37782	J-0006-BLU-5-900x600.jpg	/api/media/file/J-0006-BLU-5-1400x933.jpg	1400	933	image/jpeg	87070	J-0006-BLU-5-1400x933.jpg	/api/media/file/J-0006-BLU-5-1920x1280.jpg	1920	1280	image/jpeg	152106	J-0006-BLU-5-1920x1280.jpg	/api/media/file/J-0006-BLU-5-1200x630.jpg	1200	630	image/jpeg	63004	J-0006-BLU-5-1200x630.jpg	https://ik.imagekit.io/raygun/redletterclay/J-0006-BLU-5.jpg
426	\N	\N	\N	2026-03-19 02:48:25.47+00	2026-03-19 02:48:25.47+00	/api/media/file/J-0008-BLU-01-c.jpg	\N	J-0008-BLU-01-c.jpg	image/jpeg	536451	1820	1366	50	50	/api/media/file/J-0008-BLU-01-c-300x225.jpg	300	225	image/jpeg	5982	J-0008-BLU-01-c-300x225.jpg	/api/media/file/J-0008-BLU-01-c-500x500.jpg	500	500	image/jpeg	22895	J-0008-BLU-01-c-500x500.jpg	/api/media/file/J-0008-BLU-01-c-600x450.jpg	600	450	image/jpeg	19699	J-0008-BLU-01-c-600x450.jpg	/api/media/file/J-0008-BLU-01-c-900x675.jpg	900	675	image/jpeg	40629	J-0008-BLU-01-c-900x675.jpg	/api/media/file/J-0008-BLU-01-c-1400x1051.jpg	1400	1051	image/jpeg	88474	J-0008-BLU-01-c-1400x1051.jpg	\N	\N	\N	\N	\N	\N	/api/media/file/J-0008-BLU-01-c-1200x630.jpg	1200	630	image/jpeg	58748	J-0008-BLU-01-c-1200x630.jpg	https://ik.imagekit.io/raygun/redletterclay/J-0008-BLU-01-c.jpg
427	\N	\N	\N	2026-03-19 02:48:27.174+00	2026-03-19 02:48:25.927+00	/api/media/file/J-0008-BLU-02-c.jpg	\N	J-0008-BLU-02-c.jpg	image/jpeg	733921	1820	1366	50	50	/api/media/file/J-0008-BLU-02-c-300x225.jpg	300	225	image/jpeg	8440	J-0008-BLU-02-c-300x225.jpg	/api/media/file/J-0008-BLU-02-c-500x500.jpg	500	500	image/jpeg	32575	J-0008-BLU-02-c-500x500.jpg	/api/media/file/J-0008-BLU-02-c-600x450.jpg	600	450	image/jpeg	27820	J-0008-BLU-02-c-600x450.jpg	/api/media/file/J-0008-BLU-02-c-900x675.jpg	900	675	image/jpeg	57401	J-0008-BLU-02-c-900x675.jpg	/api/media/file/J-0008-BLU-02-c-1400x1051.jpg	1400	1051	image/jpeg	122982	J-0008-BLU-02-c-1400x1051.jpg	\N	\N	\N	\N	\N	\N	/api/media/file/J-0008-BLU-02-c-1200x630.jpg	1200	630	image/jpeg	83561	J-0008-BLU-02-c-1200x630.jpg	https://ik.imagekit.io/raygun/redletterclay/J-0008-BLU-02-c.jpg
428	\N	\N	\N	2026-03-19 02:48:28.017+00	2026-03-19 02:48:26.838+00	/api/media/file/J-0008-BLU-03-c.jpg	\N	J-0008-BLU-03-c.jpg	image/jpeg	874514	1820	1366	50	50	/api/media/file/J-0008-BLU-03-c-300x225.jpg	300	225	image/jpeg	10338	J-0008-BLU-03-c-300x225.jpg	/api/media/file/J-0008-BLU-03-c-500x500.jpg	500	500	image/jpeg	37073	J-0008-BLU-03-c-500x500.jpg	/api/media/file/J-0008-BLU-03-c-600x450.jpg	600	450	image/jpeg	34662	J-0008-BLU-03-c-600x450.jpg	/api/media/file/J-0008-BLU-03-c-900x675.jpg	900	675	image/jpeg	70758	J-0008-BLU-03-c-900x675.jpg	/api/media/file/J-0008-BLU-03-c-1400x1051.jpg	1400	1051	image/jpeg	148486	J-0008-BLU-03-c-1400x1051.jpg	\N	\N	\N	\N	\N	\N	/api/media/file/J-0008-BLU-03-c-1200x630.jpg	1200	630	image/jpeg	105831	J-0008-BLU-03-c-1200x630.jpg	https://ik.imagekit.io/raygun/redletterclay/J-0008-BLU-03-c.jpg
429	\N	\N	\N	2026-03-19 02:51:35.482+00	2026-03-19 02:51:33.793+00	/api/media/file/J-0008-BLU-04-c-1.jpg	\N	J-0008-BLU-04-c-1.jpg	image/jpeg	755365	1820	1366	50	50	/api/media/file/J-0008-BLU-04-c-1-300x225.jpg	300	225	image/jpeg	7803	J-0008-BLU-04-c-1-300x225.jpg	/api/media/file/J-0008-BLU-04-c-1-500x500.jpg	500	500	image/jpeg	31473	J-0008-BLU-04-c-1-500x500.jpg	/api/media/file/J-0008-BLU-04-c-1-600x450.jpg	600	450	image/jpeg	26706	J-0008-BLU-04-c-1-600x450.jpg	/api/media/file/J-0008-BLU-04-c-1-900x675.jpg	900	675	image/jpeg	56255	J-0008-BLU-04-c-1-900x675.jpg	/api/media/file/J-0008-BLU-04-c-1-1400x1051.jpg	1400	1051	image/jpeg	122352	J-0008-BLU-04-c-1-1400x1051.jpg	\N	\N	\N	\N	\N	\N	/api/media/file/J-0008-BLU-04-c-1-1200x630.jpg	1200	630	image/jpeg	82239	J-0008-BLU-04-c-1-1200x630.jpg	https://ik.imagekit.io/raygun/redletterclay/J-0008-BLU-04-c-1.jpg
430	\N	\N	\N	2026-03-19 03:03:35.32+00	2026-03-19 03:03:33.995+00	/api/media/file/J-0007-PUR-01.jpg	\N	J-0007-PUR-01.jpg	image/jpeg	526188	1820	1366	50	50	/api/media/file/J-0007-PUR-01-300x225.jpg	300	225	image/jpeg	6053	J-0007-PUR-01-300x225.jpg	/api/media/file/J-0007-PUR-01-500x500.jpg	500	500	image/jpeg	24004	J-0007-PUR-01-500x500.jpg	/api/media/file/J-0007-PUR-01-600x450.jpg	600	450	image/jpeg	20682	J-0007-PUR-01-600x450.jpg	/api/media/file/J-0007-PUR-01-900x675.jpg	900	675	image/jpeg	42338	J-0007-PUR-01-900x675.jpg	/api/media/file/J-0007-PUR-01-1400x1051.jpg	1400	1051	image/jpeg	90261	J-0007-PUR-01-1400x1051.jpg	\N	\N	\N	\N	\N	\N	/api/media/file/J-0007-PUR-01-1200x630.jpg	1200	630	image/jpeg	59744	J-0007-PUR-01-1200x630.jpg	https://ik.imagekit.io/raygun/redletterclay/J-0007-PUR-01.jpg
431	\N	\N	\N	2026-03-19 03:03:36.379+00	2026-03-19 03:03:35.452+00	/api/media/file/J-0007-PUR-02.jpg	\N	J-0007-PUR-02.jpg	image/jpeg	735489	1820	1366	50	50	/api/media/file/J-0007-PUR-02-300x225.jpg	300	225	image/jpeg	9343	J-0007-PUR-02-300x225.jpg	/api/media/file/J-0007-PUR-02-500x500.jpg	500	500	image/jpeg	36120	J-0007-PUR-02-500x500.jpg	/api/media/file/J-0007-PUR-02-600x450.jpg	600	450	image/jpeg	31130	J-0007-PUR-02-600x450.jpg	/api/media/file/J-0007-PUR-02-900x675.jpg	900	675	image/jpeg	61982	J-0007-PUR-02-900x675.jpg	/api/media/file/J-0007-PUR-02-1400x1051.jpg	1400	1051	image/jpeg	127480	J-0007-PUR-02-1400x1051.jpg	\N	\N	\N	\N	\N	\N	/api/media/file/J-0007-PUR-02-1200x630.jpg	1200	630	image/jpeg	89156	J-0007-PUR-02-1200x630.jpg	https://ik.imagekit.io/raygun/redletterclay/J-0007-PUR-02.jpg
432	\N	\N	\N	2026-03-19 03:03:39.085+00	2026-03-19 03:03:37.78+00	/api/media/file/J-0007-PUR-04.jpg	\N	J-0007-PUR-04.jpg	image/jpeg	805118	1820	1366	50	50	/api/media/file/J-0007-PUR-04-300x225.jpg	300	225	image/jpeg	9411	J-0007-PUR-04-300x225.jpg	/api/media/file/J-0007-PUR-04-500x500.jpg	500	500	image/jpeg	33404	J-0007-PUR-04-500x500.jpg	/api/media/file/J-0007-PUR-04-600x450.jpg	600	450	image/jpeg	31985	J-0007-PUR-04-600x450.jpg	/api/media/file/J-0007-PUR-04-900x675.jpg	900	675	image/jpeg	64411	J-0007-PUR-04-900x675.jpg	/api/media/file/J-0007-PUR-04-1400x1051.jpg	1400	1051	image/jpeg	135210	J-0007-PUR-04-1400x1051.jpg	\N	\N	\N	\N	\N	\N	/api/media/file/J-0007-PUR-04-1200x630.jpg	1200	630	image/jpeg	99605	J-0007-PUR-04-1200x630.jpg	https://ik.imagekit.io/raygun/redletterclay/J-0007-PUR-04.jpg
433	\N	\N	\N	2026-03-19 03:03:39.812+00	2026-03-19 03:03:38.777+00	/api/media/file/J-0007-PUR-thumb.jpg	\N	J-0007-PUR-thumb.jpg	image/jpeg	107453	400	400	50	50	/api/media/file/J-0007-PUR-thumb-300x300.jpg	300	300	image/jpeg	9269	J-0007-PUR-thumb-300x300.jpg	\N	\N	\N	\N	\N	\N	\N	\N	\N	\N	\N	\N	\N	\N	\N	\N	\N	\N	\N	\N	\N	\N	\N	\N	\N	\N	\N	\N	\N	\N	\N	\N	\N	\N	\N	\N	https://ik.imagekit.io/raygun/redletterclay/J-0007-PUR-thumb.jpg
434	\N	\N	\N	2026-03-19 03:05:24.132+00	2026-03-19 03:05:22.666+00	/api/media/file/J-0007-PUR-4.jpg	\N	J-0007-PUR-4.jpg	image/jpeg	911458	1820	1366	50	50	/api/media/file/J-0007-PUR-4-300x225.jpg	300	225	image/jpeg	11422	J-0007-PUR-4-300x225.jpg	/api/media/file/J-0007-PUR-4-500x500.jpg	500	500	image/jpeg	39585	J-0007-PUR-4-500x500.jpg	/api/media/file/J-0007-PUR-4-600x450.jpg	600	450	image/jpeg	38134	J-0007-PUR-4-600x450.jpg	/api/media/file/J-0007-PUR-4-900x675.jpg	900	675	image/jpeg	76248	J-0007-PUR-4-900x675.jpg	/api/media/file/J-0007-PUR-4-1400x1051.jpg	1400	1051	image/jpeg	157472	J-0007-PUR-4-1400x1051.jpg	\N	\N	\N	\N	\N	\N	/api/media/file/J-0007-PUR-4-1200x630.jpg	1200	630	image/jpeg	112236	J-0007-PUR-4-1200x630.jpg	https://ik.imagekit.io/raygun/redletterclay/J-0007-PUR-4.jpg
435	Takeshi Yasuda Video Thumbnail. Click to Play.	\N	\N	2026-03-19 16:28:49.563+00	2026-03-19 16:28:47.928+00	/api/media/file/takeshi-yasuda-youtube-thumb.jpg	\N	takeshi-yasuda-youtube-thumb.jpg	image/jpeg	46522	1280	720	50	50	/api/media/file/takeshi-yasuda-youtube-thumb-300x169.jpg	300	169	image/jpeg	2103	takeshi-yasuda-youtube-thumb-300x169.jpg	/api/media/file/takeshi-yasuda-youtube-thumb-500x500.jpg	500	500	image/jpeg	7610	takeshi-yasuda-youtube-thumb-500x500.jpg	/api/media/file/takeshi-yasuda-youtube-thumb-600x338.jpg	600	338	image/jpeg	5087	takeshi-yasuda-youtube-thumb-600x338.jpg	/api/media/file/takeshi-yasuda-youtube-thumb-900x506.jpg	900	506	image/jpeg	9002	takeshi-yasuda-youtube-thumb-900x506.jpg	\N	\N	\N	\N	\N	\N	\N	\N	\N	\N	\N	\N	/api/media/file/takeshi-yasuda-youtube-thumb-1200x630.jpg	1200	630	image/jpeg	13072	takeshi-yasuda-youtube-thumb-1200x630.jpg	https://ik.imagekit.io/raygun/redletterclay/takeshi-yasuda-youtube-thumb.jpg
379	\N	\N	\N	2026-03-19 00:03:35.748+00	2026-03-19 00:03:35.748+00	/api/media/file/P-0007-GRN-01.jpg	\N	P-0007-GRN-01.jpg	image/jpeg	429135	1820	1366	50	50	/api/media/file/P-0007-GRN-01-300x225.jpg	300	225	image/jpeg	4817	P-0007-GRN-01-300x225.jpg	/api/media/file/P-0007-GRN-01-500x500.jpg	500	500	image/jpeg	18416	P-0007-GRN-01-500x500.jpg	/api/media/file/P-0007-GRN-01-600x450.jpg	600	450	image/jpeg	15760	P-0007-GRN-01-600x450.jpg	/api/media/file/P-0007-GRN-01-900x675.jpg	900	675	image/jpeg	33306	P-0007-GRN-01-900x675.jpg	/api/media/file/P-0007-GRN-01-1400x1051.jpg	1400	1051	image/jpeg	72766	P-0007-GRN-01-1400x1051.jpg	\N	\N	\N	\N	\N	\N	/api/media/file/P-0007-GRN-01-1200x630.jpg	1200	630	image/jpeg	52397	P-0007-GRN-01-1200x630.jpg	https://ik.imagekit.io/raygun/redletterclay/P-0007-GRN-01.jpg
381	\N	\N	\N	2026-03-19 00:03:37.314+00	2026-03-19 00:03:37.314+00	/api/media/file/P-0007-GRN-03.jpg	\N	P-0007-GRN-03.jpg	image/jpeg	454449	1820	1366	50	50	/api/media/file/P-0007-GRN-03-300x225.jpg	300	225	image/jpeg	4990	P-0007-GRN-03-300x225.jpg	/api/media/file/P-0007-GRN-03-500x500.jpg	500	500	image/jpeg	18989	P-0007-GRN-03-500x500.jpg	/api/media/file/P-0007-GRN-03-600x450.jpg	600	450	image/jpeg	16180	P-0007-GRN-03-600x450.jpg	/api/media/file/P-0007-GRN-03-900x675.jpg	900	675	image/jpeg	34053	P-0007-GRN-03-900x675.jpg	/api/media/file/P-0007-GRN-03-1400x1051.jpg	1400	1051	image/jpeg	74444	P-0007-GRN-03-1400x1051.jpg	\N	\N	\N	\N	\N	\N	/api/media/file/P-0007-GRN-03-1200x630.jpg	1200	630	image/jpeg	54189	P-0007-GRN-03-1200x630.jpg	https://ik.imagekit.io/raygun/redletterclay/P-0007-GRN-03.jpg
403	\N	\N	\N	2026-03-19 01:42:10.802+00	2026-03-19 01:42:10.801+00	/api/media/file/PL-0001-BLU-01.jpg	\N	PL-0001-BLU-01.jpg	image/jpeg	785168	1820	1366	50	50	/api/media/file/PL-0001-BLU-01-300x225.jpg	300	225	image/jpeg	8013	PL-0001-BLU-01-300x225.jpg	/api/media/file/PL-0001-BLU-01-500x500.jpg	500	500	image/jpeg	32361	PL-0001-BLU-01-500x500.jpg	/api/media/file/PL-0001-BLU-01-600x450.jpg	600	450	image/jpeg	27743	PL-0001-BLU-01-600x450.jpg	/api/media/file/PL-0001-BLU-01-900x675.jpg	900	675	image/jpeg	59114	PL-0001-BLU-01-900x675.jpg	/api/media/file/PL-0001-BLU-01-1400x1051.jpg	1400	1051	image/jpeg	130194	PL-0001-BLU-01-1400x1051.jpg	\N	\N	\N	\N	\N	\N	/api/media/file/PL-0001-BLU-01-1200x630.jpg	1200	630	image/jpeg	95209	PL-0001-BLU-01-1200x630.jpg	https://ik.imagekit.io/raygun/redletterclay/PL-0001-BLU-01.jpg
436	\N	\N	\N	2026-03-21 01:52:24.482+00	2026-03-21 01:52:22.429+00	/api/media/file/M-0031-GRN-01.jpg	\N	M-0031-GRN-01.jpg	image/jpeg	512267	1820	1366	50	50	/api/media/file/M-0031-GRN-01-300x225.jpg	300	225	image/jpeg	6391	M-0031-GRN-01-300x225.jpg	/api/media/file/M-0031-GRN-01-500x500.jpg	500	500	image/jpeg	23854	M-0031-GRN-01-500x500.jpg	/api/media/file/M-0031-GRN-01-600x450.jpg	600	450	image/jpeg	20520	M-0031-GRN-01-600x450.jpg	/api/media/file/M-0031-GRN-01-900x675.jpg	900	675	image/jpeg	41650	M-0031-GRN-01-900x675.jpg	/api/media/file/M-0031-GRN-01-1400x1051.jpg	1400	1051	image/jpeg	88018	M-0031-GRN-01-1400x1051.jpg	\N	\N	\N	\N	\N	\N	/api/media/file/M-0031-GRN-01-1200x630.jpg	1200	630	image/jpeg	62333	M-0031-GRN-01-1200x630.jpg	https://ik.imagekit.io/raygun/redletterclay/M-0031-GRN-01.jpg
437	\N	\N	\N	2026-03-21 01:52:25.671+00	2026-03-21 01:52:23.938+00	/api/media/file/M-0031-GRN-02.jpg	\N	M-0031-GRN-02.jpg	image/jpeg	426980	1820	1366	50	50	/api/media/file/M-0031-GRN-02-300x225.jpg	300	225	image/jpeg	5317	M-0031-GRN-02-300x225.jpg	/api/media/file/M-0031-GRN-02-500x500.jpg	500	500	image/jpeg	19768	M-0031-GRN-02-500x500.jpg	/api/media/file/M-0031-GRN-02-600x450.jpg	600	450	image/jpeg	17158	M-0031-GRN-02-600x450.jpg	/api/media/file/M-0031-GRN-02-900x675.jpg	900	675	image/jpeg	34243	M-0031-GRN-02-900x675.jpg	/api/media/file/M-0031-GRN-02-1400x1051.jpg	1400	1051	image/jpeg	72897	M-0031-GRN-02-1400x1051.jpg	\N	\N	\N	\N	\N	\N	/api/media/file/M-0031-GRN-02-1200x630.jpg	1200	630	image/jpeg	51543	M-0031-GRN-02-1200x630.jpg	https://ik.imagekit.io/raygun/redletterclay/M-0031-GRN-02.jpg
438	\N	\N	\N	2026-03-21 01:52:26.377+00	2026-03-21 01:52:25.602+00	/api/media/file/M-0031-GRN-04.jpg	\N	M-0031-GRN-04.jpg	image/jpeg	765053	1820	1366	50	50	/api/media/file/M-0031-GRN-04-300x225.jpg	300	225	image/jpeg	8948	M-0031-GRN-04-300x225.jpg	/api/media/file/M-0031-GRN-04-500x500.jpg	500	500	image/jpeg	35181	M-0031-GRN-04-500x500.jpg	/api/media/file/M-0031-GRN-04-600x450.jpg	600	450	image/jpeg	30128	M-0031-GRN-04-600x450.jpg	/api/media/file/M-0031-GRN-04-900x675.jpg	900	675	image/jpeg	61210	M-0031-GRN-04-900x675.jpg	/api/media/file/M-0031-GRN-04-1400x1051.jpg	1400	1051	image/jpeg	127310	M-0031-GRN-04-1400x1051.jpg	\N	\N	\N	\N	\N	\N	/api/media/file/M-0031-GRN-04-1200x630.jpg	1200	630	image/jpeg	91574	M-0031-GRN-04-1200x630.jpg	https://ik.imagekit.io/raygun/redletterclay/M-0031-GRN-04.jpg
440	\N	\N	\N	2026-03-21 01:54:15.899+00	2026-03-21 01:54:14.534+00	/api/media/file/M-0031-GRN-4.jpg	\N	M-0031-GRN-4.jpg	image/jpeg	629647	1820	1366	50	50	/api/media/file/M-0031-GRN-4-300x225.jpg	300	225	image/jpeg	7843	M-0031-GRN-4-300x225.jpg	/api/media/file/M-0031-GRN-4-500x500.jpg	500	500	image/jpeg	29167	M-0031-GRN-4-500x500.jpg	/api/media/file/M-0031-GRN-4-600x450.jpg	600	450	image/jpeg	24937	M-0031-GRN-4-600x450.jpg	/api/media/file/M-0031-GRN-4-900x675.jpg	900	675	image/jpeg	50304	M-0031-GRN-4-900x675.jpg	/api/media/file/M-0031-GRN-4-1400x1051.jpg	1400	1051	image/jpeg	105815	M-0031-GRN-4-1400x1051.jpg	\N	\N	\N	\N	\N	\N	/api/media/file/M-0031-GRN-4-1200x630.jpg	1200	630	image/jpeg	76165	M-0031-GRN-4-1200x630.jpg	https://ik.imagekit.io/raygun/redletterclay/M-0031-GRN-4.jpg
441	\N	\N	\N	2026-03-21 02:05:08.833+00	2026-03-21 02:05:07.178+00	/api/media/file/M-0032-WHT-01.jpg	\N	M-0032-WHT-01.jpg	image/jpeg	527976	1820	1366	50	50	/api/media/file/M-0032-WHT-01-300x225.jpg	300	225	image/jpeg	6519	M-0032-WHT-01-300x225.jpg	/api/media/file/M-0032-WHT-01-500x500.jpg	500	500	image/jpeg	25761	M-0032-WHT-01-500x500.jpg	/api/media/file/M-0032-WHT-01-600x450.jpg	600	450	image/jpeg	22313	M-0032-WHT-01-600x450.jpg	/api/media/file/M-0032-WHT-01-900x675.jpg	900	675	image/jpeg	43283	M-0032-WHT-01-900x675.jpg	/api/media/file/M-0032-WHT-01-1400x1051.jpg	1400	1051	image/jpeg	84911	M-0032-WHT-01-1400x1051.jpg	\N	\N	\N	\N	\N	\N	/api/media/file/M-0032-WHT-01-1200x630.jpg	1200	630	image/jpeg	61351	M-0032-WHT-01-1200x630.jpg	https://ik.imagekit.io/raygun/redletterclay/M-0032-WHT-01.jpg
444	\N	\N	\N	2026-03-21 02:05:11.191+00	2026-03-21 02:05:10.186+00	/api/media/file/M-0032-WHT-04.jpg	\N	M-0032-WHT-04.jpg	image/jpeg	646983	1820	1366	50	50	/api/media/file/M-0032-WHT-04-300x225.jpg	300	225	image/jpeg	7541	M-0032-WHT-04-300x225.jpg	/api/media/file/M-0032-WHT-04-500x500.jpg	500	500	image/jpeg	30053	M-0032-WHT-04-500x500.jpg	/api/media/file/M-0032-WHT-04-600x450.jpg	600	450	image/jpeg	25834	M-0032-WHT-04-600x450.jpg	/api/media/file/M-0032-WHT-04-900x675.jpg	900	675	image/jpeg	51110	M-0032-WHT-04-900x675.jpg	/api/media/file/M-0032-WHT-04-1400x1051.jpg	1400	1051	image/jpeg	102633	M-0032-WHT-04-1400x1051.jpg	\N	\N	\N	\N	\N	\N	/api/media/file/M-0032-WHT-04-1200x630.jpg	1200	630	image/jpeg	73323	M-0032-WHT-04-1200x630.jpg	https://ik.imagekit.io/raygun/redletterclay/M-0032-WHT-04.jpg
445	\N	\N	\N	2026-03-21 02:05:11.544+00	2026-03-21 02:05:10.795+00	/api/media/file/M-0032-WHT-thumb.jpg	\N	M-0032-WHT-thumb.jpg	image/jpeg	116625	400	400	50	50	/api/media/file/M-0032-WHT-thumb-300x300.jpg	300	300	image/jpeg	9425	M-0032-WHT-thumb-300x300.jpg	\N	\N	\N	\N	\N	\N	\N	\N	\N	\N	\N	\N	\N	\N	\N	\N	\N	\N	\N	\N	\N	\N	\N	\N	\N	\N	\N	\N	\N	\N	\N	\N	\N	\N	\N	\N	https://ik.imagekit.io/raygun/redletterclay/M-0032-WHT-thumb.jpg
442	\N	\N	\N	2026-03-21 02:05:10.377+00	2026-03-21 02:05:08.657+00	/api/media/file/M-0032-WHT-02.jpg	\N	M-0032-WHT-02.jpg	image/jpeg	543736	1820	1366	50	50	/api/media/file/M-0032-WHT-02-300x225.jpg	300	225	image/jpeg	6485	M-0032-WHT-02-300x225.jpg	/api/media/file/M-0032-WHT-02-500x500.jpg	500	500	image/jpeg	26304	M-0032-WHT-02-500x500.jpg	/api/media/file/M-0032-WHT-02-600x450.jpg	600	450	image/jpeg	22743	M-0032-WHT-02-600x450.jpg	/api/media/file/M-0032-WHT-02-900x675.jpg	900	675	image/jpeg	44377	M-0032-WHT-02-900x675.jpg	/api/media/file/M-0032-WHT-02-1400x1051.jpg	1400	1051	image/jpeg	87512	M-0032-WHT-02-1400x1051.jpg	\N	\N	\N	\N	\N	\N	/api/media/file/M-0032-WHT-02-1200x630.jpg	1200	630	image/jpeg	58423	M-0032-WHT-02-1200x630.jpg	https://ik.imagekit.io/raygun/redletterclay/M-0032-WHT-02.jpg
443	\N	\N	\N	2026-03-21 02:05:11.299+00	2026-03-21 02:05:09.526+00	/api/media/file/M-0032-WHT-03.jpg	\N	M-0032-WHT-03.jpg	image/jpeg	606180	1820	1366	50	50	/api/media/file/M-0032-WHT-03-300x225.jpg	300	225	image/jpeg	7757	M-0032-WHT-03-300x225.jpg	/api/media/file/M-0032-WHT-03-500x500.jpg	500	500	image/jpeg	29287	M-0032-WHT-03-500x500.jpg	/api/media/file/M-0032-WHT-03-600x450.jpg	600	450	image/jpeg	25293	M-0032-WHT-03-600x450.jpg	/api/media/file/M-0032-WHT-03-900x675.jpg	900	675	image/jpeg	48884	M-0032-WHT-03-900x675.jpg	/api/media/file/M-0032-WHT-03-1400x1051.jpg	1400	1051	image/jpeg	96856	M-0032-WHT-03-1400x1051.jpg	\N	\N	\N	\N	\N	\N	/api/media/file/M-0032-WHT-03-1200x630.jpg	1200	630	image/jpeg	69515	M-0032-WHT-03-1200x630.jpg	https://ik.imagekit.io/raygun/redletterclay/M-0032-WHT-03.jpg
454	\N	\N	\N	2026-03-21 03:29:48.662+00	2026-03-21 02:38:35.521+00	/api/media/file/M-0044-BLU-thumb.jpg	/api/media/file/M-0044-BLU-thumb-300x300.jpg	M-0044-BLU-thumb.jpg	image/jpeg	71731	400	400	50	50	/api/media/file/M-0044-BLU-thumb-300x300.jpg	300	300	image/jpeg	6722	M-0044-BLU-thumb-300x300.jpg	\N	\N	\N	\N	\N	\N	\N	\N	\N	\N	\N	\N	\N	\N	\N	\N	\N	\N	\N	\N	\N	\N	\N	\N	\N	\N	\N	\N	\N	\N	\N	\N	\N	\N	\N	\N	https://ik.imagekit.io/raygun/redletterclay/M-0044-BLU-thumb.jpg
450	\N	\N	\N	2026-03-21 02:24:19.478+00	2026-03-21 02:24:18.18+00	/api/media/file/M-0033-PUR-04.jpg	\N	M-0033-PUR-04.jpg	image/jpeg	914466	1820	1366	50	50	/api/media/file/M-0033-PUR-04-300x225.jpg	300	225	image/jpeg	10852	M-0033-PUR-04-300x225.jpg	/api/media/file/M-0033-PUR-04-500x500.jpg	500	500	image/jpeg	44006	M-0033-PUR-04-500x500.jpg	/api/media/file/M-0033-PUR-04-600x450.jpg	600	450	image/jpeg	37729	M-0033-PUR-04-600x450.jpg	/api/media/file/M-0033-PUR-04-900x675.jpg	900	675	image/jpeg	75801	M-0033-PUR-04-900x675.jpg	/api/media/file/M-0033-PUR-04-1400x1051.jpg	1400	1051	image/jpeg	156698	M-0033-PUR-04-1400x1051.jpg	\N	\N	\N	\N	\N	\N	/api/media/file/M-0033-PUR-04-1200x630.jpg	1200	630	image/jpeg	108620	M-0033-PUR-04-1200x630.jpg	https://ik.imagekit.io/raygun/redletterclay/M-0033-PUR-04.jpg
449	\N	\N	\N	2026-03-21 03:29:50.604+00	2026-03-21 02:24:17.075+00	/api/media/file/M-0033-PUR-03.jpg	/api/media/file/M-0033-PUR-03-300x225.jpg	M-0033-PUR-03.jpg	image/jpeg	863672	1820	1366	50	50	/api/media/file/M-0033-PUR-03-300x225.jpg	300	225	image/jpeg	10386	M-0033-PUR-03-300x225.jpg	/api/media/file/M-0033-PUR-03-500x500.jpg	500	500	image/jpeg	40470	M-0033-PUR-03-500x500.jpg	/api/media/file/M-0033-PUR-03-600x450.jpg	600	450	image/jpeg	35050	M-0033-PUR-03-600x450.jpg	/api/media/file/M-0033-PUR-03-900x675.jpg	900	675	image/jpeg	69943	M-0033-PUR-03-900x675.jpg	/api/media/file/M-0033-PUR-03-1400x1051.jpg	1400	1051	image/jpeg	144822	M-0033-PUR-03-1400x1051.jpg	\N	\N	\N	\N	\N	\N	/api/media/file/M-0033-PUR-03-1200x630.jpg	1200	630	image/jpeg	100328	M-0033-PUR-03-1200x630.jpg	https://ik.imagekit.io/raygun/redletterclay/M-0033-PUR-03.jpg
452	\N	\N	\N	2026-03-21 02:38:34.067+00	2026-03-21 02:38:32.517+00	/api/media/file/M-0044-BLU-02.jpg	\N	M-0044-BLU-02.jpg	image/jpeg	516421	1820	1366	50	50	/api/media/file/M-0044-BLU-02-300x225.jpg	300	225	image/jpeg	6647	M-0044-BLU-02-300x225.jpg	/api/media/file/M-0044-BLU-02-500x500.jpg	500	500	image/jpeg	23726	M-0044-BLU-02-500x500.jpg	/api/media/file/M-0044-BLU-02-600x450.jpg	600	450	image/jpeg	20620	M-0044-BLU-02-600x450.jpg	/api/media/file/M-0044-BLU-02-900x675.jpg	900	675	image/jpeg	40822	M-0044-BLU-02-900x675.jpg	/api/media/file/M-0044-BLU-02-1400x1051.jpg	1400	1051	image/jpeg	84444	M-0044-BLU-02-1400x1051.jpg	\N	\N	\N	\N	\N	\N	/api/media/file/M-0044-BLU-02-1200x630.jpg	1200	630	image/jpeg	56510	M-0044-BLU-02-1200x630.jpg	https://ik.imagekit.io/raygun/redletterclay/M-0044-BLU-02.jpg
448	\N	\N	\N	2026-03-21 03:29:51.547+00	2026-03-21 02:24:16.342+00	/api/media/file/M-0033-PUR-02.jpg	/api/media/file/M-0033-PUR-02-300x225.jpg	M-0033-PUR-02.jpg	image/jpeg	613715	1820	1366	50	50	/api/media/file/M-0033-PUR-02-300x225.jpg	300	225	image/jpeg	7168	M-0033-PUR-02-300x225.jpg	/api/media/file/M-0033-PUR-02-500x500.jpg	500	500	image/jpeg	29631	M-0033-PUR-02-500x500.jpg	/api/media/file/M-0033-PUR-02-600x450.jpg	600	450	image/jpeg	25347	M-0033-PUR-02-600x450.jpg	/api/media/file/M-0033-PUR-02-900x675.jpg	900	675	image/jpeg	51478	M-0033-PUR-02-900x675.jpg	/api/media/file/M-0033-PUR-02-1400x1051.jpg	1400	1051	image/jpeg	106851	M-0033-PUR-02-1400x1051.jpg	\N	\N	\N	\N	\N	\N	/api/media/file/M-0033-PUR-02-1200x630.jpg	1200	630	image/jpeg	72975	M-0033-PUR-02-1200x630.jpg	https://ik.imagekit.io/raygun/redletterclay/M-0033-PUR-02.jpg
453	\N	\N	\N	2026-03-21 02:38:36.021+00	2026-03-21 02:38:34.798+00	/api/media/file/M-0044-BLU-04.jpg	\N	M-0044-BLU-04.jpg	image/jpeg	612520	1820	1366	50	50	/api/media/file/M-0044-BLU-04-300x225.jpg	300	225	image/jpeg	7581	M-0044-BLU-04-300x225.jpg	/api/media/file/M-0044-BLU-04-500x500.jpg	500	500	image/jpeg	28709	M-0044-BLU-04-500x500.jpg	/api/media/file/M-0044-BLU-04-600x450.jpg	600	450	image/jpeg	24691	M-0044-BLU-04-600x450.jpg	/api/media/file/M-0044-BLU-04-900x675.jpg	900	675	image/jpeg	49574	M-0044-BLU-04-900x675.jpg	/api/media/file/M-0044-BLU-04-1400x1051.jpg	1400	1051	image/jpeg	101557	M-0044-BLU-04-1400x1051.jpg	\N	\N	\N	\N	\N	\N	/api/media/file/M-0044-BLU-04-1200x630.jpg	1200	630	image/jpeg	73052	M-0044-BLU-04-1200x630.jpg	https://ik.imagekit.io/raygun/redletterclay/M-0044-BLU-04.jpg
476	\N	\N	\N	2026-04-09 03:52:56.893+00	2026-04-09 03:52:54.646+00	/api/media/file/M-0036-PUR-2.jpg	\N	M-0036-PUR-2.jpg	image/jpeg	658498	1820	1366	50	50	/api/media/file/M-0036-PUR-2-300x225.jpg	300	225	image/jpeg	8136	M-0036-PUR-2-300x225.jpg	/api/media/file/M-0036-PUR-2-500x500.jpg	500	500	image/jpeg	33184	M-0036-PUR-2-500x500.jpg	/api/media/file/M-0036-PUR-2-600x450.jpg	600	450	image/jpeg	28317	M-0036-PUR-2-600x450.jpg	/api/media/file/M-0036-PUR-2-900x675.jpg	900	675	image/jpeg	56911	M-0036-PUR-2-900x675.jpg	/api/media/file/M-0036-PUR-2-1400x1051.jpg	1400	1051	image/jpeg	116161	M-0036-PUR-2-1400x1051.jpg	\N	\N	\N	\N	\N	\N	/api/media/file/M-0036-PUR-2-1200x630.jpg	1200	630	image/jpeg	85489	M-0036-PUR-2-1200x630.jpg	https://ik.imagekit.io/raygun/redletterclay/M-0036-PUR-2.jpg
455	\N	\N	\N	2026-03-21 02:40:15.765+00	2026-03-21 02:40:14.258+00	/api/media/file/M-0044-BLU-4.jpg	\N	M-0044-BLU-4.jpg	image/jpeg	676003	1820	1366	50	50	/api/media/file/M-0044-BLU-4-300x225.jpg	300	225	image/jpeg	8034	M-0044-BLU-4-300x225.jpg	/api/media/file/M-0044-BLU-4-500x500.jpg	500	500	image/jpeg	30226	M-0044-BLU-4-500x500.jpg	/api/media/file/M-0044-BLU-4-600x450.jpg	600	450	image/jpeg	26071	M-0044-BLU-4-600x450.jpg	/api/media/file/M-0044-BLU-4-900x675.jpg	900	675	image/jpeg	53181	M-0044-BLU-4-900x675.jpg	/api/media/file/M-0044-BLU-4-1400x1051.jpg	1400	1051	image/jpeg	111191	M-0044-BLU-4-1400x1051.jpg	\N	\N	\N	\N	\N	\N	/api/media/file/M-0044-BLU-4-1200x630.jpg	1200	630	image/jpeg	75088	M-0044-BLU-4-1200x630.jpg	https://ik.imagekit.io/raygun/redletterclay/M-0044-BLU-4.jpg
477	\N	\N	\N	2026-04-09 03:52:59.232+00	2026-04-09 03:52:55.57+00	/api/media/file/M-0036-PUR-02.jpg	\N	M-0036-PUR-02.jpg	image/jpeg	581962	1820	1366	50	50	/api/media/file/M-0036-PUR-02-300x225.jpg	300	225	image/jpeg	7245	M-0036-PUR-02-300x225.jpg	/api/media/file/M-0036-PUR-02-500x500.jpg	500	500	image/jpeg	29338	M-0036-PUR-02-500x500.jpg	/api/media/file/M-0036-PUR-02-600x450.jpg	600	450	image/jpeg	25126	M-0036-PUR-02-600x450.jpg	/api/media/file/M-0036-PUR-02-900x675.jpg	900	675	image/jpeg	49972	M-0036-PUR-02-900x675.jpg	/api/media/file/M-0036-PUR-02-1400x1051.jpg	1400	1051	image/jpeg	101935	M-0036-PUR-02-1400x1051.jpg	\N	\N	\N	\N	\N	\N	/api/media/file/M-0036-PUR-02-1200x630.jpg	1200	630	image/jpeg	74845	M-0036-PUR-02-1200x630.jpg	https://ik.imagekit.io/raygun/redletterclay/M-0036-PUR-02.jpg
456	\N	\N	\N	2026-03-21 02:44:02.905+00	2026-03-21 02:44:00.91+00	/api/media/file/cortado-latte-mugs-cookies.jpeg	\N	cortado-latte-mugs-cookies.jpeg	image/jpeg	2105763	3667	2750	50	50	/api/media/file/cortado-latte-mugs-cookies-300x225.jpg	300	225	image/jpeg	16352	cortado-latte-mugs-cookies-300x225.jpg	/api/media/file/cortado-latte-mugs-cookies-500x500.jpg	500	500	image/jpeg	54285	cortado-latte-mugs-cookies-500x500.jpg	/api/media/file/cortado-latte-mugs-cookies-600x450.jpg	600	450	image/jpeg	58934	cortado-latte-mugs-cookies-600x450.jpg	/api/media/file/cortado-latte-mugs-cookies-900x675.jpg	900	675	image/jpeg	122708	cortado-latte-mugs-cookies-900x675.jpg	/api/media/file/cortado-latte-mugs-cookies-1400x1050.jpg	1400	1050	image/jpeg	264885	cortado-latte-mugs-cookies-1400x1050.jpg	/api/media/file/cortado-latte-mugs-cookies-1920x1440.jpg	1920	1440	image/jpeg	445626	cortado-latte-mugs-cookies-1920x1440.jpg	/api/media/file/cortado-latte-mugs-cookies-1200x630.jpg	1200	630	image/jpeg	141567	cortado-latte-mugs-cookies-1200x630.jpg	https://ik.imagekit.io/raygun/redletterclay/cortado-latte-mugs-cookies.jpeg
487	\N	\N	\N	2026-04-09 04:10:46.075+00	2026-04-09 04:10:42.615+00	/api/media/file/M-0038-WHT-02.jpg	\N	M-0038-WHT-02.jpg	image/jpeg	508181	1820	1366	50	50	/api/media/file/M-0038-WHT-02-300x225.jpg	300	225	image/jpeg	6388	M-0038-WHT-02-300x225.jpg	/api/media/file/M-0038-WHT-02-500x500.jpg	500	500	image/jpeg	25021	M-0038-WHT-02-500x500.jpg	/api/media/file/M-0038-WHT-02-600x450.jpg	600	450	image/jpeg	21794	M-0038-WHT-02-600x450.jpg	/api/media/file/M-0038-WHT-02-900x675.jpg	900	675	image/jpeg	42471	M-0038-WHT-02-900x675.jpg	/api/media/file/M-0038-WHT-02-1400x1051.jpg	1400	1051	image/jpeg	83158	M-0038-WHT-02-1400x1051.jpg	\N	\N	\N	\N	\N	\N	/api/media/file/M-0038-WHT-02-1200x630.jpg	1200	630	image/jpeg	56306	M-0038-WHT-02-1200x630.jpg	https://ik.imagekit.io/raygun/redletterclay/M-0038-WHT-02.jpg
457	\N	\N	\N	2026-03-21 03:09:01.762+00	2026-03-21 03:08:59.282+00	/api/media/file/M-0035-BLU-01.jpg	\N	M-0035-BLU-01.jpg	image/jpeg	468637	1820	1366	50	50	/api/media/file/M-0035-BLU-01-300x225.jpg	300	225	image/jpeg	6138	M-0035-BLU-01-300x225.jpg	/api/media/file/M-0035-BLU-01-500x500.jpg	500	500	image/jpeg	21482	M-0035-BLU-01-500x500.jpg	/api/media/file/M-0035-BLU-01-600x450.jpg	600	450	image/jpeg	18863	M-0035-BLU-01-600x450.jpg	/api/media/file/M-0035-BLU-01-900x675.jpg	900	675	image/jpeg	37224	M-0035-BLU-01-900x675.jpg	/api/media/file/M-0035-BLU-01-1400x1051.jpg	1400	1051	image/jpeg	77039	M-0035-BLU-01-1400x1051.jpg	\N	\N	\N	\N	\N	\N	/api/media/file/M-0035-BLU-01-1200x630.jpg	1200	630	image/jpeg	54516	M-0035-BLU-01-1200x630.jpg	https://ik.imagekit.io/raygun/redletterclay/M-0035-BLU-01.jpg
458	\N	\N	\N	2026-03-21 03:09:02.774+00	2026-03-21 03:09:01.779+00	/api/media/file/M-0035-BLU-02.jpg	\N	M-0035-BLU-02.jpg	image/jpeg	516644	1820	1366	50	50	/api/media/file/M-0035-BLU-02-300x225.jpg	300	225	image/jpeg	6497	M-0035-BLU-02-300x225.jpg	/api/media/file/M-0035-BLU-02-500x500.jpg	500	500	image/jpeg	23263	M-0035-BLU-02-500x500.jpg	/api/media/file/M-0035-BLU-02-600x450.jpg	600	450	image/jpeg	20175	M-0035-BLU-02-600x450.jpg	/api/media/file/M-0035-BLU-02-900x675.jpg	900	675	image/jpeg	40310	M-0035-BLU-02-900x675.jpg	/api/media/file/M-0035-BLU-02-1400x1051.jpg	1400	1051	image/jpeg	84423	M-0035-BLU-02-1400x1051.jpg	\N	\N	\N	\N	\N	\N	/api/media/file/M-0035-BLU-02-1200x630.jpg	1200	630	image/jpeg	61483	M-0035-BLU-02-1200x630.jpg	https://ik.imagekit.io/raygun/redletterclay/M-0035-BLU-02.jpg
488	\N	\N	\N	2026-04-09 04:11:03.874+00	2026-04-09 04:11:02.36+00	/api/media/file/M-0038-WHT-thumb-1.jpg	\N	M-0038-WHT-thumb-1.jpg	image/jpeg	132515	400	400	50	50	/api/media/file/M-0038-WHT-thumb-1-300x300.jpg	300	300	image/jpeg	10752	M-0038-WHT-thumb-1-300x300.jpg	\N	\N	\N	\N	\N	\N	\N	\N	\N	\N	\N	\N	\N	\N	\N	\N	\N	\N	\N	\N	\N	\N	\N	\N	\N	\N	\N	\N	\N	\N	\N	\N	\N	\N	\N	\N	https://ik.imagekit.io/raygun/redletterclay/M-0038-WHT-thumb-1.jpg
459	\N	\N	\N	2026-03-21 03:09:04.392+00	2026-03-21 03:09:02.695+00	/api/media/file/M-0035-BLU-03.jpg	\N	M-0035-BLU-03.jpg	image/jpeg	557008	1820	1366	50	50	/api/media/file/M-0035-BLU-03-300x225.jpg	300	225	image/jpeg	6664	M-0035-BLU-03-300x225.jpg	/api/media/file/M-0035-BLU-03-500x500.jpg	500	500	image/jpeg	25019	M-0035-BLU-03-500x500.jpg	/api/media/file/M-0035-BLU-03-600x450.jpg	600	450	image/jpeg	21534	M-0035-BLU-03-600x450.jpg	/api/media/file/M-0035-BLU-03-900x675.jpg	900	675	image/jpeg	43632	M-0035-BLU-03-900x675.jpg	/api/media/file/M-0035-BLU-03-1400x1051.jpg	1400	1051	image/jpeg	92023	M-0035-BLU-03-1400x1051.jpg	\N	\N	\N	\N	\N	\N	/api/media/file/M-0035-BLU-03-1200x630.jpg	1200	630	image/jpeg	64078	M-0035-BLU-03-1200x630.jpg	https://ik.imagekit.io/raygun/redletterclay/M-0035-BLU-03.jpg
492	\N	\N	\N	2026-04-09 04:18:36.171+00	2026-04-09 04:18:34.061+00	/api/media/file/M-0039-GRN-01.jpg	\N	M-0039-GRN-01.jpg	image/jpeg	573370	1820	1366	50	50	/api/media/file/M-0039-GRN-01-300x225.jpg	300	225	image/jpeg	7362	M-0039-GRN-01-300x225.jpg	/api/media/file/M-0039-GRN-01-500x500.jpg	500	500	image/jpeg	27544	M-0039-GRN-01-500x500.jpg	/api/media/file/M-0039-GRN-01-600x450.jpg	600	450	image/jpeg	23866	M-0039-GRN-01-600x450.jpg	/api/media/file/M-0039-GRN-01-900x675.jpg	900	675	image/jpeg	47584	M-0039-GRN-01-900x675.jpg	/api/media/file/M-0039-GRN-01-1400x1051.jpg	1400	1051	image/jpeg	97817	M-0039-GRN-01-1400x1051.jpg	\N	\N	\N	\N	\N	\N	/api/media/file/M-0039-GRN-01-1200x630.jpg	1200	630	image/jpeg	68511	M-0039-GRN-01-1200x630.jpg	https://ik.imagekit.io/raygun/redletterclay/M-0039-GRN-01.jpg
460	\N	\N	\N	2026-03-21 03:09:05.399+00	2026-03-21 03:09:03.6+00	/api/media/file/M-0035-BLU-04.jpg	\N	M-0035-BLU-04.jpg	image/jpeg	669523	1820	1366	50	50	/api/media/file/M-0035-BLU-04-300x225.jpg	300	225	image/jpeg	8224	M-0035-BLU-04-300x225.jpg	/api/media/file/M-0035-BLU-04-500x500.jpg	500	500	image/jpeg	30668	M-0035-BLU-04-500x500.jpg	/api/media/file/M-0035-BLU-04-600x450.jpg	600	450	image/jpeg	26529	M-0035-BLU-04-600x450.jpg	/api/media/file/M-0035-BLU-04-900x675.jpg	900	675	image/jpeg	53348	M-0035-BLU-04-900x675.jpg	/api/media/file/M-0035-BLU-04-1400x1051.jpg	1400	1051	image/jpeg	109420	M-0035-BLU-04-1400x1051.jpg	\N	\N	\N	\N	\N	\N	/api/media/file/M-0035-BLU-04-1200x630.jpg	1200	630	image/jpeg	76426	M-0035-BLU-04-1200x630.jpg	https://ik.imagekit.io/raygun/redletterclay/M-0035-BLU-04.jpg
461	\N	\N	\N	2026-03-21 03:09:05.931+00	2026-03-21 03:09:04.471+00	/api/media/file/M-0035-BLU-thumb.jpg	\N	M-0035-BLU-thumb.jpg	image/jpeg	70526	400	400	50	50	/api/media/file/M-0035-BLU-thumb-300x300.jpg	300	300	image/jpeg	6600	M-0035-BLU-thumb-300x300.jpg	\N	\N	\N	\N	\N	\N	\N	\N	\N	\N	\N	\N	\N	\N	\N	\N	\N	\N	\N	\N	\N	\N	\N	\N	\N	\N	\N	\N	\N	\N	\N	\N	\N	\N	\N	\N	https://ik.imagekit.io/raygun/redletterclay/M-0035-BLU-thumb.jpg
500	\N	\N	\N	2026-04-09 04:30:23.752+00	2026-04-09 04:30:21.669+00	/api/media/file/M-0040-PNK-01.jpg	\N	M-0040-PNK-01.jpg	image/jpeg	496721	1820	1366	50	50	/api/media/file/M-0040-PNK-01-300x225.jpg	300	225	image/jpeg	6459	M-0040-PNK-01-300x225.jpg	/api/media/file/M-0040-PNK-01-500x500.jpg	500	500	image/jpeg	23821	M-0040-PNK-01-500x500.jpg	/api/media/file/M-0040-PNK-01-600x450.jpg	600	450	image/jpeg	20910	M-0040-PNK-01-600x450.jpg	/api/media/file/M-0040-PNK-01-900x675.jpg	900	675	image/jpeg	40928	M-0040-PNK-01-900x675.jpg	/api/media/file/M-0040-PNK-01-1400x1051.jpg	1400	1051	image/jpeg	81917	M-0040-PNK-01-1400x1051.jpg	\N	\N	\N	\N	\N	\N	/api/media/file/M-0040-PNK-01-1200x630.jpg	1200	630	image/jpeg	61586	M-0040-PNK-01-1200x630.jpg	https://ik.imagekit.io/raygun/redletterclay/M-0040-PNK-01.jpg
506	\N	\N	\N	2026-04-09 04:51:03.719+00	2026-04-09 04:51:01.977+00	/api/media/file/P-0009-GRN-02.jpg	\N	P-0009-GRN-02.jpg	image/jpeg	244503	1820	1366	50	50	/api/media/file/P-0009-GRN-02-300x225.jpg	300	225	image/jpeg	3371	P-0009-GRN-02-300x225.jpg	/api/media/file/P-0009-GRN-02-500x500.jpg	500	500	image/jpeg	10634	P-0009-GRN-02-500x500.jpg	/api/media/file/P-0009-GRN-02-600x450.jpg	600	450	image/jpeg	9575	P-0009-GRN-02-600x450.jpg	/api/media/file/P-0009-GRN-02-900x675.jpg	900	675	image/jpeg	18439	P-0009-GRN-02-900x675.jpg	/api/media/file/P-0009-GRN-02-1400x1051.jpg	1400	1051	image/jpeg	38120	P-0009-GRN-02-1400x1051.jpg	\N	\N	\N	\N	\N	\N	/api/media/file/P-0009-GRN-02-1200x630.jpg	1200	630	image/jpeg	24295	P-0009-GRN-02-1200x630.jpg	https://ik.imagekit.io/raygun/redletterclay/P-0009-GRN-02.jpg
507	\N	\N	\N	2026-04-09 04:51:05.074+00	2026-04-09 04:51:02.899+00	/api/media/file/P-0009-GRN-03.jpg	\N	P-0009-GRN-03.jpg	image/jpeg	358736	1820	1366	50	50	/api/media/file/P-0009-GRN-03-300x225.jpg	300	225	image/jpeg	4739	P-0009-GRN-03-300x225.jpg	/api/media/file/P-0009-GRN-03-500x500.jpg	500	500	image/jpeg	14853	P-0009-GRN-03-500x500.jpg	/api/media/file/P-0009-GRN-03-600x450.jpg	600	450	image/jpeg	13320	P-0009-GRN-03-600x450.jpg	/api/media/file/P-0009-GRN-03-900x675.jpg	900	675	image/jpeg	25672	P-0009-GRN-03-900x675.jpg	/api/media/file/P-0009-GRN-03-1400x1051.jpg	1400	1051	image/jpeg	53623	P-0009-GRN-03-1400x1051.jpg	\N	\N	\N	\N	\N	\N	/api/media/file/P-0009-GRN-03-1200x630.jpg	1200	630	image/jpeg	38098	P-0009-GRN-03-1200x630.jpg	https://ik.imagekit.io/raygun/redletterclay/P-0009-GRN-03.jpg
508	\N	\N	\N	2026-04-09 04:57:53.45+00	2026-04-09 04:57:48.54+00	/api/media/file/P-0010-BRN-01.jpg	\N	P-0010-BRN-01.jpg	image/jpeg	377378	1820	1366	50	50	/api/media/file/P-0010-BRN-01-300x225.jpg	300	225	image/jpeg	6057	P-0010-BRN-01-300x225.jpg	/api/media/file/P-0010-BRN-01-500x500.jpg	500	500	image/jpeg	19710	P-0010-BRN-01-500x500.jpg	/api/media/file/P-0010-BRN-01-600x450.jpg	600	450	image/jpeg	17251	P-0010-BRN-01-600x450.jpg	/api/media/file/P-0010-BRN-01-900x675.jpg	900	675	image/jpeg	32860	P-0010-BRN-01-900x675.jpg	/api/media/file/P-0010-BRN-01-1400x1051.jpg	1400	1051	image/jpeg	65916	P-0010-BRN-01-1400x1051.jpg	\N	\N	\N	\N	\N	\N	/api/media/file/P-0010-BRN-01-1200x630.jpg	1200	630	image/jpeg	44734	P-0010-BRN-01-1200x630.jpg	https://ik.imagekit.io/raygun/redletterclay/P-0010-BRN-01.jpg
509	\N	\N	\N	2026-04-09 04:57:54.611+00	2026-04-09 04:57:50.296+00	/api/media/file/P-0010-BRN-thumb.jpg	\N	P-0010-BRN-thumb.jpg	image/jpeg	83240	400	400	50	50	/api/media/file/P-0010-BRN-thumb-300x300.jpg	300	300	image/jpeg	8924	P-0010-BRN-thumb-300x300.jpg	\N	\N	\N	\N	\N	\N	\N	\N	\N	\N	\N	\N	\N	\N	\N	\N	\N	\N	\N	\N	\N	\N	\N	\N	\N	\N	\N	\N	\N	\N	\N	\N	\N	\N	\N	\N	https://ik.imagekit.io/raygun/redletterclay/P-0010-BRN-thumb.jpg
510	\N	\N	\N	2026-04-09 04:58:03.107+00	2026-04-09 04:57:58.421+00	/api/media/file/P-0010-BRN-02.jpg	\N	P-0010-BRN-02.jpg	image/jpeg	305085	1820	1366	50	50	/api/media/file/P-0010-BRN-02-300x225.jpg	300	225	image/jpeg	4776	P-0010-BRN-02-300x225.jpg	/api/media/file/P-0010-BRN-02-500x500.jpg	500	500	image/jpeg	15145	P-0010-BRN-02-500x500.jpg	/api/media/file/P-0010-BRN-02-600x450.jpg	600	450	image/jpeg	13353	P-0010-BRN-02-600x450.jpg	/api/media/file/P-0010-BRN-02-900x675.jpg	900	675	image/jpeg	25624	P-0010-BRN-02-900x675.jpg	/api/media/file/P-0010-BRN-02-1400x1051.jpg	1400	1051	image/jpeg	52197	P-0010-BRN-02-1400x1051.jpg	\N	\N	\N	\N	\N	\N	/api/media/file/P-0010-BRN-02-1200x630.jpg	1200	630	image/jpeg	34026	P-0010-BRN-02-1200x630.jpg	https://ik.imagekit.io/raygun/redletterclay/P-0010-BRN-02.jpg
511	\N	\N	\N	2026-04-09 04:58:04.702+00	2026-04-09 04:57:59.229+00	/api/media/file/P-0010-BRN-03.jpg	\N	P-0010-BRN-03.jpg	image/jpeg	384890	1820	1366	50	50	/api/media/file/P-0010-BRN-03-300x225.jpg	300	225	image/jpeg	5265	P-0010-BRN-03-300x225.jpg	/api/media/file/P-0010-BRN-03-500x500.jpg	500	500	image/jpeg	18836	P-0010-BRN-03-500x500.jpg	/api/media/file/P-0010-BRN-03-600x450.jpg	600	450	image/jpeg	16329	P-0010-BRN-03-600x450.jpg	/api/media/file/P-0010-BRN-03-900x675.jpg	900	675	image/jpeg	32549	P-0010-BRN-03-900x675.jpg	/api/media/file/P-0010-BRN-03-1400x1051.jpg	1400	1051	image/jpeg	67605	P-0010-BRN-03-1400x1051.jpg	\N	\N	\N	\N	\N	\N	/api/media/file/P-0010-BRN-03-1200x630.jpg	1200	630	image/jpeg	45252	P-0010-BRN-03-1200x630.jpg	https://ik.imagekit.io/raygun/redletterclay/P-0010-BRN-03.jpg
512	\N	\N	\N	2026-04-09 04:58:08.664+00	2026-04-09 04:58:06.903+00	/api/media/file/P-0010-BRN-04.jpg	\N	P-0010-BRN-04.jpg	image/jpeg	377820	1820	1366	50	50	/api/media/file/P-0010-BRN-04-300x225.jpg	300	225	image/jpeg	5604	P-0010-BRN-04-300x225.jpg	/api/media/file/P-0010-BRN-04-500x500.jpg	500	500	image/jpeg	17610	P-0010-BRN-04-500x500.jpg	/api/media/file/P-0010-BRN-04-600x450.jpg	600	450	image/jpeg	15593	P-0010-BRN-04-600x450.jpg	/api/media/file/P-0010-BRN-04-900x675.jpg	900	675	image/jpeg	29562	P-0010-BRN-04-900x675.jpg	/api/media/file/P-0010-BRN-04-1400x1051.jpg	1400	1051	image/jpeg	60139	P-0010-BRN-04-1400x1051.jpg	\N	\N	\N	\N	\N	\N	/api/media/file/P-0010-BRN-04-1200x630.jpg	1200	630	image/jpeg	43110	P-0010-BRN-04-1200x630.jpg	https://ik.imagekit.io/raygun/redletterclay/P-0010-BRN-04.jpg
513	\N	\N	\N	2026-04-11 02:37:49.333+00	2026-04-11 02:37:45.874+00	/api/media/file/M-0042-PUR-01.jpg	\N	M-0042-PUR-01.jpg	image/jpeg	600258	1820	1366	50	50	/api/media/file/M-0042-PUR-01-300x225.jpg	300	225	image/jpeg	8002	M-0042-PUR-01-300x225.jpg	/api/media/file/M-0042-PUR-01-500x500.jpg	500	500	image/jpeg	31213	M-0042-PUR-01-500x500.jpg	/api/media/file/M-0042-PUR-01-600x450.jpg	600	450	image/jpeg	27028	M-0042-PUR-01-600x450.jpg	/api/media/file/M-0042-PUR-01-900x675.jpg	900	675	image/jpeg	52545	M-0042-PUR-01-900x675.jpg	/api/media/file/M-0042-PUR-01-1400x1051.jpg	1400	1051	image/jpeg	105126	M-0042-PUR-01-1400x1051.jpg	\N	\N	\N	\N	\N	\N	/api/media/file/M-0042-PUR-01-1200x630.jpg	1200	630	image/jpeg	74722	M-0042-PUR-01-1200x630.jpg	https://ik.imagekit.io/raygun/redletterclay/M-0042-PUR-01.jpg
514	\N	\N	\N	2026-04-11 02:37:50.646+00	2026-04-11 02:37:47.889+00	/api/media/file/M-0042-PUR-thumb.jpg	\N	M-0042-PUR-thumb.jpg	image/jpeg	135298	400	400	50	50	/api/media/file/M-0042-PUR-thumb-300x300.jpg	300	300	image/jpeg	12283	M-0042-PUR-thumb-300x300.jpg	\N	\N	\N	\N	\N	\N	\N	\N	\N	\N	\N	\N	\N	\N	\N	\N	\N	\N	\N	\N	\N	\N	\N	\N	\N	\N	\N	\N	\N	\N	\N	\N	\N	\N	\N	\N	https://ik.imagekit.io/raygun/redletterclay/M-0042-PUR-thumb.jpg
516	\N	\N	\N	2026-04-11 02:37:58.594+00	2026-04-11 02:37:55.647+00	/api/media/file/M-0042-PUR-03.jpg	\N	M-0042-PUR-03.jpg	image/jpeg	832354	1820	1366	50	50	/api/media/file/M-0042-PUR-03-300x225.jpg	300	225	image/jpeg	10863	M-0042-PUR-03-300x225.jpg	/api/media/file/M-0042-PUR-03-500x500.jpg	500	500	image/jpeg	41068	M-0042-PUR-03-500x500.jpg	/api/media/file/M-0042-PUR-03-600x450.jpg	600	450	image/jpeg	36193	M-0042-PUR-03-600x450.jpg	/api/media/file/M-0042-PUR-03-900x675.jpg	900	675	image/jpeg	70639	M-0042-PUR-03-900x675.jpg	/api/media/file/M-0042-PUR-03-1400x1051.jpg	1400	1051	image/jpeg	140304	M-0042-PUR-03-1400x1051.jpg	\N	\N	\N	\N	\N	\N	/api/media/file/M-0042-PUR-03-1200x630.jpg	1200	630	image/jpeg	97394	M-0042-PUR-03-1200x630.jpg	https://ik.imagekit.io/raygun/redletterclay/M-0042-PUR-03.jpg
515	\N	\N	\N	2026-04-11 02:37:57.137+00	2026-04-11 02:37:55.15+00	/api/media/file/M-0042-PUR-02.jpg	\N	M-0042-PUR-02.jpg	image/jpeg	577037	1820	1366	50	50	/api/media/file/M-0042-PUR-02-300x225.jpg	300	225	image/jpeg	7415	M-0042-PUR-02-300x225.jpg	/api/media/file/M-0042-PUR-02-500x500.jpg	500	500	image/jpeg	29589	M-0042-PUR-02-500x500.jpg	/api/media/file/M-0042-PUR-02-600x450.jpg	600	450	image/jpeg	25534	M-0042-PUR-02-600x450.jpg	/api/media/file/M-0042-PUR-02-900x675.jpg	900	675	image/jpeg	50187	M-0042-PUR-02-900x675.jpg	/api/media/file/M-0042-PUR-02-1400x1051.jpg	1400	1051	image/jpeg	101532	M-0042-PUR-02-1400x1051.jpg	\N	\N	\N	\N	\N	\N	/api/media/file/M-0042-PUR-02-1200x630.jpg	1200	630	image/jpeg	68747	M-0042-PUR-02-1200x630.jpg	https://ik.imagekit.io/raygun/redletterclay/M-0042-PUR-02.jpg
517	\N	\N	\N	2026-04-11 02:38:06.059+00	2026-04-11 02:38:03.22+00	/api/media/file/M-0042-PUR-04.jpg	\N	M-0042-PUR-04.jpg	image/jpeg	886449	1820	1366	50	50	/api/media/file/M-0042-PUR-04-300x225.jpg	300	225	image/jpeg	11242	M-0042-PUR-04-300x225.jpg	/api/media/file/M-0042-PUR-04-500x500.jpg	500	500	image/jpeg	43627	M-0042-PUR-04-500x500.jpg	/api/media/file/M-0042-PUR-04-600x450.jpg	600	450	image/jpeg	38121	M-0042-PUR-04-600x450.jpg	/api/media/file/M-0042-PUR-04-900x675.jpg	900	675	image/jpeg	75034	M-0042-PUR-04-900x675.jpg	/api/media/file/M-0042-PUR-04-1400x1051.jpg	1400	1051	image/jpeg	149582	M-0042-PUR-04-1400x1051.jpg	\N	\N	\N	\N	\N	\N	/api/media/file/M-0042-PUR-04-1200x630.jpg	1200	630	image/jpeg	104479	M-0042-PUR-04-1200x630.jpg	https://ik.imagekit.io/raygun/redletterclay/M-0042-PUR-04.jpg
\.


--
-- Data for Name: newsletter; Type: TABLE DATA; Schema: public; Owner: -
--

COPY public.newsletter (id, updated_at, created_at) FROM stdin;
1	2026-03-16 17:11:06.569+00	2026-03-16 17:11:06.569+00
\.


--
-- Data for Name: newsletter_issues; Type: TABLE DATA; Schema: public; Owner: -
--

COPY public.newsletter_issues (_order, _parent_id, id, name, url) FROM stdin;
1	1	69f500001558293d9f08123c	Shop Mothers Day + The Chicago Pottery Market	https://preview.mailerlite.io/preview/1180415/emails/186098830926677956
2	1	69b99b2daa9ac96a311211d1	2025 Holiday Markets » Bridgeport & West Loop Venues	https://preview.mailerlite.io/emails/webview/1180415/173072140190352712
3	1	69b99b2daa9ac96a311211d2	Put a Lid on It Exhibition @ Belger Arts Center (St Louis, MO)	https://preview.mailerlite.io/emails/webview/1180415/165915421823731444
4	1	69b99b2daa9ac96a311211d3	Oddball Market @ Thalia Hall Block Party (Pilsen, Chicago)	https://preview.mailerlite.io/preview/1180415/emails/163272327241402286
5	1	69b99b2daa9ac96a311211d4	New Store Partnership - Northside Cutlery (Lincoln Square, Chicago)	https://preview.mailerlite.io/preview/1180415/emails/146465753395102952
6	1	69b99b2daa9ac96a311211d5	New Store Partnership - Spilt Milk Pastry (Oak Park, Chicago)	https://preview.mailerlite.io/preview/1180415/emails/147339301509662186
\.


--
-- Data for Name: pages; Type: TABLE DATA; Schema: public; Owner: -
--

COPY public.pages (id, title, hero_type, hero_rich_text, hero_media_id, meta_title, meta_image_id, meta_description, published_at, generate_slug, slug, updated_at, created_at, _status) FROM stdin;
\.


--
-- Data for Name: pages_blocks_archive; Type: TABLE DATA; Schema: public; Owner: -
--

COPY public.pages_blocks_archive (_order, _parent_id, _path, id, intro_content, populate_by, relation_to, "limit", block_name) FROM stdin;
\.


--
-- Data for Name: pages_blocks_content; Type: TABLE DATA; Schema: public; Owner: -
--

COPY public.pages_blocks_content (_order, _parent_id, _path, id, block_name) FROM stdin;
\.


--
-- Data for Name: pages_blocks_content_columns; Type: TABLE DATA; Schema: public; Owner: -
--

COPY public.pages_blocks_content_columns (_order, _parent_id, id, size, rich_text, enable_link, link_type, link_new_tab, link_url, link_label, link_appearance) FROM stdin;
\.


--
-- Data for Name: pages_blocks_cta; Type: TABLE DATA; Schema: public; Owner: -
--

COPY public.pages_blocks_cta (_order, _parent_id, _path, id, rich_text, block_name) FROM stdin;
\.


--
-- Data for Name: pages_blocks_cta_links; Type: TABLE DATA; Schema: public; Owner: -
--

COPY public.pages_blocks_cta_links (_order, _parent_id, id, link_type, link_new_tab, link_url, link_label, link_appearance) FROM stdin;
\.


--
-- Data for Name: pages_blocks_form_block; Type: TABLE DATA; Schema: public; Owner: -
--

COPY public.pages_blocks_form_block (_order, _parent_id, _path, id, form_id, enable_intro, intro_content, block_name) FROM stdin;
\.


--
-- Data for Name: pages_blocks_media_block; Type: TABLE DATA; Schema: public; Owner: -
--

COPY public.pages_blocks_media_block (_order, _parent_id, _path, id, media_id, block_name) FROM stdin;
\.


--
-- Data for Name: pages_hero_links; Type: TABLE DATA; Schema: public; Owner: -
--

COPY public.pages_hero_links (_order, _parent_id, id, link_type, link_new_tab, link_url, link_label, link_appearance) FROM stdin;
\.


--
-- Data for Name: pages_rels; Type: TABLE DATA; Schema: public; Owner: -
--

COPY public.pages_rels (id, "order", parent_id, path, pages_id, posts_id, categories_id) FROM stdin;
\.


--
-- Data for Name: payload_folders; Type: TABLE DATA; Schema: public; Owner: -
--

COPY public.payload_folders (id, name, folder_id, updated_at, created_at) FROM stdin;
\.


--
-- Data for Name: payload_folders_folder_type; Type: TABLE DATA; Schema: public; Owner: -
--

COPY public.payload_folders_folder_type ("order", parent_id, value, id) FROM stdin;
\.


--
-- Data for Name: payload_jobs; Type: TABLE DATA; Schema: public; Owner: -
--

COPY public.payload_jobs (id, input, completed_at, total_tried, has_error, error, task_slug, queue, wait_until, processing, updated_at, created_at) FROM stdin;
\.


--
-- Data for Name: payload_jobs_log; Type: TABLE DATA; Schema: public; Owner: -
--

COPY public.payload_jobs_log (_order, _parent_id, id, executed_at, completed_at, task_slug, task_i_d, input, output, state, error) FROM stdin;
\.


--
-- Data for Name: payload_kv; Type: TABLE DATA; Schema: public; Owner: -
--

COPY public.payload_kv (id, key, data) FROM stdin;
\.


--
-- Data for Name: payload_locked_documents; Type: TABLE DATA; Schema: public; Owner: -
--

COPY public.payload_locked_documents (id, global_slug, updated_at, created_at) FROM stdin;
\.


--
-- Data for Name: payload_locked_documents_rels; Type: TABLE DATA; Schema: public; Owner: -
--

COPY public.payload_locked_documents_rels (id, "order", parent_id, path, pages_id, posts_id, media_id, categories_id, users_id, redirects_id, forms_id, form_submissions_id, search_id, payload_folders_id, products_id, events_id) FROM stdin;
\.


--
-- Data for Name: payload_migrations; Type: TABLE DATA; Schema: public; Owner: -
--

COPY public.payload_migrations (id, name, batch, updated_at, created_at) FROM stdin;
3	20260317_155832	2	2026-03-17 16:08:56.588+00	2026-03-17 16:08:56.587+00
4	20260317_163359	3	2026-03-17 16:35:45.671+00	2026-03-17 16:35:45.67+00
6	20260318_191703	5	2026-03-18 19:17:08.293+00	2026-03-18 19:17:08.293+00
2	20260317_061117	1	2026-03-17 06:12:15.302+00	2026-03-17 06:12:15.302+00
5	20260318_181856	4	2026-03-18 18:25:43.589+00	2026-03-18 18:25:43.589+00
7	20260320_041255	6	2026-03-20 04:16:57.288+00	2026-03-20 04:16:57.288+00
8	20260317_180300	1	2026-03-20 04:23:22.711+00	2026-03-20 04:23:22.711+00
9	20260318_161820	1	2026-03-20 04:23:22.711+00	2026-03-20 04:23:22.711+00
10	20260320_033436	1	2026-03-20 04:23:22.711+00	2026-03-20 04:23:22.711+00
1	dev	-1	2026-05-01 19:31:57.991+00	2026-03-16 16:07:06.694+00
\.


--
-- Data for Name: payload_preferences; Type: TABLE DATA; Schema: public; Owner: -
--

COPY public.payload_preferences (id, key, value, updated_at, created_at) FROM stdin;
2	collection-pages	{"limit": 10}	2026-03-16 17:13:14.133+00	2026-03-16 17:10:36.269+00
5	global-stockists	{"editViewType": "default"}	2026-03-16 17:16:02.967+00	2026-03-16 17:16:02.969+00
6	global-announcement	{"editViewType": "default"}	2026-03-16 17:16:07.07+00	2026-03-16 17:16:07.071+00
7	global-links	{"editViewType": "default"}	2026-03-16 17:16:09.792+00	2026-03-16 17:16:09.793+00
55	collection-products-72	{"fields": {"_index-1": {"tabIndex": 0}}}	2026-03-21 03:15:55.816+00	2026-03-21 03:09:47.426+00
9	global-header	{"editViewType": "default"}	2026-03-16 17:16:22.252+00	2026-03-16 17:16:22.254+00
10	global-footer	{"editViewType": "default"}	2026-03-16 17:16:24.879+00	2026-03-16 17:16:24.88+00
11	collection-redirects	{}	2026-03-16 17:16:30.831+00	2026-03-16 17:16:30.831+00
24	collection-products-47	{"fields": {"_index-1": {"tabIndex": 0}}}	2026-03-18 23:46:20.465+00	2026-03-18 21:39:51.456+00
51	collection-products-68	{"fields": {"_index-1": {"tabIndex": 1}}}	2026-03-21 03:17:13.326+00	2026-03-21 01:53:41.481+00
28	collection-products-8	{"fields": {"_index-1": {"tabIndex": 1}}}	2026-03-19 00:35:34.752+00	2026-03-19 00:35:34.753+00
22	collection-products-33	{"fields": {"_index-1": {"tabIndex": 0}, "_index-1-0-1": {"tabIndex": 2}}}	2026-03-21 03:19:49.479+00	2026-03-18 19:17:27.956+00
53	collection-products-70	{"fields": {"_index-1": {"tabIndex": 1}}}	2026-03-22 02:40:08.361+00	2026-03-21 02:24:53.59+00
14	collection-users	{}	2026-03-16 17:21:21.413+00	2026-03-16 17:21:21.413+00
15	browse-by-folder	{}	2026-03-16 17:21:44.903+00	2026-03-16 17:21:44.903+00
18	global-gallery	{"fields": {"rows": {"collapsed": ["69bf5a3ae2d1da234e7e6c30"]}}, "editViewType": "default"}	2026-03-22 03:26:14.835+00	2026-03-17 16:39:13.008+00
30	collection-products-60	{"fields": {"_index-1": {"tabIndex": 0}}}	2026-03-29 20:38:46.202+00	2026-03-19 01:20:03.815+00
3	collection-posts	{"limit": 10, "editViewType": "default"}	2026-03-16 18:17:09.442+00	2026-03-16 17:13:52.931+00
12	collection-media	{"limit": 25, "editViewType": "default"}	2026-03-19 01:45:38.168+00	2026-03-16 17:20:25.569+00
20	collection-products-53	{"fields": {"_index-1": {"tabIndex": 0}, "_index-1-0-1": {"tabIndex": 0}}}	2026-03-29 20:39:22.011+00	2026-03-18 16:38:27.529+00
8	global-newsletter	{"fields": {"issues": {"collapsed": ["69b839aa6d92c3003142e83b", "69b839aa6d92c3003142e83c", "69b839aa6d92c3003142e83d", "69b839aa6d92c3003142e83e", "69b839aa6d92c3003142e83f"]}}, "editViewType": "default"}	2026-03-16 18:20:44.082+00	2026-03-16 17:16:11.257+00
16	collection-forms	{}	2026-03-16 18:20:49.345+00	2026-03-16 18:20:49.345+00
34	collection-products-64	{"fields": {"_index-1": {"tabIndex": 1}}}	2026-03-19 02:27:45.238+00	2026-03-19 02:20:41.213+00
13	collection-categories	{"limit": 10}	2026-03-16 23:51:17.919+00	2026-03-16 17:21:19.723+00
57	collection-products-73	{"fields": {"_index-1": {"tabIndex": 1}}}	2026-04-09 03:21:42.112+00	2026-04-09 03:14:13.852+00
60	collection-products-76	{"fields": {"_index-1": {"tabIndex": 0}}}	2026-04-09 04:11:42.202+00	2026-04-09 04:05:51.818+00
17	nav	{"open": true}	2026-03-17 16:35:48.642+00	2026-03-17 16:35:48.643+00
38	collection-products-17	{"fields": {"_index-1": {"tabIndex": 1}}}	2026-03-19 04:04:22.349+00	2026-03-19 04:04:22.35+00
19	global-faq	{"editViewType": "default"}	2026-03-17 20:18:36.242+00	2026-03-17 20:18:36.246+00
42	collection-products-15	{"fields": {"_index-1": {"tabIndex": 1}}}	2026-03-19 04:19:56.213+00	2026-03-19 04:19:56.214+00
32	collection-products-63	{"fields": {"_index-1": {"tabIndex": 0}}}	2026-03-19 04:23:25.8+00	2026-03-19 01:47:55.474+00
44	collection-products-35	{"fields": {"_index-1": {"tabIndex": 1}}}	2026-03-19 04:26:27.506+00	2026-03-19 04:26:27.507+00
46	collection-products-27	{"fields": {"_index-1": {"tabIndex": 1}}}	2026-03-19 04:28:00.428+00	2026-03-19 04:28:00.429+00
49	collection-products-19	{"fields": {"_index-1": {"tabIndex": 1}}}	2026-03-19 04:32:52.782+00	2026-03-19 04:32:52.783+00
36	collection-products-66	{"fields": {"_index-1": {"tabIndex": 0}}}	2026-03-19 05:01:08.907+00	2026-03-19 02:44:07.716+00
4	collection-events	{"sort": "-startDate", "limit": 25, "editViewType": "default"}	2026-03-19 14:30:07.934+00	2026-03-16 17:14:19.057+00
64	collection-products-80	{"fields": {"_index-1": {"tabIndex": 0}}}	2026-04-09 05:55:26.246+00	2026-04-09 04:39:08.126+00
66	collection-products-45	{"fields": {"_index-1": {"tabIndex": 0}}}	2026-04-10 15:41:55.354+00	2026-04-09 04:59:27.582+00
67	global-collection-title	{"editViewType": "default"}	2026-04-10 15:44:45.918+00	2026-04-10 15:44:45.923+00
26	collection-products-56	{"fields": {"_index-1": {"tabIndex": 0}}}	2026-04-10 16:34:11.079+00	2026-03-19 00:19:14.941+00
40	collection-products-32	{"fields": {"_index-1": {"tabIndex": 0}}}	2026-04-10 16:46:46.686+00	2026-03-19 04:17:10.312+00
21	collection-products-48	{"fields": {"_index-1-0-1": {"tabIndex": 0}}}	2026-03-18 18:55:54.895+00	2026-03-18 18:37:16.858+00
62	collection-products-78	{"fields": {"_index-1": {"tabIndex": 0}}}	2026-04-11 02:31:38.979+00	2026-04-09 04:19:52.777+00
54	collection-products-71	{"fields": {"_index-1": {"tabIndex": 1}}}	2026-03-21 03:14:09.581+00	2026-03-21 02:42:14.187+00
56	collection-products-18	{"fields": {"_index-1": {"tabIndex": 1}}}	2026-03-22 02:37:43.153+00	2026-03-22 02:37:43.154+00
31	collection-products-62	{"fields": {"_index-1": {"tabIndex": 0}}}	2026-03-29 20:38:27.479+00	2026-03-19 01:30:13.934+00
29	collection-products-59	{"fields": {"_index-1": {"tabIndex": 0}}}	2026-03-29 20:38:58.826+00	2026-03-19 00:52:08.202+00
23	collection-products-55	{"fields": {"_index-1": {"tabIndex": 0}}}	2026-03-29 20:39:13.891+00	2026-03-18 19:52:20.363+00
37	collection-products-67	{"fields": {"_index-1": {"tabIndex": 0}}}	2026-04-01 15:40:58.154+00	2026-03-19 03:06:08.217+00
33	collection-products-61	{"fields": {"_index-1": {"tabIndex": 2}}}	2026-04-09 03:14:16.889+00	2026-03-19 01:56:30.706+00
58	collection-products-74	{"fields": {"_index-1": {"tabIndex": 1}}}	2026-04-09 03:30:30.343+00	2026-04-09 03:29:58.739+00
35	collection-products-65	{"fields": {"_index-1": {"tabIndex": 1}}}	2026-03-19 02:36:05.765+00	2026-03-19 02:36:05.766+00
59	collection-products-75	{"fields": {"_index-1": {"tabIndex": 0}}}	2026-04-09 04:02:54.313+00	2026-04-09 03:36:27.141+00
39	collection-products-39	{"fields": {"_index-1": {"tabIndex": 1}}}	2026-03-19 04:16:23.536+00	2026-03-19 04:16:23.537+00
45	collection-products-36	{"fields": {"_index-1": {"tabIndex": 1}}}	2026-03-19 04:27:04.81+00	2026-03-19 04:27:04.811+00
47	collection-products-30	{"fields": {"_index-1": {"tabIndex": 1}}}	2026-03-19 04:29:13.308+00	2026-03-19 04:29:13.309+00
48	collection-products-37	{"fields": {"_index-1": {"tabIndex": 1}}}	2026-03-19 04:29:52.577+00	2026-03-19 04:29:52.578+00
50	collection-products-20	{"fields": {"_index-1": {"tabIndex": 1}}}	2026-03-19 04:34:17.962+00	2026-03-19 04:34:17.963+00
25	collection-products-57	{"fields": {"_index-1": {"tabIndex": 2}}}	2026-03-19 05:09:11.737+00	2026-03-19 00:07:46.991+00
65	collection-products-58	{"fields": {"_index-1": {"tabIndex": 2}}}	2026-04-09 04:53:07.635+00	2026-04-09 04:53:07.637+00
63	collection-products-79	{"fields": {"_index-1": {"tabIndex": 0}}}	2026-04-09 05:55:48.145+00	2026-04-09 04:32:45.182+00
43	collection-products-16	{"fields": {"_index-1": {"tabIndex": 0}}}	2026-04-10 15:42:07.574+00	2026-03-19 04:21:03.436+00
52	collection-products-69	{"fields": {"_index-1": {"tabIndex": 0}}}	2026-04-10 15:50:43.962+00	2026-03-21 02:08:27.468+00
41	collection-products-24	{"fields": {"_index-1": {"tabIndex": 0}}}	2026-04-10 16:18:30.945+00	2026-03-19 04:18:36.341+00
27	collection-products-51	{"fields": {"_index-1": {"tabIndex": 0}}}	2026-04-10 16:41:40.452+00	2026-03-19 00:25:03.125+00
61	collection-products-77	{"fields": {"_index-1": {"tabIndex": 0}}}	2026-04-10 16:46:18.986+00	2026-04-09 04:13:31.139+00
68	collection-products-83	{"fields": {"_index-1": {"tabIndex": 1}}}	2026-04-11 02:38:31.801+00	2026-04-11 02:38:31.802+00
1	collection-products	{"sort": "_order", "limit": 100, "columns": [{"active": true, "accessor": "sku"}, {"active": true, "accessor": "thumb"}, {"active": false, "accessor": "adminTitle"}, {"active": true, "accessor": "title"}, {"active": true, "accessor": "price"}, {"active": true, "accessor": "featured"}, {"active": false, "accessor": "id"}, {"active": false, "accessor": "name"}, {"active": false, "accessor": "tags"}, {"active": false, "accessor": "featuredImage"}, {"active": false, "accessor": "images"}, {"active": false, "accessor": "description"}, {"active": false, "accessor": "width"}, {"active": false, "accessor": "height"}, {"active": false, "accessor": "weight"}, {"active": false, "accessor": "holds"}, {"active": false, "accessor": "firingMethod"}, {"active": false, "accessor": "foodSafe"}, {"active": false, "accessor": "dishwasherSafe"}, {"active": false, "accessor": "relatedProducts"}, {"active": false, "accessor": "updatedAt"}, {"active": true, "accessor": "createdAt"}, {"active": false, "accessor": "makingLinks"}, {"active": false, "accessor": "length"}, {"active": false, "accessor": "meta.overview"}, {"active": false, "accessor": "meta.title"}, {"active": false, "accessor": "meta.description"}, {"active": false, "accessor": "meta.image"}, {"active": false, "accessor": "meta.preview"}], "editViewType": "default"}	2026-04-11 02:42:20.471+00	2026-03-16 17:10:33.961+00
\.


--
-- Data for Name: payload_preferences_rels; Type: TABLE DATA; Schema: public; Owner: -
--

COPY public.payload_preferences_rels (id, "order", parent_id, path, users_id) FROM stdin;
248	\N	1	user	1
3	\N	2	user	1
176	\N	54	user	1
178	\N	55	user	1
7	\N	5	user	1
8	\N	6	user	1
9	\N	7	user	1
179	\N	51	user	1
11	\N	9	user	1
12	\N	10	user	1
13	\N	11	user	1
183	\N	22	user	1
186	\N	56	user	1
187	\N	53	user	1
22	\N	14	user	1
23	\N	15	user	1
188	\N	18	user	1
26	\N	3	user	1
190	\N	31	user	1
191	\N	30	user	1
30	\N	8	user	1
31	\N	16	user	1
192	\N	29	user	1
98	\N	24	user	1
193	\N	23	user	1
35	\N	13	user	1
194	\N	20	user	1
198	\N	37	user	1
41	\N	17	user	1
104	\N	28	user	1
45	\N	19	user	1
201	\N	33	user	1
205	\N	57	user	1
118	\N	12	user	1
209	\N	58	user	1
65	\N	21	user	1
125	\N	34	user	1
126	\N	35	user	1
218	\N	59	user	1
220	\N	60	user	1
136	\N	38	user	1
139	\N	39	user	1
142	\N	42	user	1
144	\N	32	user	1
145	\N	44	user	1
146	\N	45	user	1
147	\N	46	user	1
148	\N	47	user	1
149	\N	48	user	1
150	\N	49	user	1
151	\N	50	user	1
152	\N	36	user	1
153	\N	25	user	1
154	\N	4	user	1
230	\N	65	user	1
232	\N	64	user	1
233	\N	63	user	1
234	\N	66	user	1
235	\N	43	user	1
236	\N	67	user	1
237	\N	52	user	1
238	\N	41	user	1
239	\N	26	user	1
240	\N	27	user	1
241	\N	61	user	1
242	\N	40	user	1
244	\N	62	user	1
247	\N	68	user	1
\.


--
-- Data for Name: posts; Type: TABLE DATA; Schema: public; Owner: -
--

COPY public.posts (id, title, thumb_id, content, meta_title, meta_image_id, meta_description, published_at, generate_slug, slug, updated_at, created_at, _status, description, description_two, body, category, video_youtube, video_thumb_id, body_rich) FROM stdin;
2	WAD Cafe, Osaka Japan	257	\N	\N	\N	\N	2018-11-14 00:00:00+00	f	wad-cafe	2026-03-17 18:18:09.261+00	2026-03-17 18:18:09.261+00	published	<p>A visit to WAD Cafe in Osaka, Japan featuring masterfully crafted ceramics by local artisans.</p>\n	\N	### Ceramic Beginnings in Japan\nMy first real interaction with finely made pottery was at a tea cafe in Osaka, Japan. WAD's tea master built a relationship with local ceramic artists and featured their work in his cafe (and ceramic gallery). We had green tea 3 ways there (brewed at different temperatures, and finally served as a salad). If you are ever in Osaka, it's a great spot!\n\nIt always strikes me in Japan how handmade pottery can be found in the tiniest neighborhood cafes and shops. It is so deeply appreciated and loved culturally. One might argue it surpasses painting in the fine art world even. In the West we are so accustomed to manufactured ceramics for tableware. In fact, I don't recall ever interacting with a handmade pot until my 30's.	travel	\N	\N	\N
3	Mingei Museum	261	\N	\N	\N	\N	2023-10-28 00:00:00+00	f	mingei-museum	2026-03-17 18:18:13.042+00	2026-03-17 18:18:13.041+00	published	<h3>Ordinary People's Crafts</h3>\n<p>A visit to the Mingei Museum in the Sangenjaya neighborhood of Tokyo.</p>\n	\N	The Mingei movement in Japan was studied by the Bauhaus school founders in its early formation. Coined by Yanagi Sōetsu, he believed beauty could be found in ordinary and utilitarian everyday objects made by nameless craftspeople (as opposed to higher forms of art created by named artists). \n\n### He argued the beauty of folk crafts lay in:\n- the use of natural materials and "natural" hand-made production\n- traditional methods and design\n- simplicity\n- functionality in form and design\n- plurality, meaning that folk crafts could be copied and reproduced in quantity\n- inexpensiveness\n- made by unknown craftspeople\n- had a "beauty of health" - a healthy attitude during the manufacture of folk crafts led to healthy crafts\n\nHere are some pieces in Tokyo's Mingei Museum. I had a great visit on my last trip to Japan.	travel	\N	\N	\N
4	Tokyo National Museum	266	\N	\N	\N	\N	2023-11-02 00:00:00+00	f	tokyo-national-museum	2026-03-17 18:18:16.613+00	2026-03-17 18:18:16.613+00	published	<p>A tour of some objects in the Tokyo National Museum. There are lot of very old pots in their collection (around 30,000 BC).</p>\n	\N		travel	\N	\N	\N
5	Polish Pottery Store in Tokyo, Japan	271	\N	\N	\N	\N	2023-11-03 00:00:00+00	f	polish-pottery	2026-03-17 18:18:18.723+00	2026-03-17 18:18:18.723+00	published	I stumbled into a Polish pottery shop in Tokyo. I had never seen this style before. I was told Polish pottery is known for these blue indigo "mosquite bite" decorations. A very vibrant glazing style.	\N		travel	\N	\N	\N
6	Tokyo Pottery Stores	274	\N	\N	\N	\N	2023-11-03 00:00:00+00	f	tokyo-pottery-stores	2026-03-17 18:18:19.561+00	2026-03-17 18:18:19.561+00	published	Some photos of various pottery stores in Tokyo.	\N	<div class="row">\n    <div class="col-10">\n    <h3>Oribe in Shimokitazawa</h3>\n    <p>Oribe is known for its dark rich green distinctive glaze.</p>\n    </div>\n</div>\n<div class="row row-cols-1 row-cols-lg-2 mb-5">\n    <div class="col">\n        <a href="/assets/img/journal/tokyo-ceramics-4.jpg" class="glightbox"><img src="/assets/img/journal/tokyo-ceramics-4.jpg" alt="Oribe in Shimokitazawa" class="img-fluid rounded-3 mb-4"></a>\n    </div>\n    <div class="col">\n        <a href="/assets/img/journal/tokyo-ceramics-5.jpg" class="glightbox"><img src="/assets/img/journal/tokyo-ceramics-5.jpg" alt="Oribe in Shimokitazawa" class="img-fluid rounded-3 mb-4"></a>\n    </div>\n</div>\n\n### Nagasaki Pottery\nI love the regional pottery of Nagasaki. Such a beautiful glazing style with cobalt and rutile washes. \n\n<div class="row row-cols-1 row-cols-lg-2 mb-5">\n    <div class="col">\n        <a href="/assets/img/journal/tokyo-ceramics-8.jpg" class="glightbox"><img src="/assets/img/journal/tokyo-ceramics-8.jpg" alt="Nagasaki Pottery" class="img-fluid rounded-3 mb-4"></a>\n    </div>\n    <div class="col">\n        <a href="/assets/img/journal/tokyo-ceramics-9.jpg" class="glightbox"><img src="/assets/img/journal/tokyo-ceramics-9.jpg" alt="Nagasaki Pottery" class="img-fluid rounded-3 mb-4"></a>\n    </div>\n</div>\n\n### More photos of many glaze styles\n<div class="row row-cols-1 row-cols-lg-2">\n    <div class="col">\n        <a href="/assets/img/journal/tokyo-ceramics-2.jpg" class="glightbox"><img src="/assets/img/journal/tokyo-ceramics-2.jpg" alt="Japanese Pottery" class="img-fluid rounded-3 mb-4"></a>\n    </div>\n    <div class="col">\n        <a href="/assets/img/journal/tokyo-ceramics-3.jpg" class="glightbox"><img src="/assets/img/journal/tokyo-ceramics-3.jpg" alt="Japanese Pottery" class="img-fluid rounded-3 mb-4"></a>\n    </div>\n    <div class="col">\n        <a href="/assets/img/journal/tokyo-ceramics-6.jpg" class="glightbox"><img src="/assets/img/journal/tokyo-ceramics-6.jpg" alt="Japanese Pottery" class="img-fluid rounded-3 mb-4"></a>\n    </div>\n    <div class="col">\n        <a href="/assets/img/journal/tokyo-ceramics-7.jpg" class="glightbox"><img src="/assets/img/journal/tokyo-ceramics-7.jpg" alt="Japanese Pottery" class="img-fluid rounded-3 mb-4"></a>\n    </div>\n</div>	travel	\N	\N	\N
10	Tomoo Hamada @ Rebuild Foundation	284	\N	\N	\N	\N	2025-05-21 00:00:00+00	f	tomoo-hamada-theaster-gates	2026-03-17 18:18:37.085+00	2026-03-17 18:18:37.084+00	published	Theaster Gates opened his private studio to host a Tomoo Hamada talk & workshop on Chicago's southside. Tomoo is the grandson of Shōji Hamada working out of Mashiko, Japan — a famous pottery village just north of Tokyo that his grandfather started.\n	\N		workshops	\N	\N	\N
11	Sculptural Juicer	291	\N	\N	\N	\N	2025-08-20 00:00:00+00	f	sculptural-juicer	2026-03-17 18:18:46.83+00	2026-03-17 18:18:46.83+00	published	Some new ceramic work — a juicer and cup. This piece is a technically advanced form incorporating wheel throwing, slab handbuilding, carving, and coils. The cup could be nice for making salad dressings, and it juices nicely!\n	\N		process	\N	\N	\N
12	"Put a Lid on It" at the Belger Arts Center\n	299	\N	\N	\N	\N	2025-10-03 00:00:00+00	f	put-a-lid-on-it-belger-arts-center-exhibition	2026-03-17 18:18:56.006+00	2026-03-17 18:18:56.006+00	published	Put a Lid on It is an exploration of the lidded vessel form, showcasing how adding a lid can create a compelling separation between what is inside and what is outside. From beautifully crafted butter dishes to imaginatively designed trinket jars, each vessel demonstrates how this separation can be functional or emotional. The notion of what we choose to hold inside, whether literal or symbolic, practical or emotional, is at the heart of this exhibition.\n	\N	<div class="text-center">\n<a href="/assets/img/journal/belger-arts-flyer-1.jpg" class="glightbox" alt="Belger Arts Flyer for 'Put a Lid on It' Exhibition"><img src="/assets/img/journal/belger-arts-flyer-1.jpg" alt="Put a Lid on It Exhibition Flyer" class="img-fluid rounded-3 mb-4" style="height: 600px;"></a>\n</div>	exhibitions	\N	\N	\N
13	Washi Paper Ceramic Lantern	307	\N	\N	\N	\N	2025-11-20 00:00:00+00	f	washi-paper-ceramic-lantern	2026-03-17 18:19:13.771+00	2026-03-17 18:19:13.77+00	published	<p>Last year I attended a <a href="https://www.switchgrasspaper.com/" target="_blank">Switchgrass Paper</a> workshop at a Chicago Public Library where we made washi paper from mulberry pulp. We took the paper we made as a group and created an installation to hang in the library with it. It was a fun collaborative art making process and I highly recommend Switchgrass Paper workshops!</p>\n	\N		process	\N	\N	\N
8	In the Key of Clay	276	\N	\N	\N	\N	2024-06-24 00:00:00+00	f	in-the-key-of-clay-ken-jensen	2026-03-17 21:41:45.77+00	2026-03-17 18:18:21.006+00	published	A short documentary on artist Ken Jensen's clay instruments. <p><a href="https://www.youtube.com/watch?v=9jX1H3J5CBU" target="_blank" alt="In the Key of Clay Ken Jensen Documentary"><i class="fa-brands fa-youtube"></i> YouTube Link</a></p>	\N		video	9jX1H3J5CBU	\N	\N
14	Slipcast Bottle Process	319	\N	\N	\N	\N	2026-01-30 00:00:00+00	f	slipcast-bottle	2026-03-17 18:19:21.299+00	2026-03-17 18:19:21.299+00	published	A behind the scenes look at the making of the bottle slipcast mold that I made from an original design.\n	\N		process	\N	\N	\N
7	Heath Ceramics	275	\N	\N	\N	\N	2024-06-21 00:00:00+00	f	heath-ceramics-documentary	2026-03-17 21:41:45.711+00	2026-03-17 18:18:20.276+00	published	<h3>1-hour Documentary on Heath Ceramics from KCET's Artbound program.</h3>\n<p>KCET shares the first-ever documentary about Heath. This is the story and history of Heath Ceramics from Edith Heath’s vision, philosophy, and craft to the evolution of the company as a fixture of American design. As part of the arts & culture series ARTBOUND, which examines the lives, works, and creative processes of arts and culture innovators making an impact in Southern California and beyond.</p>\n	\N		video	IJFM8Kui1W0	\N	\N
9	Takeshi Yasuda	277	\N	\N	\N	\N	2025-02-17 00:00:00+00	f	takeshi-yasuda	2026-03-19 16:29:42.652+00	2026-03-17 18:18:25.964+00	published	Takeshi Yasuda is a Japanese potter who was born in Tokyo, Japan, in 1943. Yasuda trained at the Daisei-Kiln in Mashiko from 1963 to 1966 and established his first studio there. He served as Director of the Pottery Workshop in Jingdezhen, China and exhibits internationally.\n	\N		video	6KS-bIPW3J4	435	\N
\.


--
-- Data for Name: posts_gallery; Type: TABLE DATA; Schema: public; Owner: -
--

COPY public.posts_gallery (_order, _parent_id, id) FROM stdin;
1	2	69b99ae1aa9ac96a3112116f
1	3	69b99ae5aa9ac96a31121173
2	3	69b99ae5aa9ac96a31121176
1	4	69b99ae8aa9ac96a3112117a
2	4	69b99ae8aa9ac96a3112117d
1	5	69b99aeaaa9ac96a31121181
1	10	69b99afdaa9ac96a31121192
2	10	69b99afdaa9ac96a31121195
3	10	69b99afdaa9ac96a31121198
1	11	69b99b06aa9ac96a3112119c
2	11	69b99b06aa9ac96a3112119e
3	11	69b99b06aa9ac96a311211a1
4	11	69b99b06aa9ac96a311211a4
1	12	69b99b10aa9ac96a311211a8
2	12	69b99b10aa9ac96a311211ac
3	12	69b99b10aa9ac96a311211af
1	13	69b99b21aa9ac96a311211b3
2	13	69b99b21aa9ac96a311211b5
3	13	69b99b21aa9ac96a311211b9
4	13	69b99b21aa9ac96a311211bc
5	13	69b99b21aa9ac96a311211c0
1	14	69b99b29aa9ac96a311211c5
2	14	69b99b29aa9ac96a311211c8
3	14	69b99b29aa9ac96a311211ca
1	9	69b99af1aa9ac96a31121188
2	9	69b99af1aa9ac96a3112118b
3	9	69b99af1aa9ac96a3112118e
\.


--
-- Data for Name: posts_gallery_items; Type: TABLE DATA; Schema: public; Owner: -
--

COPY public.posts_gallery_items (_order, _parent_id, id, image_id, alt, title) FROM stdin;
1	69b99ae1aa9ac96a3112116f	69b99ae1aa9ac96a3112116c	258	\N	Osaka Manhole Cover
2	69b99ae1aa9ac96a3112116f	69b99ae1aa9ac96a3112116d	259	\N	Toasted Mochi
3	69b99ae1aa9ac96a3112116f	69b99ae1aa9ac96a3112116e	260	\N	Teabowl (Chawan)
1	69b99ae5aa9ac96a31121173	69b99ae5aa9ac96a31121171	262	\N	Ceramic bottle, disguised as book.
2	69b99ae5aa9ac96a31121173	69b99ae5aa9ac96a31121172	263	\N	British slipware. Still very popular in Japan.
1	69b99ae5aa9ac96a31121176	69b99ae5aa9ac96a31121174	264	\N	Mount Fuji plate
2	69b99ae5aa9ac96a31121176	69b99ae5aa9ac96a31121175	265	\N	Goblets
1	69b99ae8aa9ac96a3112117a	69b99ae8aa9ac96a31121178	267	\N	Teapot
2	69b99ae8aa9ac96a3112117a	69b99ae8aa9ac96a31121179	268	\N	Chinese Three Color Glaze (8th Century Tang Dynasty)
1	69b99ae8aa9ac96a3112117d	69b99ae8aa9ac96a3112117b	269	\N	Vase
2	69b99ae8aa9ac96a3112117d	69b99ae8aa9ac96a3112117c	270	\N	16th Century Chinese Celadon Pots
1	69b99aeaaa9ac96a31121181	69b99aeaaa9ac96a3112117f	272	\N	Polish Pottery
2	69b99aeaaa9ac96a31121181	69b99aeaaa9ac96a31121180	273	\N	Polish Pottery
1	69b99afdaa9ac96a31121192	69b99afdaa9ac96a31121190	285	\N	Tomo's Pottery
2	69b99afdaa9ac96a31121192	69b99afdaa9ac96a31121191	286	\N	Tomo's Pottery
1	69b99afdaa9ac96a31121195	69b99afdaa9ac96a31121193	287	\N	Tomo Throwing Chawan
2	69b99afdaa9ac96a31121195	69b99afdaa9ac96a31121194	288	\N	Tomo Throwing Bowl
1	69b99afdaa9ac96a31121198	69b99afdaa9ac96a31121196	289	\N	Tomo and staff at his studio in Mashiko, Japan
2	69b99afdaa9ac96a31121198	69b99afdaa9ac96a31121197	290	\N	Theaster Gates Wood Kiln
1	69b99b06aa9ac96a3112119c	69b99b06aa9ac96a3112119a	292	\N	Citrus Juicer
2	69b99b06aa9ac96a3112119c	69b99b06aa9ac96a3112119b	293	\N	Citrus Juicer
1	69b99b06aa9ac96a3112119e	69b99b06aa9ac96a3112119d	294	\N	Citrus Juicer
1	69b99b06aa9ac96a311211a1	69b99b06aa9ac96a3112119f	295	\N	Citrus Juicer
2	69b99b06aa9ac96a311211a1	69b99b06aa9ac96a311211a0	296	\N	Citrus Juicer
1	69b99b06aa9ac96a311211a4	69b99b06aa9ac96a311211a2	297	\N	Citrus Juicer in progress
2	69b99b06aa9ac96a311211a4	69b99b06aa9ac96a311211a3	298	\N	Citrus Juicer in progress
1	69b99b10aa9ac96a311211a8	69b99b10aa9ac96a311211a6	300	\N	Lidded pot in show
2	69b99b10aa9ac96a311211a8	69b99b10aa9ac96a311211a7	301	\N	Lidded pot in show
1	69b99b10aa9ac96a311211ac	69b99b10aa9ac96a311211a9	302	\N	Lidded pot in show
2	69b99b10aa9ac96a311211ac	69b99b10aa9ac96a311211aa	303	\N	Lidded pot in show
3	69b99b10aa9ac96a311211ac	69b99b10aa9ac96a311211ab	304	\N	Lidded pot in show
1	69b99b10aa9ac96a311211af	69b99b10aa9ac96a311211ad	305	\N	Lidded pot in show
2	69b99b10aa9ac96a311211af	69b99b10aa9ac96a311211ae	306	\N	Pot in process (before firing)
1	69b99b21aa9ac96a311211b3	69b99b21aa9ac96a311211b1	308	\N	Finished lantern with handmade washi paper
2	69b99b21aa9ac96a311211b3	69b99b21aa9ac96a311211b2	309	\N	Finished lantern with handmade washi paper
1	69b99b21aa9ac96a311211b5	69b99b21aa9ac96a311211b4	310	\N	Latern Unlit
1	69b99b21aa9ac96a311211b9	69b99b21aa9ac96a311211b6	311	\N	Kozo fiber in process
2	69b99b21aa9ac96a311211b9	69b99b21aa9ac96a311211b7	312	\N	Kozo fiber in process
3	69b99b21aa9ac96a311211b9	69b99b21aa9ac96a311211b8	313	\N	Kozo fiber in process
1	69b99b21aa9ac96a311211bc	69b99b21aa9ac96a311211ba	314	\N	Kozo fiber in process
2	69b99b21aa9ac96a311211bc	69b99b21aa9ac96a311211bb	315	\N	Kozo fiber suspended
1	69b99b21aa9ac96a311211c0	69b99b21aa9ac96a311211bd	316	\N	Mould and deckle
2	69b99b21aa9ac96a311211c0	69b99b21aa9ac96a311211be	317	\N	Removing pulled washi paper
3	69b99b21aa9ac96a311211c0	69b99b21aa9ac96a311211bf	318	\N	Finished washi paper
1	69b99b29aa9ac96a311211c5	69b99b29aa9ac96a311211c2	320	Original Bottle	Original wheel thrown bottle
2	69b99b29aa9ac96a311211c5	69b99b29aa9ac96a311211c3	321	\N	Preparing mold
3	69b99b29aa9ac96a311211c5	69b99b29aa9ac96a311211c4	322	\N	Pouring plaster
1	69b99b29aa9ac96a311211c8	69b99b29aa9ac96a311211c6	323	\N	Slipcast bottle coming out of mold
2	69b99b29aa9ac96a311211c8	69b99b29aa9ac96a311211c7	324	\N	Slipcast bottle after being trimmed, ready for firing
1	69b99b29aa9ac96a311211ca	69b99b29aa9ac96a311211c9	325	\N	Fired slipcast bottle
1	69b99af1aa9ac96a31121188	69b99af1aa9ac96a31121186	278	\N	Platter
2	69b99af1aa9ac96a31121188	69b99af1aa9ac96a31121187	279	\N	Platter Pedestal
1	69b99af1aa9ac96a3112118b	69b99af1aa9ac96a31121189	280	\N	Bowls
2	69b99af1aa9ac96a3112118b	69b99af1aa9ac96a3112118a	281	\N	Goblets
1	69b99af1aa9ac96a3112118e	69b99af1aa9ac96a3112118c	282	\N	Vase
2	69b99af1aa9ac96a3112118e	69b99af1aa9ac96a3112118d	283	\N	Teapot
\.


--
-- Data for Name: posts_rels; Type: TABLE DATA; Schema: public; Owner: -
--

COPY public.posts_rels (id, "order", parent_id, path, posts_id) FROM stdin;
\.


--
-- Data for Name: products; Type: TABLE DATA; Schema: public; Owner: -
--

COPY public.products (id, admin_title, sku, title, name, price, featured, thumb_id, description, width, height, weight, holds, firing_method, food_safe, dishwasher_safe, updated_at, created_at, _order, featured_image_id, length, meta_title, meta_description, meta_image_id) FROM stdin;
11	Ceramic Cup - Glacial Green	C-0003-GRN	Ceramic Cup - Glacial Green	Cup	40	f	46	{"root": {"type": "root", "format": "", "indent": 0, "version": 1, "children": [{"type": "paragraph", "format": "", "indent": 0, "version": 1, "children": [{"mode": "normal", "text": "Glazed in a glacial green and blue, each cup carries subtle variation and depth. Wheel-thrown from durable stoneware, it’s made to be used daily — whether for drink or creative workspaces.", "type": "text", "style": "", "detail": 0, "format": 0, "version": 1}], "direction": "ltr", "textFormat": 0}], "direction": "ltr"}}	3.6	5.25	360	17.75	electric-6	t	t	2026-03-18 19:12:19.137+00	2026-03-17 18:14:59.177+00	aa	\N	\N	\N	\N	\N
47	Ceramic Cruet - Desert Dune	P-0003-BRN	Ceramic Cruet - Desert Dune	Cruet	42	f	229	{"root": {"type": "root", "format": "", "indent": 0, "version": 1, "children": [{"type": "paragraph", "format": "", "indent": 0, "version": 1, "children": [{"mode": "normal", "text": "A small bottle perfect for broth, soy sauce, cooking oils, or dairy like half and half for coffee service, or milk for cereal and tea. Cork included.", "type": "text", "style": "", "detail": 0, "format": 0, "version": 1}], "direction": "ltr", "textStyle": "", "textFormat": 0}, {"type": "paragraph", "format": "", "indent": 0, "version": 1, "children": [{"mode": "normal", "text": "Its compact size makes it easy to handle at the table while adding a thoughtful, handmade touch to everyday meals and gatherings.", "type": "text", "style": "", "detail": 0, "format": 0, "version": 1}], "direction": "ltr", "textStyle": "", "textFormat": 0}], "direction": "ltr"}}	2.5	4.25	273	6.8	electric-6	t	t	2026-03-18 19:14:20.918+00	2026-03-17 18:17:42.262+00	ax	228	\N	\N	\N	\N
36	M-0020-GRN — Mug	M-0020-GRN	Ceramic Mug - Glacial Green	Mug	50	f	174	{"root": {"type": "root", "format": "", "indent": 0, "version": 1, "children": [{"type": "paragraph", "format": "", "indent": 0, "version": 1, "children": [{"mode": "normal", "text": "A wheel-thrown mug designed for coffee and tea lovers alike. The curved body and thick handle give the form a distinctive silhouette while maintaining a comfortable grip in hand.", "type": "text", "style": "", "detail": 0, "format": 0, "version": 1}], "direction": "ltr", "textStyle": "", "textFormat": 0}, {"type": "paragraph", "format": "", "indent": 0, "version": 1, "children": [{"mode": "normal", "text": "Each mug carries subtle variation and layered detail. Crafted from durable stoneware, it’s a functional yet expressive piece made to elevate your daily coffee or tea ritual. Cared for well, it will warm your hands for many winters to come.", "type": "text", "style": "", "detail": 0, "format": 0, "version": 1}], "direction": "ltr", "textStyle": "", "textFormat": 0}], "direction": "ltr"}}	3.2	4.25	382	16.3	electric-6	t	t	2026-03-19 04:27:37.879+00	2026-03-17 18:16:53.77+00	ad	\N	\N	\N	\N	\N
57	P-0007-GRN — Cruet	P-0007-GRN	Ceramic Cruet - Green	Cruet	42	f	382	{"root": {"type": "root", "format": "", "indent": 0, "version": 1, "children": [{"type": "paragraph", "format": "", "indent": 0, "version": 1, "children": [{"mode": "normal", "text": "A small bottle perfect for broth, soy sauce, cooking oils, or dairy like half and half for coffee service, or milk for cereal and tea. Cork included.", "type": "text", "style": "", "detail": 0, "format": 0, "version": 1}], "direction": "ltr", "textStyle": "", "textFormat": 0}, {"type": "paragraph", "format": "", "indent": 0, "version": 1, "children": [{"mode": "normal", "text": "Its compact size makes it easy to handle at the table while adding a thoughtful, handmade touch to everyday meals and gatherings.", "type": "text", "style": "", "detail": 0, "format": 0, "version": 1}], "direction": "ltr", "textStyle": "", "textFormat": 0}], "direction": null}}	2.5	4.25	272	6.8	electric-6	f	f	2026-03-19 05:09:51.023+00	2026-03-19 00:05:49.096+00	a2i	373	\N	\N	\N	\N
52	T-0003-BLK — Petal Tray	T-0003-BLK	Petal Tray - Black	Petal Tray	30	f	248	{"root": {"type": "root", "format": "", "indent": 0, "version": 1, "children": [{"type": "paragraph", "format": "", "indent": 0, "version": 1, "children": [{"mode": "normal", "text": "A slipcast ceramic petal tray glazed in black, designed to add a delicate, sculptural touch to your table or vanity. The gently curved form is perfect for serving condiments, dipping sauces, olives, tea bags, or small bites, making it a charming addition to dinner parties, charcuterie boards, and everyday meals.", "type": "text", "style": "", "detail": 0, "format": 0, "version": 1}], "direction": "ltr", "textStyle": "", "textFormat": 0}, {"type": "paragraph", "format": "", "indent": 0, "version": 1, "children": [{"mode": "normal", "text": "Beyond the table, this versatile stoneware tray doubles as a jewelry dish for rings and earrings or a catchall for small essentials. Both decorative and functional, the handmade ceramic design brings subtle color, texture, and artisan craftsmanship to any space.", "type": "text", "style": "", "detail": 0, "format": 0, "version": 1}], "direction": null, "textStyle": "", "textFormat": 0}], "direction": "ltr"}}	3.6	0.75	110	\N	electric-6	t	t	2026-03-29 20:39:32.805+00	2026-03-17 18:17:59.671+00	b03	69	5.5	\N	\N	\N
4	Small Stoneware Bowl - White & Copper Green	B-0004-COP	Small Stoneware Bowl - White & Copper Green	SM Bowl	42	f	16	{"root": {"type": "root", "format": "", "indent": 0, "version": 1, "children": [{"type": "paragraph", "format": "", "indent": 0, "version": 1, "children": [{"mode": "normal", "text": "This small wheel-thrown bowl is ideal for ice cream, snacks, or rice, glazed in white and accented with a green copper wash along the rim.", "type": "text", "style": "", "detail": 0, "format": 0, "version": 1}], "direction": "ltr", "textStyle": "", "textFormat": 0}, {"type": "paragraph", "format": "", "indent": 0, "version": 1, "children": [{"mode": "normal", "text": "Durable stoneware bowls are made to last a lifetime — bringing beauty, balance, and intention to the meals you return to every day.", "type": "text", "style": "", "detail": 0, "format": 0, "version": 1}], "direction": "ltr", "textStyle": "", "textFormat": 0}], "direction": "ltr"}}	5.5	2.75	366	17	electric-6	t	t	2026-03-18 19:15:14.891+00	2026-03-17 18:14:32.931+00	b09	\N	\N	\N	\N	\N
45	P-0001-PNK — Cruet	P-0001-PNK	Ceramic Cruet - Pink	Cruet	42	t	219	{"root": {"type": "root", "format": "", "indent": 0, "version": 1, "children": [{"type": "paragraph", "format": "", "indent": 0, "version": 1, "children": [{"mode": "normal", "text": "A small bottle perfect for broth, soy sauce, salad dressings, cooking oils, or dairy like half and half for coffee service, or milk for cereal and tea. Cork included.", "type": "text", "style": "", "detail": 0, "format": 0, "version": 1}], "direction": "ltr", "textStyle": "", "textFormat": 0}, {"type": "paragraph", "format": "", "indent": 0, "version": 1, "children": [{"mode": "normal", "text": "Its compact size makes it easy to handle at the table while adding a thoughtful, handmade touch to everyday meals and gatherings.", "type": "text", "style": "", "detail": 0, "format": 0, "version": 1}], "direction": "ltr", "textStyle": "", "textFormat": 0}], "direction": "ltr"}}	2.5	4.25	273	6.8	electric-6	t	t	2026-04-10 15:51:51.318+00	2026-03-17 18:17:34.298+00	a1	223	\N	\N	\N	\N
58	P-0008-GRN — Cruet	P-0008-GRN	Ceramic Cruet - Green & White	Cruet	42	f	386	{"root": {"type": "root", "format": "", "indent": 0, "version": 1, "children": [{"type": "paragraph", "format": "", "indent": 0, "version": 1, "children": [{"mode": "normal", "text": "A small bottle perfect for broth, soy sauce, cooking oils, or dairy like half and half for coffee service, or milk for cereal and tea. Cork included.", "type": "text", "style": "", "detail": 0, "format": 0, "version": 1}], "direction": "ltr", "textStyle": "", "textFormat": 0}, {"type": "paragraph", "format": "", "indent": 0, "version": 1, "children": [{"mode": "normal", "text": "Its compact size makes it easy to handle at the table while adding a thoughtful, handmade touch to everyday meals and gatherings.", "type": "text", "style": "", "detail": 0, "format": 0, "version": 1}], "direction": "ltr", "textStyle": "", "textFormat": 0}], "direction": null}}	2.5	4.25	273	6.8	electric-6	t	t	2026-03-19 00:21:58.18+00	2026-03-19 00:19:29.278+00	a3i	\N	\N	\N	\N	\N
67	J-0007-PUR — Jar	J-0007-PUR	Storage Jar - Periwinkle & White	Jar	75	t	433	{"root": {"type": "root", "format": "", "indent": 0, "version": 1, "children": [{"type": "paragraph", "format": "start", "indent": 0, "version": 1, "children": [{"mode": "normal", "text": "A ceramic lidded jar finished in a blue glaze, offering a surface with subtle depth and variation. Topped with vibrant white knob that encourages the hand to see what's hidden inside.", "type": "text", "style": "", "detail": 0, "format": 0, "version": 1}], "direction": null, "textStyle": "", "textFormat": 0}, {"type": "paragraph", "format": "start", "indent": 0, "version": 1, "children": [{"mode": "normal", "text": "Both functional and decorative, this stoneware jar transitions beautifully from kitchen counter to open shelving, adding texture, intention, and artisan character to your everyday storage.", "type": "text", "style": "", "detail": 0, "format": 0, "version": 1}], "direction": null, "textStyle": "", "textFormat": 0}], "direction": null}}	5.5	6	546	17	electric-6	t	t	2026-04-10 16:18:47.99+00	2026-03-19 03:06:05.848+00	afr	372	\N	\N	\N	\N
68	M-0031-GRN — Mug	M-0031-GRN	Mug - Blue	Mug	50	f	439	{"root": {"type": "root", "format": "", "indent": 0, "version": 1, "children": [{"type": "paragraph", "format": "start", "indent": 0, "version": 1, "children": [{"mode": "normal", "text": "An ample wheel-thrown mug designed for coffee and tea lovers alike. The curved body and thick handle give the form a distinctive silhouette while maintaining a comfortable grip in hand.", "type": "text", "style": "", "detail": 0, "format": 0, "version": 1}], "direction": null, "textStyle": "", "textFormat": 0}, {"type": "paragraph", "format": "start", "indent": 0, "version": 1, "children": [{"mode": "normal", "text": "Each mug carries subtle variation and layered detail. Crafted from durable stoneware, it’s a functional yet expressive piece made to elevate your daily coffee or tea ritual. Cared for well, it will warm your hands for many winters to come.", "type": "text", "style": "", "detail": 0, "format": 0, "version": 1}], "direction": null, "textStyle": "", "textFormat": 0}], "direction": null}}	3.5	4.5	429	16.3	electric-6	t	t	2026-03-21 03:17:35.602+00	2026-03-21 01:53:40.277+00	a2h	\N	\N	\N	\N	\N
48	Ceramic Cruet - White & Copper Green	P-0005-COP	Ceramic Cruet - White & Copper Green	Cruet	42	f	233	{"root": {"type": "root", "format": "", "indent": 0, "version": 1, "children": [{"type": "paragraph", "format": "", "indent": 0, "version": 1, "children": [{"mode": "normal", "text": "A small bottle perfect for broth, soy sauce, cooking oils, or dairy like half and half for coffee service, or milk for cereal and tea. Cork included.", "type": "text", "style": "", "detail": 0, "format": 0, "version": 1}], "direction": "ltr", "textStyle": "", "textFormat": 0}, {"type": "paragraph", "format": "", "indent": 0, "version": 1, "children": [{"mode": "normal", "text": "Its compact size makes it easy to handle at the table while adding a thoughtful, handmade touch to everyday meals and gatherings.", "type": "text", "style": "", "detail": 0, "format": 0, "version": 1}], "direction": null, "textStyle": "", "textFormat": 0}], "direction": "ltr"}}	2.5	4.25	273	6.8	electric-6	t	t	2026-03-18 19:15:02.674+00	2026-03-17 18:17:45.681+00	b06	228	\N	\N	\N	\N
14	Textured Storage Jar - Cobalt Blue	J-0002-BLU	Textured Storage Jar - Cobalt Blue	Textured Jar	65	f	59	{"root": {"type": "root", "format": "", "indent": 0, "version": 1, "children": [{"type": "paragraph", "format": "", "indent": 0, "version": 1, "children": [{"mode": "normal", "text": "A textured ceramic lidded jar finished in a satin cobalt blue glaze, offering a soft, earthy surface with subtle depth and variation.", "type": "text", "style": "", "detail": 0, "format": 0, "version": 1}], "direction": "ltr", "textStyle": "", "textFormat": 0}, {"type": "paragraph", "format": "", "indent": 0, "version": 1, "children": [{"mode": "normal", "text": "Both functional and decorative, this stoneware jar transitions beautifully from kitchen counter to open shelving, adding texture, intention, and artisan character to your everyday storage.", "type": "text", "style": "", "detail": 0, "format": 0, "version": 1}], "direction": "ltr", "textStyle": "", "textFormat": 0}], "direction": "ltr"}}	3.25	4.25	490	12	electric-6	t	t	2026-03-18 19:14:19.134+00	2026-03-17 18:15:12.241+00	aw	58	\N	\N	\N	\N
10	Ceramic Cup - White & Copper Green	C-0002-COP	Ceramic Cup - White & Copper Green	Cup	40	f	40	{"root": {"type": "root", "format": "", "indent": 0, "version": 1, "children": [{"type": "paragraph", "format": "", "indent": 0, "version": 1, "children": [{"mode": "normal", "text": "Glazed in a clean white finish and accented with a hand-brushed green copper wash around the rim, each cup carries subtle variation and depth. Wheel-thrown from durable stoneware, it’s made to be used daily — whether for drink or creative workspaces.", "type": "text", "style": "", "detail": 0, "format": 0, "version": 1}], "direction": "ltr", "textFormat": 0}], "direction": "ltr"}}	3.75	4.5	324	16.83	electric-6	t	t	2026-03-18 19:15:17.656+00	2026-03-17 18:14:55.963+00	b0a	44	\N	\N	\N	\N
2	B-0002-BLK — MD Bowl	B-0002-BLK	Carved Stoneware Bowl - Black	MD Bowl	52	f	6	{"root": {"type": "root", "format": "", "indent": 0, "version": 1, "children": [{"type": "paragraph", "format": "", "indent": 0, "version": 1, "children": [{"mode": "normal", "text": "A medium wheel thrown bowl perfect for entrees. Dipped in a black glaze, with carvings decorating the outside providing a tactile experience and visual interest.", "type": "text", "style": "", "detail": 0, "format": 0, "version": 1}], "direction": "ltr", "textStyle": "", "textFormat": 0}, {"type": "paragraph", "format": "", "indent": 0, "version": 1, "children": [{"mode": "normal", "text": "Durable stoneware bowls are made to last a lifetime — bringing beauty, balance, and intention to the meals you return to every day.", "type": "text", "style": "", "detail": 0, "format": 0, "version": 1}], "direction": "ltr", "textStyle": "", "textFormat": 0}], "direction": "ltr"}}	6.75	2.75	471	24	electric-6	t	t	2026-04-10 15:19:52.318+00	2026-03-17 18:14:25.629+00	b04	10	\N	\N	\N	\N
17	J-0005-PUR — Textured Jar	J-0005-PUR	Textured Storage Jar - Purple	Textured Jar	65	f	76	{"root": {"type": "root", "format": "", "indent": 0, "version": 1, "children": [{"type": "paragraph", "format": "", "indent": 0, "version": 1, "children": [{"mode": "normal", "text": "A textured ceramic lidded jar finished in a glossy purple and white glaze, offering a soft, earthy surface with subtle depth and variation.", "type": "text", "style": "", "detail": 0, "format": 0, "version": 1}], "direction": "ltr", "textStyle": "", "textFormat": 0}, {"type": "paragraph", "format": "", "indent": 0, "version": 1, "children": [{"mode": "normal", "text": "Both functional and decorative, this stoneware jar transitions beautifully from kitchen counter to open shelving, adding texture, intention, and artisan character to your everyday storage.", "type": "text", "style": "", "detail": 0, "format": 0, "version": 1}], "direction": "ltr", "textStyle": "", "textFormat": 0}], "direction": "ltr"}}	3.75	4.25	473	14.7	electric-6	f	f	2026-03-19 04:04:40.684+00	2026-03-17 18:15:27.167+00	aj9	\N	\N	\N	\N	\N
25	Ceramic Mug - Glacial Green	M-0009-GRN	Ceramic Mug - Glacial Green	Mug	50	f	119	{"root": {"type": "root", "format": "", "indent": 0, "version": 1, "children": [{"type": "paragraph", "format": "", "indent": 0, "version": 1, "children": [{"mode": "normal", "text": "An ample wheel-thrown mug designed for coffee and tea lovers alike. The thick handle and barreled body give the form a distinctive silhouette while maintaining a comfortable grip in hand.", "type": "text", "style": "", "detail": 0, "format": 0, "version": 1}], "direction": "ltr", "textStyle": "", "textFormat": 0}, {"type": "paragraph", "format": "", "indent": 0, "version": 1, "children": [{"mode": "normal", "text": "Each mug carries subtle variation and layered detail. Crafted from durable stoneware, it’s a functional yet expressive piece made to elevate your daily coffee or tea ritual. Cared for well, it will warm your hands for many winters to come.", "type": "text", "style": "", "detail": 0, "format": 0, "version": 1}], "direction": "ltr", "textStyle": "", "textFormat": 0}], "direction": "ltr"}}	3.75	4.75	436	21.75	electric-6	t	t	2026-03-18 19:12:04.48+00	2026-03-17 18:16:03.755+00	a7	\N	\N	\N	\N	\N
21	Ceramic Mug - Purple	M-0005-PUR	Ceramic Mug - Purple	Mug	50	f	99	{"root": {"type": "root", "format": "", "indent": 0, "version": 1, "children": [{"type": "paragraph", "format": "", "indent": 0, "version": 1, "children": [{"mode": "normal", "text": "An ample wheel-thrown mug designed for coffee and tea lovers alike. The curved body and thick handle give the form a distinctive silhouette while maintaining a comfortable grip in hand.", "type": "text", "style": "", "detail": 0, "format": 0, "version": 1}], "direction": "ltr", "textStyle": "", "textFormat": 0}, {"type": "paragraph", "format": "", "indent": 0, "version": 1, "children": [{"mode": "normal", "text": "Each mug carries subtle variation and layered detail. Crafted from durable stoneware, it’s a functional yet expressive piece made to elevate your daily coffee or tea ritual. Cared for well, it will warm your hands for many winters to come.", "type": "text", "style": "", "detail": 0, "format": 0, "version": 1}], "direction": "ltr", "textStyle": "", "textFormat": 0}], "direction": "ltr"}}	2.5	5	427	20	electric-6	t	t	2026-03-18 19:13:12.486+00	2026-03-17 18:15:44.574+00	ak	\N	\N	\N	\N	\N
60	T-0007-YEL — Petal Tray	T-0007-YEL	Petal Tray - Yellow & White	Petal Tray	30	f	394	{"root": {"type": "root", "format": "", "indent": 0, "version": 1, "children": [{"type": "paragraph", "format": "", "indent": 0, "version": 1, "children": [{"mode": "normal", "text": "A slipcast ceramic petal tray glazed in soft pink and white, designed to add a delicate, sculptural touch to your table or vanity. The gently curved form is perfect for serving condiments, dipping sauces, olives, tea bags, or small bites, making it a charming addition to dinner parties, charcuterie boards, and everyday meals.", "type": "text", "style": "", "detail": 0, "format": 0, "version": 1}], "direction": "ltr", "textStyle": "", "textFormat": 0}, {"type": "paragraph", "format": "", "indent": 0, "version": 1, "children": [{"mode": "normal", "text": "Beyond the table, this versatile stoneware tray doubles as a jewelry dish for rings and earrings or a catchall for small essentials. Both decorative and functional, the handmade ceramic design brings subtle color, texture, and artisan craftsmanship to any space.", "type": "text", "style": "", "detail": 0, "format": 0, "version": 1}], "direction": null, "textStyle": "", "textFormat": 0}], "direction": null}}	3.6	0.75	110	\N	electric-6	t	t	2026-03-29 20:38:50.595+00	2026-03-19 01:07:34.802+00	a29	\N	5.5	\N	\N	\N
53	T-0004-COP — Petal Tray	T-0004-COP	Petal Tray - Copper	Petal Tray	30	f	253	{"root": {"type": "root", "format": "", "indent": 0, "version": 1, "children": [{"type": "paragraph", "format": "", "indent": 0, "version": 1, "children": [{"mode": "normal", "text": "A slipcast ceramic petal tray glazed in white and brushed with a copper wash designed to add a delicate, sculptural touch to your table or vanity. The gently curved form is perfect for serving condiments, dipping sauces, olives, tea bags, or small bites, making it a charming addition to dinner parties, charcuterie boards, and everyday meals.", "type": "text", "style": "", "detail": 0, "format": 0, "version": 1}], "direction": "ltr", "textStyle": "", "textFormat": 0}, {"type": "paragraph", "format": "", "indent": 0, "version": 1, "children": [{"mode": "normal", "text": "Beyond the table, this versatile stoneware tray doubles as a jewelry dish for rings and earrings or a catchall for small essentials. Both decorative and functional, the handmade ceramic design brings subtle color, texture, and artisan craftsmanship to any space.", "type": "text", "style": "", "detail": 0, "format": 0, "version": 1}], "direction": null, "textStyle": "", "textFormat": 0}], "direction": "ltr"}}	3.6	0.75	110	\N	electric-6	t	t	2026-03-29 20:39:25.241+00	2026-03-17 18:18:03.505+00	b07	69	5.5	\N	\N	\N
3	Medium Stoneware Bowl - White & Copper Green	B-0003-COP	Medium Stoneware Bowl - White & Copper Green	MD Bowl	52	f	12	{"root": {"type": "root", "format": "", "indent": 0, "version": 1, "children": [{"type": "paragraph", "format": "", "indent": 0, "version": 1, "children": [{"mode": "normal", "text": "Wheel-thrown and perfectly sized for entrées or soups, this bowl includes handmade handles for comfortable, easy serving.", "type": "text", "style": "", "detail": 0, "format": 0, "version": 1}], "direction": "ltr", "textStyle": "", "textFormat": 0}, {"type": "paragraph", "format": "", "indent": 0, "version": 1, "children": [{"mode": "normal", "text": "Durable stoneware bowls are made to last a lifetime — bringing beauty, balance, and intention to the meals you return to every day.", "type": "text", "style": "", "detail": 0, "format": 0, "version": 1}], "direction": "ltr", "textStyle": "", "textFormat": 0}], "direction": "ltr"}}	6.6	3.5	702	34.85	electric-6	t	t	2026-03-18 19:15:09.663+00	2026-03-17 18:14:28.982+00	b08	\N	\N	\N	\N	\N
22	Ceramic Mug - Green & Purple	M-0006-GRN	Ceramic Mug - Green & Purple	Mug	50	f	104	{"root": {"type": "root", "format": "", "indent": 0, "version": 1, "children": [{"type": "paragraph", "format": "", "indent": 0, "version": 1, "children": [{"mode": "normal", "text": "An ample wheel-thrown mug designed for coffee and tea lovers alike. The curved body and thick handle give the form a distinctive silhouette while maintaining a comfortable grip in hand.", "type": "text", "style": "", "detail": 0, "format": 0, "version": 1}], "direction": "ltr", "textStyle": "", "textFormat": 0}, {"type": "paragraph", "format": "", "indent": 0, "version": 1, "children": [{"mode": "normal", "text": "Each mug carries subtle variation and layered detail. Crafted from durable stoneware, it’s a functional yet expressive piece made to elevate your daily coffee or tea ritual.", "type": "text", "style": "", "detail": 0, "format": 0, "version": 1}], "direction": "ltr", "textStyle": "", "textFormat": 0}], "direction": "ltr"}}	3.5	4.5	432	18.4	electric-6	t	t	2026-03-18 19:13:37.971+00	2026-03-17 18:15:48.913+00	ao	\N	\N	\N	\N	\N
62	T-0008-WHT — Petal Tray	T-0008-WHT	Petal Tray - White	Petal Tray	30	f	401	{"root": {"type": "root", "format": "", "indent": 0, "version": 1, "children": [{"type": "paragraph", "format": "", "indent": 0, "version": 1, "children": [{"mode": "normal", "text": "A slipcast ceramic petal tray glazed in soft pink and white, designed to add a delicate, sculptural touch to your table or vanity. The gently curved form is perfect for serving condiments, dipping sauces, olives, tea bags, or small bites, making it a charming addition to dinner parties, charcuterie boards, and everyday meals.", "type": "text", "style": "", "detail": 0, "format": 0, "version": 1}], "direction": "ltr", "textStyle": "", "textFormat": 0}, {"type": "paragraph", "format": "", "indent": 0, "version": 1, "children": [{"mode": "normal", "text": "Beyond the table, this versatile stoneware tray doubles as a jewelry dish for rings and earrings or a catchall for small essentials. Both decorative and functional, the handmade ceramic design brings subtle color, texture, and artisan craftsmanship to any space.", "type": "text", "style": "", "detail": 0, "format": 0, "version": 1}], "direction": null, "textStyle": "", "textFormat": 0}], "direction": null}}	3.6	0.75	110	\N	electric-6	t	t	2026-04-09 04:05:22.776+00	2026-03-19 01:28:46.593+00	9v	\N	5.5	\N	\N	\N
19	M-0003-TEM — Mug	M-0003-TEM	Ceramic Mug - Brown	Mug	50	f	88	{"root": {"type": "root", "format": "", "indent": 0, "version": 1, "children": [{"type": "paragraph", "format": "", "indent": 0, "version": 1, "children": [{"mode": "normal", "text": "An ample wheel-thrown mug designed for coffee and tea lovers alike. The curved body and thick handle give the form a distinctive silhouette while maintaining a comfortable grip in hand.", "type": "text", "style": "", "detail": 0, "format": 0, "version": 1}], "direction": "ltr", "textStyle": "", "textFormat": 0}, {"type": "paragraph", "format": "", "indent": 0, "version": 1, "children": [{"mode": "normal", "text": "Each mug carries subtle variation and layered detail. Crafted from durable stoneware, it’s a functional yet expressive piece made to elevate your daily coffee or tea ritual.", "type": "text", "style": "", "detail": 0, "format": 0, "version": 1}], "direction": "ltr", "textStyle": "", "textFormat": 0}], "direction": "ltr"}}	3.75	3.5	363	17.5	electric-6	t	t	2026-03-19 04:33:17.409+00	2026-03-17 18:15:35.669+00	b01	\N	\N	\N	\N	\N
20	M-0004-COP — Mug	M-0004-COP	Ceramic Mug - White & Copper Green	Mug	50	f	93	{"root": {"type": "root", "format": "", "indent": 0, "version": 1, "children": [{"type": "paragraph", "format": "", "indent": 0, "version": 1, "children": [{"mode": "normal", "text": "An ample wheel-thrown mug designed for coffee and tea lovers alike. The curved body and thick handle give the form a distinctive silhouette while maintaining a comfortable grip in hand.", "type": "text", "style": "", "detail": 0, "format": 0, "version": 1}], "direction": "ltr", "textStyle": "", "textFormat": 0}, {"type": "paragraph", "format": "", "indent": 0, "version": 1, "children": [{"mode": "normal", "text": "Each mug carries subtle variation and layered detail. Crafted from durable stoneware, it’s a functional yet expressive piece made to elevate your daily coffee or tea ritual. Cared for well, it will warm your hands for many winters to come.", "type": "text", "style": "", "detail": 0, "format": 0, "version": 1}], "direction": "ltr", "textStyle": "", "textFormat": 0}], "direction": "ltr"}}	3.75	4.75	362	16	electric-6	t	t	2026-03-19 04:34:26.237+00	2026-03-17 18:15:40.254+00	b0b	\N	\N	\N	\N	\N
26	Ceramic Mug - Glacial Green	M-0010-GRN	Ceramic Mug - Glacial Green	Mug	50	f	124	{"root": {"type": "root", "format": "", "indent": 0, "version": 1, "children": [{"type": "paragraph", "format": "", "indent": 0, "version": 1, "children": [{"mode": "normal", "text": "An ample wheel-thrown mug designed for coffee and tea lovers alike. The wide barreled body and thick handle give the form a distinctive silhouette while maintaining a comfortable grip in hand.", "type": "text", "style": "", "detail": 0, "format": 0, "version": 1}], "direction": "ltr", "textStyle": "", "textFormat": 0}, {"type": "paragraph", "format": "", "indent": 0, "version": 1, "children": [{"mode": "normal", "text": "Each mug carries subtle variation and layered detail. Crafted from durable stoneware, it’s a functional yet expressive piece made to elevate your daily coffee or tea ritual. Cared for well, it will warm your hands for many winters to come.", "type": "text", "style": "", "detail": 0, "format": 0, "version": 1}], "direction": "ltr", "textStyle": "", "textFormat": 0}], "direction": "ltr"}}	3.75	4	389	18.9	electric-6	t	t	2026-03-18 19:12:16.747+00	2026-03-17 18:16:09.041+00	a9	\N	\N	\N	\N	\N
29	Ceramic Mug - White & Copper Green	M-0013-COP	Ceramic Mug - White & Copper Green	Mug	50	f	139	{"root": {"type": "root", "format": "", "indent": 0, "version": 1, "children": [{"type": "paragraph", "format": "", "indent": 0, "version": 1, "children": [{"mode": "normal", "text": "An ample wheel-thrown mug designed for coffee and tea lovers alike. The curved body and thick handle give the form a distinctive silhouette while maintaining a comfortable grip in hand.", "type": "text", "style": "", "detail": 0, "format": 0, "version": 1}], "direction": "ltr", "textStyle": "", "textFormat": 0}, {"type": "paragraph", "format": "", "indent": 0, "version": 1, "children": [{"mode": "normal", "text": "Each mug carries subtle variation and layered detail. Crafted from durable stoneware, it’s a functional yet expressive piece made to elevate your daily coffee or tea ritual. Cared for well, it will warm your hands for many winters to come.", "type": "text", "style": "", "detail": 0, "format": 0, "version": 1}], "direction": "ltr", "textStyle": "", "textFormat": 0}], "direction": "ltr"}}	3.5	4.25	382	17	electric-6	t	t	2026-03-18 19:15:27.588+00	2026-03-17 18:16:22.392+00	b0c	\N	\N	\N	\N	\N
69	M-0032-WHT — Mug	M-0032-WHT	Mug - White	Mug	50	t	445	{"root": {"type": "root", "format": "", "indent": 0, "version": 1, "children": [{"type": "paragraph", "format": "start", "indent": 0, "version": 1, "children": [{"mode": "normal", "text": "An ample wheel-thrown mug with carvings designed for coffee and tea lovers alike. The curved body and thick handle give the form a distinctive silhouette while maintaining a comfortable grip in hand.", "type": "text", "style": "", "detail": 0, "format": 0, "version": 1}], "direction": null, "textStyle": "", "textFormat": 0}, {"type": "paragraph", "format": "start", "indent": 0, "version": 1, "children": [{"mode": "normal", "text": "Each mug carries subtle variation and layered detail. Crafted from durable stoneware, it’s a functional yet expressive piece made to elevate your daily coffee or tea ritual.", "type": "text", "style": "", "detail": 0, "format": 0, "version": 1}], "direction": null, "textStyle": "", "textFormat": 0}], "direction": null}}	3.5	4.75	386	18.5	electric-6	t	t	2026-04-10 15:50:47.589+00	2026-03-21 02:08:25.892+00	9w	\N	\N	\N	\N	\N
32	M-0016-WHT — Mug	M-0016-WHT	Stoneware Mug - White & Pink	Mug	50	t	154	{"root": {"type": "root", "format": "", "indent": 0, "version": 1, "children": [{"type": "paragraph", "format": "", "indent": 0, "version": 1, "children": [{"mode": "normal", "text": "An ample wheel-thrown mug designed for coffee and tea lovers alike. The curved body and thick handle give the form a distinctive silhouette while maintaining a comfortable grip in hand.", "type": "text", "style": "", "detail": 0, "format": 0, "version": 1}], "direction": "ltr", "textStyle": "", "textFormat": 0}, {"type": "paragraph", "format": "", "indent": 0, "version": 1, "children": [{"mode": "normal", "text": "Each mug carries subtle variation and layered detail. Crafted from durable stoneware, it’s a functional yet expressive piece made to elevate your daily coffee or tea ritual. Cared for well, it will warm your hands for many winters to come.", "type": "text", "style": "", "detail": 0, "format": 0, "version": 1}], "direction": "ltr", "textStyle": "", "textFormat": 0}], "direction": "ltr"}}	4.1	4.5	434	20	electric-6	t	t	2026-04-10 16:46:49.187+00	2026-03-17 18:16:35.167+00	9z	\N	\N	\N	\N	\N
31	Ceramic Mug - Glacial Green	M-0015-GRN	Ceramic Mug - Glacial Green	Mug	50	f	149	{"root": {"type": "root", "format": "", "indent": 0, "version": 1, "children": [{"type": "paragraph", "format": "", "indent": 0, "version": 1, "children": [{"mode": "normal", "text": "An ample wheel-thrown mug designed for coffee and tea lovers alike. The tall curved body give the form a distinctive silhouette while maintaining a comfortable grip in hand.", "type": "text", "style": "", "detail": 0, "format": 0, "version": 1}], "direction": "ltr", "textStyle": "", "textFormat": 0}, {"type": "paragraph", "format": "", "indent": 0, "version": 1, "children": [{"mode": "normal", "text": "Each mug carries subtle variation and layered detail. Crafted from durable stoneware, it’s a functional yet expressive piece made to elevate your daily coffee or tea ritual. Cared for well, it will warm your hands for many winters to come.", "type": "text", "style": "", "detail": 0, "format": 0, "version": 1}], "direction": "ltr", "textStyle": "", "textFormat": 0}], "direction": "ltr"}}	3.5	4.9	395	17.8	electric-6	t	t	2026-03-18 19:12:11.488+00	2026-03-17 18:16:30.712+00	a8	\N	\N	\N	\N	\N
35	M-0019-GRN — Mug	M-0019-GRN	Ceramic Mug - Glacial Green	Mug	50	f	169	{"root": {"type": "root", "format": "", "indent": 0, "version": 1, "children": [{"type": "paragraph", "format": "", "indent": 0, "version": 1, "children": [{"mode": "normal", "text": "An ample wheel-thrown mug designed for coffee and tea lovers alike. The wide barreled body and thick handle give the form a distinctive silhouette while maintaining a comfortable grip in hand.", "type": "text", "style": "", "detail": 0, "format": 0, "version": 1}], "direction": "ltr", "textStyle": "", "textFormat": 0}, {"type": "paragraph", "format": "", "indent": 0, "version": 1, "children": [{"mode": "normal", "text": "Each mug carries subtle variation and layered detail. Crafted from durable stoneware, it’s a functional yet expressive piece made to elevate your daily coffee or tea ritual. Cared for well, it will warm your hands for many winters to come.", "type": "text", "style": "", "detail": 0, "format": 0, "version": 1}], "direction": "ltr", "textStyle": "", "textFormat": 0}], "direction": "ltr"}}	4	4.25	404	19.7	electric-6	t	t	2026-03-19 04:26:36.34+00	2026-03-17 18:16:49.742+00	ac	\N	\N	\N	\N	\N
15	J-0003-BLU — Round Jar	J-0003-BLU	Storage Jar - Blue White	Round Jar	65	f	64	{"root": {"type": "root", "format": "", "indent": 0, "version": 1, "children": [{"type": "paragraph", "format": "", "indent": 0, "version": 1, "children": [{"mode": "normal", "text": "A  ceramic lidded jar finished in a blue white glaze, offering a soft, earthy surface with subtle depth and variation.", "type": "text", "style": "", "detail": 0, "format": 0, "version": 1}], "direction": "ltr", "textStyle": "", "textFormat": 0}, {"type": "paragraph", "format": "", "indent": 0, "version": 1, "children": [{"mode": "normal", "text": "Both functional and decorative, this stoneware jar transitions beautifully from kitchen counter to open shelving, adding texture, intention, and artisan character to your everyday storage.", "type": "text", "style": "", "detail": 0, "format": 0, "version": 1}], "direction": "ltr", "textStyle": "", "textFormat": 0}], "direction": "ltr"}}	5	5	572	20	electric-6	t	t	2026-03-19 04:20:02.845+00	2026-03-17 18:15:17.56+00	af	69	\N	\N	\N	\N
70	M-0033-PUR — Mug	M-0033-PUR	Mug - Periwinkle	Mug	50	f	446	{"root": {"type": "root", "format": "", "indent": 0, "version": 1, "children": [{"type": "paragraph", "format": "left", "indent": 0, "version": 1, "children": [{"mode": "normal", "text": "An ample wheel-thrown mug with carvings designed for coffee and tea lovers alike. The curved body and thick handle give the form a distinctive silhouette while maintaining a comfortable grip in hand.", "type": "text", "style": "", "detail": 0, "format": 0, "version": 1}], "direction": null, "textStyle": "", "textFormat": 0}, {"type": "paragraph", "format": "left", "indent": 0, "version": 1, "children": [{"mode": "normal", "text": "Each mug carries subtle variation and layered detail. Crafted from durable stoneware, it’s a functional yet expressive piece made to elevate your daily coffee or tea ritual.", "type": "text", "style": "", "detail": 0, "format": 0, "version": 1}], "direction": null, "textStyle": "", "textFormat": 0}], "direction": null}}	3.5	4.75	407	16.3	electric-6	t	t	2026-03-22 02:45:02.516+00	2026-03-21 02:24:52.072+00	aii	\N	\N	\N	\N	\N
75	M-0036-PUR — Mug	M-0036-PUR	Ceramic Mug - Purple & White	Mug	50	t	485	{"root": {"type": "root", "format": "", "indent": 0, "version": 1, "children": [{"type": "paragraph", "format": "", "indent": 0, "version": 1, "children": [{"mode": "normal", "text": "An ample wheel-thrown mug designed for coffee and tea lovers alike. The curved body and one-finger handle design give the form a distinctive silhouette while maintaining a comfortable grip in hand.", "type": "text", "style": "", "detail": 0, "format": 0, "version": 1}], "direction": "ltr", "textStyle": "", "textFormat": 0}, {"type": "paragraph", "format": "", "indent": 0, "version": 1, "children": [{"mode": "normal", "text": "Each mug carries subtle variation and layered detail. Crafted from durable stoneware, it’s a functional yet expressive piece made to elevate your daily coffee or tea ritual. Cared for well, it will warm your hands for many winters to come.", "type": "text", "style": "", "detail": 0, "format": 0, "version": 1}], "direction": "ltr", "textStyle": "", "textFormat": 0}], "direction": null}}	3.5	4	350	17.2	electric-6	t	t	2026-04-09 05:55:13.593+00	2026-04-09 03:36:24.37+00	adi	475	\N	\N	\N	\N
40	Ceramic Mug - Purple	M-0024-PUR	Ceramic Mug - Purple	Mug	50	f	194	{"root": {"type": "root", "format": "", "indent": 0, "version": 1, "children": [{"type": "paragraph", "format": "", "indent": 0, "version": 1, "children": [{"mode": "normal", "text": "An ample wheel-thrown mug designed for coffee and tea lovers alike. The curved body and thick handle give the form a distinctive silhouette while maintaining a comfortable grip in hand.", "type": "text", "style": "", "detail": 0, "format": 0, "version": 1}], "direction": "ltr", "textStyle": "", "textFormat": 0}, {"type": "paragraph", "format": "", "indent": 0, "version": 1, "children": [{"mode": "normal", "text": "Each mug carries subtle variation and layered detail. Crafted from durable stoneware, it’s a functional yet expressive piece made to elevate your daily coffee or tea ritual. Cared for well, it will warm your hands for many winters to come.", "type": "text", "style": "", "detail": 0, "format": 0, "version": 1}], "direction": "ltr", "textStyle": "", "textFormat": 0}], "direction": "ltr"}}	3.5	5	381	19.1	electric-6	t	t	2026-03-18 19:13:07.817+00	2026-03-17 18:17:11.634+00	aj	\N	\N	\N	\N	\N
16	J-0004-BLU — Textured Jar	J-0004-BLU	Textured Storage Jar - Cobalt Blue	Textured Jar	65	f	70	{"root": {"type": "root", "format": "", "indent": 0, "version": 1, "children": [{"type": "paragraph", "format": "", "indent": 0, "version": 1, "children": [{"mode": "normal", "text": "A textured ceramic lidded jar finished in a satin cobalt blue glaze, offering a soft, earthy surface with subtle depth and variation.", "type": "text", "style": "", "detail": 0, "format": 0, "version": 1}], "direction": "ltr", "textStyle": "", "textFormat": 0}, {"type": "paragraph", "format": "", "indent": 0, "version": 1, "children": [{"mode": "normal", "text": "Both functional and decorative, this stoneware jar transitions beautifully from kitchen counter to open shelving, adding texture, intention, and artisan character to your everyday storage.", "type": "text", "style": "", "detail": 0, "format": 0, "version": 1}], "direction": "ltr", "textStyle": "", "textFormat": 0}], "direction": "ltr"}}	3.75	4.25	518	12	electric-6	f	f	2026-04-10 15:42:11.032+00	2026-03-17 18:15:22.66+00	av	\N	\N	\N	\N	\N
33	M-0017-WHT — Mug	M-0017-WHT	Ceramic Mug - White	Mug	50	f	159	{"root": {"type": "root", "format": "", "indent": 0, "version": 1, "children": [{"type": "paragraph", "format": "", "indent": 0, "version": 1, "children": [{"mode": "normal", "text": "An ample wheel-thrown mug designed for coffee and tea lovers alike. The curved body and thick handle give the form a distinctive silhouette while maintaining a comfortable grip in hand.", "type": "text", "style": "", "detail": 0, "format": 0, "version": 1}], "direction": "ltr", "textStyle": "", "textFormat": 0}, {"type": "paragraph", "format": "", "indent": 0, "version": 1, "children": [{"mode": "normal", "text": "Each mug carries subtle variation and layered detail. Crafted from durable stoneware, it’s a functional yet expressive piece made to elevate your daily coffee or tea ritual. Cared for well, it will warm your hands for many winters to come.", "type": "text", "style": "", "detail": 0, "format": 0, "version": 1}], "direction": "ltr", "textStyle": "", "textFormat": 0}], "direction": "ltr"}}	3.5	4.75	385	18	\N	t	t	2026-04-09 04:05:07.38+00	2026-03-17 18:16:39.736+00	9x	\N	\N	\N	\N	\N
76	M-0037-PNK — Mug	M-0037-PNK	Ceramic Mug - Pink	Mug	50	t	480	{"root": {"type": "root", "format": "", "indent": 0, "version": 1, "children": [{"type": "paragraph", "format": "", "indent": 0, "version": 1, "children": [{"mode": "normal", "text": "An ample wheel-thrown mug designed for coffee and tea lovers alike. The curved body and handle design give the form a distinctive silhouette while maintaining a comfortable grip in hand.", "type": "text", "style": "", "detail": 0, "format": 0, "version": 1}], "direction": "ltr", "textStyle": "", "textFormat": 0}, {"type": "paragraph", "format": "", "indent": 0, "version": 1, "children": [{"mode": "normal", "text": "Each mug carries subtle variation and layered detail. Crafted from durable stoneware, it’s a functional yet expressive piece made to elevate your daily coffee or tea ritual. Cared for well, it will warm your hands for many winters to come.", "type": "text", "style": "", "detail": 0, "format": 0, "version": 1}], "direction": "ltr", "textStyle": "", "textFormat": 0}], "direction": null}}	3.5	4	372	15.1	electric-6	t	t	2026-04-09 04:07:19.829+00	2026-04-09 04:04:12.49+00	a1i	\N	\N	\N	\N	\N
1	Small Stoneware Bowl - Glacial Green & Blue	B-0001-GRN	Small Stoneware Bowl - Glacial Green & Blue	SM Bowl	42	f	1	{"root": {"type": "root", "format": "", "indent": 0, "version": 1, "children": [{"type": "paragraph", "format": "", "indent": 0, "version": 1, "children": [{"mode": "normal", "text": "A small wheel thrown bowl for ice cream, snacks, rice, etc. Decorated in a glacial green and blue glaze.", "type": "text", "style": "", "detail": 0, "format": 0, "version": 1}], "direction": "ltr", "textStyle": "", "textFormat": 0}, {"type": "paragraph", "format": "", "indent": 0, "version": 1, "children": [{"mode": "normal", "text": "Durable stoneware bowls are made to last a lifetime — bringing beauty, balance, and intention to the meals you return to every day.", "type": "text", "style": "", "detail": 0, "format": 0, "version": 1}], "direction": "ltr", "textStyle": "", "textFormat": 0}, {"type": "paragraph", "format": "", "indent": 0, "version": 1, "children": [], "direction": null, "textStyle": "", "textFormat": 0}], "direction": "ltr"}}	5	2.75	325	16.5	electric-6	t	t	2026-03-18 19:11:44.064+00	2026-03-17 18:14:21.231+00	a4	\N	\N	\N	\N	\N
41	Ceramic Mug - Purple	M-0025-PUR	Ceramic Mug - Purple	Mug	50	f	199	{"root": {"type": "root", "format": "", "indent": 0, "version": 1, "children": [{"type": "paragraph", "format": "", "indent": 0, "version": 1, "children": [{"mode": "normal", "text": "An ample wheel-thrown mug designed for coffee and tea lovers alike. The curved body and thick handle give the form a distinctive silhouette while maintaining a comfortable grip in hand.", "type": "text", "style": "", "detail": 0, "format": 0, "version": 1}], "direction": "ltr", "textStyle": "", "textFormat": 0}, {"type": "paragraph", "format": "", "indent": 0, "version": 1, "children": [{"mode": "normal", "text": "Each mug carries subtle variation and layered detail. Crafted from durable stoneware, it’s a functional yet expressive piece made to elevate your daily coffee or tea ritual. Cared for well, it will warm your hands for many winters to come.", "type": "text", "style": "", "detail": 0, "format": 0, "version": 1}], "direction": "ltr", "textStyle": "", "textFormat": 0}], "direction": "ltr"}}	3.5	4.25	338	18.25	electric-6	t	t	2026-03-18 19:13:03.46+00	2026-03-17 18:17:16.157+00	ai	\N	\N	\N	\N	\N
6	B-0006-PUR — Berry Bowl	B-0006-PUR	Stoneware Berry Bowl - Green & Purple	Berry Bowl	48	f	24	{"root": {"type": "root", "format": "", "indent": 0, "version": 1, "children": [{"type": "paragraph", "format": "", "indent": 0, "version": 1, "children": [{"mode": "normal", "text": "A small berry bowl for rinsing fresh fruit and vegetables, complete with handbuilt handles. Perfect for spring mornings and summer gatherings. Decorated with purple and green dip glazes.", "type": "text", "style": "", "detail": 0, "format": 0, "version": 1}], "direction": "ltr", "textStyle": "", "textFormat": 0}, {"type": "paragraph", "format": "", "indent": 0, "version": 1, "children": [{"mode": "normal", "text": "Durable stoneware is made to last a lifetime — bringing beauty, balance, and intention to the meals you return to every day.", "type": "text", "style": "", "detail": 0, "format": 0, "version": 1}], "direction": "ltr", "textStyle": "", "textFormat": 0}], "direction": "ltr"}}	5.25	2.75	400	\N	electric-6	t	t	2026-04-10 15:42:02.643+00	2026-03-17 18:14:40.938+00	aq	\N	\N	\N	\N	\N
73	T-0009-GRN — Petal Tray	T-0009-GRN	Petal Tray - Green & Brown	Petal Tray	30	f	462	{"root": {"type": "root", "format": "", "indent": 0, "version": 1, "children": [{"type": "paragraph", "format": "", "indent": 0, "version": 1, "children": [{"mode": "normal", "text": "A slipcast ceramic petal tray glazed in soft pink and white, designed to add a delicate, sculptural touch to your table or vanity. The gently curved form is perfect for serving condiments, dipping sauces, olives, tea bags, or small bites, making it a charming addition to dinner parties, charcuterie boards, and everyday meals.", "type": "text", "style": "", "detail": 0, "format": 0, "version": 1}], "direction": "ltr", "textStyle": "", "textFormat": 0}, {"type": "paragraph", "format": "", "indent": 0, "version": 1, "children": [{"mode": "normal", "text": "Beyond the table, this versatile stoneware tray doubles as a jewelry dish for rings and earrings or a catchall for small essentials. Both decorative and functional, the handmade ceramic design brings subtle color, texture, and artisan craftsmanship to any space.", "type": "text", "style": "", "detail": 0, "format": 0, "version": 1}], "direction": null, "textStyle": "", "textFormat": 0}], "direction": null}}	3.6	0.75	110	\N	electric-6	t	t	2026-04-09 03:23:03.637+00	2026-04-09 03:14:12.737+00	aui	\N	5.5	\N	\N	\N
43	Ceramic Mug - Green & Yellow	M-0027-GRN	Ceramic Mug - Green & Yellow	Mug	50	f	209	{"root": {"type": "root", "format": "", "indent": 0, "version": 1, "children": [{"type": "paragraph", "format": "", "indent": 0, "version": 1, "children": [{"mode": "normal", "text": "An ample wheel-thrown mug with carvings designed for coffee and tea lovers alike. The curved body and thick handle give the form a distinctive silhouette while maintaining a comfortable grip in hand.", "type": "text", "style": "", "detail": 0, "format": 0, "version": 1}], "direction": "ltr", "textStyle": "", "textFormat": 0}, {"type": "paragraph", "format": "", "indent": 0, "version": 1, "children": [{"mode": "normal", "text": "Each mug carries subtle variation and layered detail. Crafted from durable stoneware, it’s a functional yet expressive piece made to elevate your daily coffee or tea ritual.", "type": "text", "style": "", "detail": 0, "format": 0, "version": 1}], "direction": "ltr", "textStyle": "", "textFormat": 0}], "direction": "ltr"}}	3.75	5	412	19.3	electric-6	t	t	2026-03-18 19:11:49.688+00	2026-03-17 18:17:25.417+00	a5	\N	\N	\N	\N	\N
23	Ceramic Mug - Green & Brown	M-0007-GRN	Ceramic Mug - Green & Brown	Mug	50	f	109	{"root": {"type": "root", "format": "", "indent": 0, "version": 1, "children": [{"type": "paragraph", "format": "", "indent": 0, "version": 1, "children": [{"mode": "normal", "text": "An ample wheel-thrown mug with carvings designed for coffee and tea lovers alike. The curved body and thick handle give the form a distinctive silhouette while maintaining a comfortable grip in hand.", "type": "text", "style": "", "detail": 0, "format": 0, "version": 1}], "direction": "ltr", "textStyle": "", "textFormat": 0}, {"type": "paragraph", "format": "", "indent": 0, "version": 1, "children": [{"mode": "normal", "text": "Each mug carries subtle variation and layered detail. Crafted from durable stoneware, it’s a functional yet expressive piece made to elevate your daily coffee or tea ritual.", "type": "text", "style": "", "detail": 0, "format": 0, "version": 1}], "direction": "ltr", "textStyle": "", "textFormat": 0}], "direction": "ltr"}}	3.75	5.2	368	18	electric-6	t	t	2026-03-18 19:14:01.631+00	2026-03-17 18:15:53.555+00	ar	\N	\N	\N	\N	\N
34	Ceramic Mug - White & Copper Green	M-0018-COP	Ceramic Mug - White & Copper Green	Mug	50	f	164	{"root": {"type": "root", "format": "", "indent": 0, "version": 1, "children": [{"type": "paragraph", "format": "", "indent": 0, "version": 1, "children": [{"mode": "normal", "text": "An ample wheel-thrown mug designed for coffee and tea lovers alike. The curved body and thick handle give the form a distinctive silhouette while maintaining a comfortable grip in hand.", "type": "text", "style": "", "detail": 0, "format": 0, "version": 1}], "direction": "ltr", "textStyle": "", "textFormat": 0}, {"type": "paragraph", "format": "", "indent": 0, "version": 1, "children": [{"mode": "normal", "text": "Each mug carries subtle variation and layered detail. Crafted from durable stoneware, it’s a functional yet expressive piece made to elevate your daily coffee or tea ritual. Cared for well, it will warm your hands for many winters to come.", "type": "text", "style": "", "detail": 0, "format": 0, "version": 1}], "direction": "ltr", "textStyle": "", "textFormat": 0}], "direction": "ltr"}}	3.75	4.25	376	16.5	electric-6	t	t	2026-03-18 19:15:31.784+00	2026-03-17 18:16:45.105+00	b0d	44	\N	\N	\N	\N
63	PL-0001-BLU — Small Plate	PL-0001-BLU	Small Plate - Blue	Small Plate	26	f	405	{"root": {"type": "root", "format": "", "indent": 0, "version": 1, "children": [{"type": "paragraph", "format": "", "indent": 0, "version": 1, "children": [{"mode": "normal", "text": "A small ceramic plate that can be used for small bites, or as a coaster on your desk, or a landing pad for your cruet next to your stove. Fitted with felt pads to prevent scratching.", "type": "text", "style": "", "detail": 0, "format": 0, "version": 1}], "direction": null, "textStyle": "", "textFormat": 0}, {"type": "paragraph", "format": "", "indent": 0, "version": 1, "children": [{"mode": "normal", "text": "Beyond the table, this versatile stoneware plate doubles as a jewelry dish for rings and earrings. Both decorative and functional, the wheel-thrown ceramic design brings bold color and artisan craftsmanship to any space.", "type": "text", "style": "", "detail": 0, "format": 0, "version": 1}], "direction": null, "textStyle": "", "textFormat": 0}], "direction": null}}	4.2	0.5	132	\N	electric-6	t	t	2026-03-19 14:32:36.07+00	2026-03-19 01:47:22.191+00	a2n	373	\N	\N	\N	\N
71	M-0034-BLU — Sm Mug	M-0034-BLU	Latte Mug - Blue	Sm Mug	40	f	454	{"root": {"type": "root", "format": "", "indent": 0, "version": 1, "children": [{"type": "paragraph", "format": "start", "indent": 0, "version": 1, "children": [{"mode": "normal", "text": "An short wheel-thrown mug designed for coffee and tea lovers alike. The curved body and single finger carved handle give the form a distinctive silhouette while maintaining a comfortable grip in hand. A perfect size for lattes, macchiatos and cortados.", "type": "text", "style": "", "detail": 0, "format": 0, "version": 1}], "direction": null, "textStyle": "", "textFormat": 0}, {"type": "paragraph", "format": "start", "indent": 0, "version": 1, "children": [{"mode": "normal", "text": "Each mug carries subtle variation and layered detail. Crafted from durable stoneware, it’s a functional yet expressive piece made to elevate your daily coffee or tea ritual. Cared for well, it will warm your hands for many winters to come.", "type": "text", "style": "", "detail": 0, "format": 0, "version": 1}], "direction": null, "textStyle": "", "textFormat": 0}], "direction": null}}	3.5	3	291	11	electric-6	t	t	2026-03-21 03:15:37.787+00	2026-03-21 02:40:02.14+00	a2hi	456	\N	\N	\N	\N
74	T-0010-GRN — Petal Tray	T-0010-GRN	Petal Tray - Green & White	Petal Tray	30	f	469	{"root": {"type": "root", "format": "", "indent": 0, "version": 1, "children": [{"type": "paragraph", "format": "", "indent": 0, "version": 1, "children": [{"mode": "normal", "text": "A slipcast ceramic petal tray glazed in soft pink and white, designed to add a delicate, sculptural touch to your table or vanity. The gently curved form is perfect for serving condiments, dipping sauces, olives, tea bags, or small bites, making it a charming addition to dinner parties, charcuterie boards, and everyday meals.", "type": "text", "style": "", "detail": 0, "format": 0, "version": 1}], "direction": "ltr", "textStyle": "", "textFormat": 0}, {"type": "paragraph", "format": "", "indent": 0, "version": 1, "children": [{"mode": "normal", "text": "Beyond the table, this versatile stoneware tray doubles as a jewelry dish for rings and earrings or a catchall for small essentials. Both decorative and functional, the handmade ceramic design brings subtle color, texture, and artisan craftsmanship to any space.", "type": "text", "style": "", "detail": 0, "format": 0, "version": 1}], "direction": null, "textStyle": "", "textFormat": 0}], "direction": null}}	3.6	0.75	110	\N	electric-6	t	t	2026-04-09 03:32:00.216+00	2026-04-09 03:29:57.622+00	a3r	\N	5.5	\N	\N	\N
42	Ceramic Mug - Green & Brown	M-0026-GRN	Ceramic Mug - Green & Brown	Mug	50	f	204	{"root": {"type": "root", "format": "", "indent": 0, "version": 1, "children": [{"type": "paragraph", "format": "", "indent": 0, "version": 1, "children": [{"mode": "normal", "text": "An ample wheel-thrown mug with carvings designed for coffee and tea lovers alike. The curved body and thick handle give the form a distinctive silhouette while maintaining a comfortable grip in hand.", "type": "text", "style": "", "detail": 0, "format": 0, "version": 1}], "direction": "ltr", "textStyle": "", "textFormat": 0}, {"type": "paragraph", "format": "", "indent": 0, "version": 1, "children": [{"mode": "normal", "text": "Each mug carries subtle variation and layered detail. Crafted from durable stoneware, it’s a functional yet expressive piece made to elevate your daily coffee or tea ritual.", "type": "text", "style": "", "detail": 0, "format": 0, "version": 1}], "direction": "ltr", "textStyle": "", "textFormat": 0}], "direction": "ltr"}}	3.6	4.5	393	16	electric-6	t	t	2026-03-18 19:14:06.189+00	2026-03-17 18:17:21.034+00	as	\N	\N	\N	\N	\N
24	M-0008-PNK — Mug	M-0008-PNK	Square Ceramic Mug - Pink	Mug	50	t	114	{"root": {"type": "root", "format": "", "indent": 0, "version": 1, "children": [{"type": "paragraph", "format": "", "indent": 0, "version": 1, "children": [{"mode": "normal", "text": "A square wheel-thrown and altered mug designed for coffee and tea lovers alike. The softly defined corners give the form a distinctive silhouette while maintaining a comfortable grip in hand.", "type": "text", "style": "", "detail": 0, "format": 0, "version": 1}], "direction": "ltr", "textStyle": "", "textFormat": 0}, {"type": "paragraph", "format": "", "indent": 0, "version": 1, "children": [{"mode": "normal", "text": "Decorated with a pink and white design created using a wax resist technique, each mug carries subtle variation and layered detail. Crafted from durable stoneware, it’s a functional yet expressive piece made to elevate your daily coffee or tea ritual. Cared for well, it will warm your hands for many winters to come.", "type": "text", "style": "", "detail": 0, "format": 0, "version": 1}], "direction": "ltr", "textStyle": "", "textFormat": 0}], "direction": "ltr"}}	4	4.1	386	15.2	electric-6	t	t	2026-04-10 16:18:36.171+00	2026-03-17 18:15:58.937+00	a2	\N	\N	\N	\N	\N
50	Bud Vase - Green & Brown	PNT-0002-GRN	Bud Vase - Green & Brown	Bud Vase	34	f	241	{"root": {"type": "root", "format": "", "indent": 0, "version": 1, "children": [{"type": "paragraph", "format": "", "indent": 0, "version": 1, "children": [{"mode": "normal", "text": "Bud vase for small flower arrangements. Perfect for a desk or table accent.", "type": "text", "style": "", "detail": 0, "format": 0, "version": 1}], "direction": "ltr", "textStyle": "", "textFormat": 0}], "direction": "ltr"}}	5.5	3	308	10.8	electric-6	f	f	2026-03-18 19:14:09.703+00	2026-03-17 18:17:51.003+00	au	\N	\N	\N	\N	\N
72	M-0035-BLU — Sm Mug	M-0035-BLU	Latte Mug - Blue	Sm Mug	40	f	461	{"root": {"type": "root", "format": "", "indent": 0, "version": 1, "children": [{"type": "paragraph", "format": "left", "indent": 0, "version": 1, "children": [{"mode": "normal", "text": "An short wheel-thrown mug designed for coffee and tea lovers alike. The curved body and single finger carved handle give the form a distinctive silhouette while maintaining a comfortable grip in hand. A perfect size for lattes, macchiatos and cortados.", "type": "text", "style": "", "detail": 0, "format": 0, "version": 1}], "direction": null, "textStyle": "", "textFormat": 0}, {"type": "paragraph", "format": "left", "indent": 0, "version": 1, "children": [{"mode": "normal", "text": "Each mug carries subtle variation and layered detail. Crafted from durable stoneware, it’s a functional yet expressive piece made to elevate your daily coffee or tea ritual. Cared for well, it will warm your hands for many winters to come.", "type": "text", "style": "", "detail": 0, "format": 0, "version": 1}], "direction": null, "textStyle": "", "textFormat": 0}], "direction": null}}	3.5	3	290	11	electric-6	t	t	2026-03-21 03:15:59.215+00	2026-03-21 02:58:47.086+00	a2h9	456	\N	\N	\N	\N
78	M-0039-GRN — Mug	M-0039-GRN	Ceramic Mug - Green	Mug	50	f	491	{"root": {"type": "root", "format": "", "indent": 0, "version": 1, "children": [{"type": "paragraph", "format": "", "indent": 0, "version": 1, "children": [{"mode": "normal", "text": "An ample wheel-thrown mug designed for coffee and tea lovers alike. The curved body and handle design give the form a distinctive silhouette while maintaining a comfortable grip in hand.", "type": "text", "style": "", "detail": 0, "format": 0, "version": 1}], "direction": "ltr", "textStyle": "", "textFormat": 0}, {"type": "paragraph", "format": "", "indent": 0, "version": 1, "children": [{"mode": "normal", "text": "Each mug carries subtle variation and layered detail. Crafted from durable stoneware, it’s a functional yet expressive piece made to elevate your daily coffee or tea ritual. Cared for well, it will warm your hands for many winters to come.", "type": "text", "style": "", "detail": 0, "format": 0, "version": 1}], "direction": "ltr", "textStyle": "", "textFormat": 0}], "direction": null}}	3.5	4.5	503	17.6	electric-6	t	t	2026-04-09 04:22:45.657+00	2026-04-09 04:19:50.487+00	a5i	\N	\N	\N	\N	\N
18	M-0002-PUR — Mug	M-0002-PUR	Ceramic Mug - Purple	Mug	50	t	82	{"root": {"type": "root", "format": "", "indent": 0, "version": 1, "children": [{"type": "paragraph", "format": "", "indent": 0, "version": 1, "children": [{"mode": "normal", "text": "An ample wheel-thrown mug designed for coffee and tea lovers alike. The curved body and thick handle give the form a distinctive silhouette while maintaining a comfortable grip in hand.", "type": "text", "style": "", "detail": 0, "format": 0, "version": 1}], "direction": "ltr", "textStyle": "", "textFormat": 0}, {"type": "paragraph", "format": "", "indent": 0, "version": 1, "children": [{"mode": "normal", "text": "Each mug carries subtle variation and layered detail. Crafted from durable stoneware, it’s a functional yet expressive piece made to elevate your daily coffee or tea ritual. Cared for well, it will warm your hands for many winters to come.", "type": "text", "style": "", "detail": 0, "format": 0, "version": 1}], "direction": "ltr", "textStyle": "", "textFormat": 0}], "direction": "ltr"}}	4	4	375	16.5	electric-6	t	t	2026-03-22 03:47:33.215+00	2026-03-17 18:15:31.157+00	ah	340	\N	\N	\N	\N
5	B-0005-GRN — MD Bowl	B-0005-GRN	Small Stoneware Bowl - Olive Green	MD Bowl	42	f	20	{"root": {"type": "root", "format": "", "indent": 0, "version": 1, "children": [{"type": "paragraph", "format": "", "indent": 0, "version": 1, "children": [{"mode": "normal", "text": "A small to medium sized wheel thrown bowl great for pasta and rice entrees sized decorated in an olive green glaze.", "type": "text", "style": "", "detail": 0, "format": 0, "version": 1}], "direction": "ltr", "textStyle": "", "textFormat": 0}, {"type": "paragraph", "format": "", "indent": 0, "version": 1, "children": [{"mode": "normal", "text": "Durable stoneware bowls are made to last a lifetime — bringing beauty, balance, and intention to the meals you return to every day.", "type": "text", "style": "", "detail": 0, "format": 0, "version": 1}], "direction": "ltr", "textStyle": "", "textFormat": 0}], "direction": "ltr"}}	6.2	2.75	417	21	electric-6	t	t	2026-03-23 03:45:25.04+00	2026-03-17 18:14:36.826+00	ay	\N	\N	\N	\N	\N
61	T-0008-YEL — Petal Tray	T-0008-YEL	Petal Tray - Yellow	Petal Tray	30	f	406	{"root": {"type": "root", "format": "", "indent": 0, "version": 1, "children": [{"type": "paragraph", "format": "", "indent": 0, "version": 1, "children": [{"mode": "normal", "text": "A slipcast ceramic petal tray glazed in soft pink and white, designed to add a delicate, sculptural touch to your table or vanity. The gently curved form is perfect for serving condiments, dipping sauces, olives, tea bags, or small bites, making it a charming addition to dinner parties, charcuterie boards, and everyday meals.", "type": "text", "style": "", "detail": 0, "format": 0, "version": 1}], "direction": "ltr", "textStyle": "", "textFormat": 0}, {"type": "paragraph", "format": "", "indent": 0, "version": 1, "children": [{"mode": "normal", "text": "Beyond the table, this versatile stoneware tray doubles as a jewelry dish for rings and earrings or a catchall for small essentials. Both decorative and functional, the handmade ceramic design brings subtle color, texture, and artisan craftsmanship to any space.", "type": "text", "style": "", "detail": 0, "format": 0, "version": 1}], "direction": null, "textStyle": "", "textFormat": 0}], "direction": null}}	3.6	0.75	110	\N	electric-6	t	t	2026-03-29 20:37:57.51+00	2026-03-19 01:20:19.133+00	a2e	\N	5.5	\N	\N	\N
77	M-0038-WHT — Mug	M-0038-WHT	Ceramic Mug - White	Mug	50	t	488	{"root": {"type": "root", "format": "", "indent": 0, "version": 1, "children": [{"type": "paragraph", "format": "", "indent": 0, "version": 1, "children": [{"mode": "normal", "text": "An ample wheel-thrown mug designed for coffee and tea lovers alike. The curved body and handle design give the form a distinctive silhouette while maintaining a comfortable grip in hand.", "type": "text", "style": "", "detail": 0, "format": 0, "version": 1}], "direction": "ltr", "textStyle": "", "textFormat": 0}, {"type": "paragraph", "format": "", "indent": 0, "version": 1, "children": [{"mode": "normal", "text": "Each mug carries subtle variation and layered detail. Crafted from durable stoneware, it’s a functional yet expressive piece made to elevate your daily coffee or tea ritual. Cared for well, it will warm your hands for many winters to come.", "type": "text", "style": "", "detail": 0, "format": 0, "version": 1}], "direction": "ltr", "textStyle": "", "textFormat": 0}], "direction": null}}	3.5	4.75	364	16.6	electric-6	t	t	2026-04-10 16:46:21.931+00	2026-04-09 04:12:25.795+00	9xi	\N	\N	\N	\N	\N
59	T-0006-GRN — Petal Tray	T-0006-GRN	Petal Tray - Green	Petal Tray	30	f	390	{"root": {"type": "root", "format": "", "indent": 0, "version": 1, "children": [{"type": "paragraph", "format": "", "indent": 0, "version": 1, "children": [{"mode": "normal", "text": "A slipcast ceramic petal tray glazed in soft pink and white, designed to add a delicate, sculptural touch to your table or vanity. The gently curved form is perfect for serving condiments, dipping sauces, olives, tea bags, or small bites, making it a charming addition to dinner parties, charcuterie boards, and everyday meals.", "type": "text", "style": "", "detail": 0, "format": 0, "version": 1}], "direction": "ltr", "textStyle": "", "textFormat": 0}, {"type": "paragraph", "format": "", "indent": 0, "version": 1, "children": [{"mode": "normal", "text": "Beyond the table, this versatile stoneware tray doubles as a jewelry dish for rings and earrings or a catchall for small essentials. Both decorative and functional, the handmade ceramic design brings subtle color, texture, and artisan craftsmanship to any space.", "type": "text", "style": "", "detail": 0, "format": 0, "version": 1}], "direction": null, "textStyle": "", "textFormat": 0}], "direction": null}}	3.6	9.75	110	\N	electric-6	t	t	2026-03-29 20:39:03.979+00	2026-03-19 00:35:54.966+00	a2r	373	5.5	\N	\N	\N
55	T-0005-PUR — Petal Tray	T-0005-PUR	Petal Tray - Periwinkle	Petal Tray	30	f	371	{"root": {"type": "root", "format": "", "indent": 0, "version": 1, "children": [{"type": "paragraph", "format": "start", "indent": 0, "version": 1, "children": [{"mode": "normal", "text": "A slipcast ceramic petal tray glazed in black, designed to add a delicate, sculptural touch to your table or vanity. The gently curved form is perfect for serving condiments, dipping sauces, olives, tea bags, or small bites, making it a charming addition to dinner parties, charcuterie boards, and everyday meals.", "type": "text", "style": "", "detail": 0, "format": 0, "version": 1}], "direction": null, "textStyle": "", "textFormat": 0}, {"type": "paragraph", "format": "start", "indent": 0, "version": 1, "children": [{"mode": "normal", "text": "Beyond the table, this versatile stoneware tray doubles as a jewelry dish for rings and earrings or a catchall for small essentials. Both decorative and functional, the handmade ceramic design brings subtle color, texture, and artisan craftsmanship to any space.", "type": "text", "style": "", "detail": 0, "format": 0, "version": 1}], "direction": null, "textStyle": "", "textFormat": 0}], "direction": null}}	3.6	0.75	110	\N	\N	t	t	2026-03-29 20:39:17.033+00	2026-03-18 19:52:18.504+00	afi	372	5.5	\N	\N	\N
64	M-0029-PUR — Mug	M-0029-PUR	Ceramic Mug - Purple	Mug	50	f	411	{"root": {"type": "root", "format": "", "indent": 0, "version": 1, "children": [{"type": "paragraph", "format": "", "indent": 0, "version": 1, "children": [{"mode": "normal", "text": "An ample wheel-thrown mug with carvings designed for coffee and tea lovers alike. The curved body and thick handle give the form a distinctive silhouette while maintaining a comfortable grip in hand.", "type": "text", "style": "", "detail": 0, "format": 0, "version": 1}], "direction": "ltr", "textStyle": "", "textFormat": 0}, {"type": "paragraph", "format": "", "indent": 0, "version": 1, "children": [{"mode": "normal", "text": "Each mug carries subtle variation and layered detail. Crafted from durable stoneware, it’s a functional yet expressive piece made to elevate your daily coffee or tea ritual.", "type": "text", "style": "", "detail": 0, "format": 0, "version": 1}], "direction": "ltr", "textStyle": "", "textFormat": 0}], "direction": null}}	3.5	4	437	19	electric-6	t	t	2026-03-19 02:28:31.903+00	2026-03-19 02:17:39.41+00	aji	372	\N	\N	\N	\N
56	P-0006-PUR — Cruet	P-0006-PUR	Ceramic Cruet - Periwinkle	Cruet	42	f	378	{"root": {"type": "root", "format": "", "indent": 0, "version": 1, "children": [{"type": "paragraph", "format": "", "indent": 0, "version": 1, "children": [{"mode": "normal", "text": "A small bottle perfect for broth, soy sauce, cooking oils, or dairy like half and half for coffee service, or milk for cereal and tea. Cork included.", "type": "text", "style": "", "detail": 0, "format": 0, "version": 1}], "direction": "ltr", "textStyle": "", "textFormat": 0}, {"type": "paragraph", "format": "", "indent": 0, "version": 1, "children": [{"mode": "normal", "text": "Its compact size makes it easy to handle at the table while adding a thoughtful, handmade touch to everyday meals and gatherings.", "type": "text", "style": "", "detail": 0, "format": 0, "version": 1}], "direction": "ltr", "textStyle": "", "textFormat": 0}], "direction": null}}	2.5	4.25	273	6.8	electric-6	t	t	2026-04-10 16:49:07.992+00	2026-03-18 21:40:18.812+00	af9	374	\N	\N	\N	\N
65	M-0030-BRN — Mug	M-0030-BRN	Ceramic Mug - Brown, Blue & White	Mug	50	f	418	{"root": {"type": "root", "format": "", "indent": 0, "version": 1, "children": [{"type": "paragraph", "format": "start", "indent": 0, "version": 1, "children": [{"mode": "normal", "text": "An ample wheel-thrown mug with carvings designed for coffee and tea lovers alike. The curved body and thick handle give the form a distinctive silhouette while maintaining a comfortable grip in hand.", "type": "text", "style": "", "detail": 0, "format": 0, "version": 1}], "direction": null, "textStyle": "", "textFormat": 0}, {"type": "paragraph", "format": "start", "indent": 0, "version": 1, "children": [{"mode": "normal", "text": "Each mug carries subtle variation and layered detail. Crafted from durable stoneware, it’s a functional yet expressive piece made to elevate your daily coffee or tea ritual.", "type": "text", "style": "", "detail": 0, "format": 0, "version": 1}], "direction": null, "textStyle": "", "textFormat": 0}], "direction": null}}	3.5	4.75	409	16.5	electric-6	t	t	2026-03-19 04:32:27.248+00	2026-03-19 02:34:11.775+00	b00i	\N	\N	\N	\N	\N
66	J-0006-BLU — Jar	J-0006-BLU	Storage Jar - Blue & White	Jar	125	f	425	{"root": {"type": "root", "format": "", "indent": 0, "version": 1, "children": [{"type": "paragraph", "format": "", "indent": 0, "version": 1, "children": [{"mode": "normal", "text": "A  ceramic lidded jar finished in a rich bluish green  glaze, offering a bold surface with subtle depth and variation. Topped with crescent knob that encourages the hand to see what's hidden inside.", "type": "text", "style": "", "detail": 0, "format": 0, "version": 1}], "direction": "ltr", "textStyle": "", "textFormat": 0}, {"type": "paragraph", "format": "", "indent": 0, "version": 1, "children": [{"mode": "normal", "text": "Both functional and decorative, this stoneware jar transitions beautifully from kitchen counter to open shelving, adding interest, intention, and artisan character to your everyday storage.", "type": "text", "style": "", "detail": 0, "format": 0, "version": 1}], "direction": "ltr", "textStyle": "", "textFormat": 0}], "direction": null}}	5.5	6.75	652	30	electric-6	t	t	2026-04-10 15:50:20.014+00	2026-03-19 02:44:05.766+00	a2g	373	\N	\N	\N	\N
80	M-0041-PNK — Sm Mug	M-0041-PNK	Latte Mug - Pink & White	Sm Mug	40	t	496	{"root": {"type": "root", "format": "", "indent": 0, "version": 1, "children": [{"type": "paragraph", "format": "start", "indent": 0, "version": 1, "children": [{"mode": "normal", "text": "A compact 9oz wheel-thrown mug designed for coffee and tea lovers alike. The curved body and one-finger handle design give the form a distinctive silhouette while maintaining a comfortable grip in hand. A perfect size for lattes, macchiatos and cortados.", "type": "text", "style": "", "detail": 0, "format": 0, "version": 1}], "direction": null, "textStyle": "", "textFormat": 0}, {"type": "paragraph", "format": "start", "indent": 0, "version": 1, "children": [{"mode": "normal", "text": "Each mug carries subtle variation and layered detail. Crafted from durable stoneware, it’s a functional yet expressive piece made to elevate your daily coffee or tea ritual. Cared for well, it will warm your hands for many winters to come.", "type": "text", "style": "", "detail": 0, "format": 0, "version": 1}], "direction": null, "textStyle": "", "textFormat": 0}], "direction": null}}	3.4	2.5	273	9	electric-6	t	t	2026-04-10 18:16:24.278+00	2026-04-09 04:38:56.883+00	a1n	475	\N	\N	\N	\N
79	M-0040-PNK — Sm Mug	M-0040-PNK	Latte Mug - Pink & White	Sm Mug	40	f	501	{"root": {"type": "root", "format": "", "indent": 0, "version": 1, "children": [{"type": "paragraph", "format": "", "indent": 0, "version": 1, "children": [{"mode": "normal", "text": "A compact 9oz wheel-thrown mug designed for coffee and tea lovers alike. The curved body and one-finger handle design give the form a distinctive silhouette while maintaining a comfortable grip in hand.  A perfect size for lattes, macchiatos and cortados.", "type": "text", "style": "", "detail": 0, "format": 0, "version": 1}], "direction": "ltr", "textStyle": "", "textFormat": 0}, {"type": "paragraph", "format": "", "indent": 0, "version": 1, "children": [{"mode": "normal", "text": "Each mug carries subtle variation and layered detail. Crafted from durable stoneware, it’s a functional yet expressive piece made to elevate your daily coffee or tea ritual. Cared for well, it will warm your hands for many winters to come.", "type": "text", "style": "", "detail": 0, "format": 0, "version": 1}], "direction": "ltr", "textStyle": "", "textFormat": 0}], "direction": null}}	3.4	2.5	273	9	electric-6	t	t	2026-04-10 18:16:30.172+00	2026-04-09 04:32:44.131+00	a1r	475	\N	\N	\N	\N
81	P-0009-GRN — Cruet	P-0009-GRN	Ceramic Cruet - Green & White	Cruet	42	f	505	{"root": {"type": "root", "format": "", "indent": 0, "version": 1, "children": [{"type": "paragraph", "format": "", "indent": 0, "version": 1, "children": [{"mode": "normal", "text": "A small bottle perfect for broth, soy sauce, cooking oils, or dairy like half and half for coffee service, or milk for cereal and tea. Cork included.", "type": "text", "style": "", "detail": 0, "format": 0, "version": 1}], "direction": "ltr", "textStyle": "", "textFormat": 0}, {"type": "paragraph", "format": "", "indent": 0, "version": 1, "children": [{"mode": "normal", "text": "Its compact size makes it easy to handle at the table while adding a thoughtful, handmade touch to everyday meals and gatherings.", "type": "text", "style": "", "detail": 0, "format": 0, "version": 1}], "direction": "ltr", "textStyle": "", "textFormat": 0}], "direction": null}}	2.5	4.25	273	6.8	electric-6	t	t	2026-04-09 04:53:44.969+00	2026-04-09 04:53:24.783+00	a39	\N	\N	\N	\N	\N
51	T-0001-PNK — Petal Tray	T-0001-PNK	Petal Tray - Pink & White	Petal Tray	30	t	244	{"root": {"type": "root", "format": "", "indent": 0, "version": 1, "children": [{"type": "paragraph", "format": "", "indent": 0, "version": 1, "children": [{"mode": "normal", "text": "A slipcast ceramic petal tray glazed in soft pink and white, designed to add a delicate, sculptural touch to your table or vanity. The gently curved form is perfect for serving condiments, dipping sauces, olives, tea bags, or small bites, making it a charming addition to dinner parties, charcuterie boards, and everyday meals.", "type": "text", "style": "", "detail": 0, "format": 0, "version": 1}], "direction": "ltr", "textStyle": "", "textFormat": 0}, {"type": "paragraph", "format": "", "indent": 0, "version": 1, "children": [{"mode": "normal", "text": "Beyond the table, this versatile stoneware tray doubles as a jewelry dish for rings and earrings or a catchall for small essentials. Both decorative and functional, the handmade ceramic design brings subtle color, texture, and artisan craftsmanship to any space.", "type": "text", "style": "", "detail": 0, "format": 0, "version": 1}], "direction": null, "textStyle": "", "textFormat": 0}], "direction": "ltr"}}	3.6	0.75	110	\N	electric-6	t	t	2026-04-10 16:41:43.044+00	2026-03-17 18:17:54.334+00	a0	69	5.5	\N	\N	\N
83	M-0042-PUR — Mug	M-0042-PUR	Ceramic Mug - Blue & White Striped	Mug	50	f	514	{"root": {"type": "root", "format": "", "indent": 0, "version": 1, "children": [{"type": "paragraph", "format": "", "indent": 0, "version": 1, "children": [{"mode": "normal", "text": "An ample wheel-thrown mug designed for coffee and tea lovers alike. The curved body and handle design give the form a distinctive silhouette while maintaining a comfortable grip in hand.", "type": "text", "style": "", "detail": 0, "format": 0, "version": 1}], "direction": "ltr", "textStyle": "", "textFormat": 0}, {"type": "paragraph", "format": "", "indent": 0, "version": 1, "children": [{"mode": "normal", "text": "Each mug carries subtle variation and layered detail. Crafted from durable stoneware, it’s a functional yet expressive piece made to elevate your daily coffee or tea ritual. Cared for well, it will warm your hands for many winters to come.", "type": "text", "style": "", "detail": 0, "format": 0, "version": 1}], "direction": "ltr", "textStyle": "", "textFormat": 0}], "direction": null}}	3.25	4.5	368	16.75	electric-6	t	t	2026-04-11 02:42:33.41+00	2026-04-11 02:34:17.924+00	adr	\N	\N	\N	\N	\N
12	Ceramic Cup - Glacial Green	C-0004-GRN	Ceramic Cup - Glacial Green	Cup	40	f	50	{"root": {"type": "root", "format": "", "indent": 0, "version": 1, "children": [{"type": "paragraph", "format": "", "indent": 0, "version": 1, "children": [{"mode": "normal", "text": "Glazed in a glacial green and blue, each cup carries subtle variation and depth. Wheel-thrown from durable stoneware, it’s made to be used daily — whether for drink or creative workspaces.", "type": "text", "style": "", "detail": 0, "format": 0, "version": 1}], "direction": "ltr", "textFormat": 0}], "direction": "ltr"}}	3.5	5.25	382	14.4	electric-6	t	t	2026-03-18 19:12:27.957+00	2026-03-17 18:15:03.029+00	ab	\N	\N	\N	\N	\N
13	Textured Storage Jar - Green	J-0001-GRN	Textured Storage Jar - Green	Textured Jar	65	f	54	{"root": {"type": "root", "format": "", "indent": 0, "version": 1, "children": [{"type": "paragraph", "format": "", "indent": 0, "version": 1, "children": [{"mode": "normal", "text": "A textured ceramic lidded jar finished in a satin matte green glaze, offering a soft, earthy surface with subtle depth and variation.", "type": "text", "style": "", "detail": 0, "format": 0, "version": 1}], "direction": "ltr", "textStyle": "", "textFormat": 0}, {"type": "paragraph", "format": "", "indent": 0, "version": 1, "children": [{"mode": "normal", "text": "Both functional and decorative, this stoneware jar transitions beautifully from kitchen counter to open shelving, adding texture, intention, and artisan character to your everyday storage.", "type": "text", "style": "", "detail": 0, "format": 0, "version": 1}], "direction": "ltr", "textStyle": "", "textFormat": 0}], "direction": "ltr"}}	3.5	4.25	421	12	electric-6	t	t	2026-03-18 19:13:32.434+00	2026-03-17 18:15:08.217+00	an	58	\N	\N	\N	\N
8	B-0008-GRN — MD Bowl	B-0008-GRN	Carved Stoneware Bowl - Green	MD Bowl	52	f	32	{"root": {"type": "root", "format": "", "indent": 0, "version": 1, "children": [{"type": "paragraph", "format": "", "indent": 0, "version": 1, "children": [{"mode": "normal", "text": "A medium wheel thrown bowl perfect for entrees. Dipped in a verdant green glaze.", "type": "text", "style": "", "detail": 0, "format": 0, "version": 1}], "direction": "ltr", "textStyle": "", "textFormat": 0}, {"type": "paragraph", "format": "", "indent": 0, "version": 1, "children": [{"mode": "normal", "text": "Durable stoneware bowls are made to last a lifetime — bringing beauty, balance, and intention to the meals you return to every day.", "type": "text", "style": "", "detail": 0, "format": 0, "version": 1}], "direction": "ltr", "textStyle": "", "textFormat": 0}], "direction": "ltr"}}	6.75	3.5	554	30	electric-6	t	t	2026-04-11 02:47:23.883+00	2026-03-17 18:14:48.377+00	ami	\N	\N	\N	\N	\N
82	P-0010-BRN — Cruet	P-0010-BRN	Ceramic Cruet - Brown	Cruet	42	f	509	{"root": {"type": "root", "format": "", "indent": 0, "version": 1, "children": [{"type": "paragraph", "format": "", "indent": 0, "version": 1, "children": [{"mode": "normal", "text": "A small bottle perfect for broth, soy sauce, salad dressings, cooking oils, or dairy like half and half for coffee service, or milk for cereal and tea. Cork included.", "type": "text", "style": "", "detail": 0, "format": 0, "version": 1}], "direction": "ltr", "textStyle": "", "textFormat": 0}, {"type": "paragraph", "format": "", "indent": 0, "version": 1, "children": [{"mode": "normal", "text": "Its compact size makes it easy to handle at the table while adding a thoughtful, handmade touch to everyday meals and gatherings.", "type": "text", "style": "", "detail": 0, "format": 0, "version": 1}], "direction": "ltr", "textStyle": "", "textFormat": 0}], "direction": null}}	2.5	4.25	273	6.8	electric-6	t	t	2026-04-11 02:48:06.46+00	2026-04-09 04:59:43.81+00	b05i	\N	\N	\N	\N	\N
9	Faceted Sipping Cups - Brown	C-0001-BRN	Faceted Sipping Cups - Brown	SM Cups	42	f	36	{"root": {"type": "root", "format": "", "indent": 0, "version": 1, "children": [{"type": "paragraph", "format": "", "indent": 0, "version": 1, "children": [{"mode": "normal", "text": "A pair of small faceted cups designed for sipping sake, whiskey, tequila, or espresso. The hand-faceted surfaces create subtle angles that catch the light while offering a comfortable, tactile grip. Their compact size makes them ideal for intimate pours and slow, intentional sipping.", "type": "text", "style": "", "detail": 0, "format": 0, "version": 1}], "direction": "ltr", "textStyle": "", "textFormat": 0}, {"type": "paragraph", "format": "", "indent": 0, "version": 1, "children": [{"mode": "normal", "text": "A versatile addition to any barware or espresso setup, they balance function, craftsmanship, and everyday elegance.", "type": "text", "style": "", "detail": 0, "format": 0, "version": 1}], "direction": "ltr", "textStyle": "", "textFormat": 0}], "direction": "ltr"}}	2.25	2.4	123	3.4	electric-6	t	t	2026-03-18 19:14:31.284+00	2026-03-17 18:14:51.874+00	az	39	\N	\N	\N	\N
7	Carved Stoneware Bowl - Black	B-0007-BLK	Carved Stoneware Bowl - Black	MD Bowl	52	f	28	{"root": {"type": "root", "format": "", "indent": 0, "version": 1, "children": [{"type": "paragraph", "format": "", "indent": 0, "version": 1, "children": [{"mode": "normal", "text": "A medium wheel thrown bowl perfect for entrees. Dipped in a black glaze, with carvings decorating the outside providing a tactile experience and visual interest.", "type": "text", "style": "", "detail": 0, "format": 0, "version": 1}], "direction": "ltr", "textStyle": "", "textFormat": 0}, {"type": "paragraph", "format": "", "indent": 0, "version": 1, "children": [{"mode": "normal", "text": "Durable stoneware bowls are made to last a lifetime — bringing beauty, balance, and intention to the meals you return to every day.", "type": "text", "style": "", "detail": 0, "format": 0, "version": 1}], "direction": "ltr", "textStyle": "", "textFormat": 0}], "direction": "ltr"}}	6.75	2.75	471	24	electric-6	t	t	2026-03-18 19:15:00.82+00	2026-03-17 18:14:45.237+00	b05	10	\N	\N	\N	\N
27	M-0011-BLU — Mug	M-0011-BLU	Ceramic Mug - Glacial Blue	Mug	50	f	129	{"root": {"type": "root", "format": "", "indent": 0, "version": 1, "children": [{"type": "paragraph", "format": "", "indent": 0, "version": 1, "children": [{"mode": "normal", "text": "An ample wheel-thrown mug designed for coffee and tea lovers alike. The curved body and thick handle give the form a distinctive silhouette while maintaining a comfortable grip in hand.", "type": "text", "style": "", "detail": 0, "format": 0, "version": 1}], "direction": "ltr", "textStyle": "", "textFormat": 0}, {"type": "paragraph", "format": "", "indent": 0, "version": 1, "children": [{"mode": "normal", "text": "Each mug carries subtle variation and layered detail. Crafted from durable stoneware, it’s a functional yet expressive piece made to elevate your daily coffee or tea ritual. Cared for well, it will warm your hands for many winters to come.", "type": "text", "style": "", "detail": 0, "format": 0, "version": 1}], "direction": "ltr", "textStyle": "", "textFormat": 0}], "direction": "ltr"}}	3.75	4.9	450	21.2	electric-6	t	t	2026-03-19 04:28:06.367+00	2026-03-17 18:16:13.402+00	ae	\N	\N	\N	\N	\N
28	Ceramic Mug - Brown	M-0012-BRN	Ceramic Mug - Brown	Mug	50	f	134	{"root": {"type": "root", "format": "", "indent": 0, "version": 1, "children": [{"type": "paragraph", "format": "", "indent": 0, "version": 1, "children": [{"mode": "normal", "text": "An ample wheel-thrown mug designed for coffee and tea lovers alike. The curved body and thick handle give the form a distinctive silhouette while maintaining a comfortable grip in hand.", "type": "text", "style": "", "detail": 0, "format": 0, "version": 1}], "direction": "ltr", "textStyle": "", "textFormat": 0}, {"type": "paragraph", "format": "", "indent": 0, "version": 1, "children": [{"mode": "normal", "text": "Each mug carries subtle variation and layered detail. Crafted from durable stoneware, it’s a functional yet expressive piece made to elevate your daily coffee or tea ritual.", "type": "text", "style": "", "detail": 0, "format": 0, "version": 1}], "direction": "ltr", "textStyle": "", "textFormat": 0}], "direction": "ltr"}}	3.5 inches\\	4.25	342	17.15	electric-6	t	t	2026-03-18 19:14:35.751+00	2026-03-17 18:16:18.005+00	b00	39	\N	\N	\N	\N
39	M-0023-WHY — Mug	M-0023-WHY	Ceramic Mug - White	Mug	50	f	189	{"root": {"type": "root", "format": "", "indent": 0, "version": 1, "children": [{"type": "paragraph", "format": "", "indent": 0, "version": 1, "children": [{"mode": "normal", "text": "An ample wheel-thrown mug designed for coffee and tea lovers alike. The curved body and thick handle give the form a distinctive silhouette while maintaining a comfortable grip in hand.", "type": "text", "style": "", "detail": 0, "format": 0, "version": 1}], "direction": "ltr", "textStyle": "", "textFormat": 0}, {"type": "paragraph", "format": "", "indent": 0, "version": 1, "children": [{"mode": "normal", "text": "Each mug carries subtle variation and layered detail. Crafted from durable stoneware, it’s a functional yet expressive piece made to elevate your daily coffee or tea ritual. Cared for well, it will warm your hands for many winters to come.", "type": "text", "style": "", "detail": 0, "format": 0, "version": 1}], "direction": "ltr", "textStyle": "", "textFormat": 0}], "direction": "ltr"}}	3.5	4.75	361	15.75	electric-6	t	t	2026-04-09 04:05:00.024+00	2026-03-17 18:17:06.678+00	9y	\N	\N	\N	\N	\N
38	M-0022-BLK — Mug	M-0022-BLK	Ceramic Mug - Black	Mug	50	f	184	{"root": {"type": "root", "format": "", "indent": 0, "version": 1, "children": [{"type": "paragraph", "format": "", "indent": 0, "version": 1, "children": [{"mode": "normal", "text": "An ample wheel-thrown mug designed for coffee and tea lovers alike. The curved body and thick handle give the form a distinctive silhouette while maintaining a comfortable grip in hand.", "type": "text", "style": "", "detail": 0, "format": 0, "version": 1}], "direction": "ltr", "textStyle": "", "textFormat": 0}, {"type": "paragraph", "format": "", "indent": 0, "version": 1, "children": [{"mode": "normal", "text": "Each mug carries subtle variation and layered detail. Crafted from durable stoneware, it’s a functional yet expressive piece made to elevate your daily coffee or tea ritual. Cared for well, it will warm your hands for many winters to come.", "type": "text", "style": "", "detail": 0, "format": 0, "version": 1}], "direction": "ltr", "textStyle": "", "textFormat": 0}], "direction": "ltr"}}	3.5	4.75	361	15.75	electric-6	t	t	2026-04-10 15:21:43.858+00	2026-03-17 18:17:02.914+00	b02	10	\N	\N	\N	\N
46	Ceramic Cruet - Blue & White	P-0002-BLU	Ceramic Cruet - Blue & White	Cruet	42	f	224	{"root": {"type": "root", "format": "", "indent": 0, "version": 1, "children": [{"type": "paragraph", "format": "", "indent": 0, "version": 1, "children": [{"mode": "normal", "text": "A small bottle perfect for broth, soy sauce, cooking oils, or dairy like half and half for coffee service, or milk for cereal and tea. Cork included.", "type": "text", "style": "", "detail": 0, "format": 0, "version": 1}], "direction": "ltr", "textStyle": "", "textFormat": 0}, {"type": "paragraph", "format": "", "indent": 0, "version": 1, "children": [{"mode": "normal", "text": "Its compact size makes it easy to handle at the table while adding a thoughtful, handmade touch to everyday meals and gatherings.", "type": "text", "style": "", "detail": 0, "format": 0, "version": 1}], "direction": "ltr", "textStyle": "", "textFormat": 0}], "direction": "ltr"}}	2.5	4.25	273	6.8	electric-6	t	t	2026-03-18 19:11:32+00	2026-03-17 18:17:38.597+00	a3	228	\N	\N	\N	\N
44	M-0028-GRN — Mug	M-0028-GRN	Ceramic Mug - Green & Yellow	Mug	50	t	214	{"root": {"type": "root", "format": "", "indent": 0, "version": 1, "children": [{"type": "paragraph", "format": "", "indent": 0, "version": 1, "children": [{"mode": "normal", "text": "An ample wheel-thrown mug with carvings designed for coffee and tea lovers alike. The curved body and thick handle give the form a distinctive silhouette while maintaining a comfortable grip in hand.", "type": "text", "style": "", "detail": 0, "format": 0, "version": 1}], "direction": "ltr", "textStyle": "", "textFormat": 0}, {"type": "paragraph", "format": "", "indent": 0, "version": 1, "children": [{"mode": "normal", "text": "Each mug carries subtle variation and layered detail. Crafted from durable stoneware, it’s a functional yet expressive piece made to elevate your daily coffee or tea ritual.", "type": "text", "style": "", "detail": 0, "format": 0, "version": 1}], "direction": "ltr", "textStyle": "", "textFormat": 0}], "direction": "ltr"}}	3.75	4.5	412	19.3	electric-6	t	t	2026-04-10 16:33:34.914+00	2026-03-17 18:17:30.03+00	a6	\N	\N	\N	\N	\N
30	M-0014-GRN — Mug	M-0014-GRN	Ceramic Mug - Green & White	Mug	50	f	144	{"root": {"type": "root", "format": "", "indent": 0, "version": 1, "children": [{"type": "paragraph", "format": "", "indent": 0, "version": 1, "children": [{"mode": "normal", "text": "An ample wheel-thrown and altered mug designed for coffee and tea lovers alike. The curved body and thick handle give the form a distinctive silhouette while maintaining a comfortable grip in hand.", "type": "text", "style": "", "detail": 0, "format": 0, "version": 1}], "direction": "ltr", "textStyle": "", "textFormat": 0}, {"type": "paragraph", "format": "", "indent": 0, "version": 1, "children": [{"mode": "normal", "text": "Each mug carries subtle variation and layered detail. Crafted from durable stoneware, it’s a functional yet expressive piece made to elevate your daily coffee or tea ritual. Cared for well, it will warm your hands for many winters to come.", "type": "text", "style": "", "detail": 0, "format": 0, "version": 1}], "direction": "ltr", "textStyle": "", "textFormat": 0}], "direction": "ltr"}}	3.5	4.25	386	17.8	electric-6	t	t	2026-03-19 04:29:33.303+00	2026-03-17 18:16:26.542+00	al	\N	\N	\N	\N	\N
37	M-0021-GRN — Mug	M-0021-GRN	Ceramic Mug - Green & White	Mug	50	f	179	{"root": {"type": "root", "format": "", "indent": 0, "version": 1, "children": [{"type": "paragraph", "format": "", "indent": 0, "version": 1, "children": [{"mode": "normal", "text": "An ample wheel-thrown mug designed for coffee and tea lovers alike. The curved body and thick handle give the form a distinctive silhouette while maintaining a comfortable grip in hand.", "type": "text", "style": "", "detail": 0, "format": 0, "version": 1}], "direction": "ltr", "textStyle": "", "textFormat": 0}, {"type": "paragraph", "format": "", "indent": 0, "version": 1, "children": [{"mode": "normal", "text": "Each mug carries subtle variation and layered detail. Crafted from durable stoneware, it’s a functional yet expressive piece made to elevate your daily coffee or tea ritual. Cared for well, it will warm your hands for many winters to come.", "type": "text", "style": "", "detail": 0, "format": 0, "version": 1}], "direction": "ltr", "textStyle": "", "textFormat": 0}], "direction": "ltr"}}	3.4	4.3	356	17	electric-6	t	t	2026-03-19 04:30:00.08+00	2026-03-17 18:16:58.033+00	am	\N	\N	\N	\N	\N
49	Small Planter - Green & Brown	PNT-0001-GRN	Small Planter - Green & Brown	SM Planter	65	f	237	{"root": {"type": "root", "format": "", "indent": 0, "version": 1, "children": [{"type": "paragraph", "format": "", "indent": 0, "version": 1, "children": [{"mode": "normal", "text": "Small stoneware planter in a dark green glaze with brown variation at the rim. Perfect for a succulent. Matching tray included.", "type": "text", "style": "", "detail": 0, "format": 0, "version": 1}], "direction": "ltr", "textFormat": 0}], "direction": "ltr"}}	4.6	4.25	587	\N	electric-6	f	f	2026-03-18 19:14:08.804+00	2026-03-17 18:17:48.828+00	at	\N	\N	\N	\N	\N
\.


--
-- Data for Name: products_images; Type: TABLE DATA; Schema: public; Owner: -
--

COPY public.products_images (_order, _parent_id, id, image_id) FROM stdin;
1	51	69b99ad2aa9ac96a31121162	245
2	51	69b99ad2aa9ac96a31121163	246
3	51	69b99ad2aa9ac96a31121164	247
1	13	69b99a2caa9ac96a311210d3	55
2	13	69b99a2caa9ac96a311210d4	56
3	13	69b99a2caa9ac96a311210d5	57
1	42	69b99ab1aa9ac96a31121145	205
2	42	69b99ab1aa9ac96a31121146	206
3	42	69b99ab1aa9ac96a31121147	207
1	61	69bb4f2c5f7adf28fb6e26c8	407
2	61	69bb4f305f7adf28fb6e26ca	396
3	61	69bb4f345f7adf28fb6e26cc	397
1	55	69bb0da7db4eab779b712e99	368
1	11	69b99a23aa9ac96a311210cd	47
2	11	69b99a23aa9ac96a311210ce	48
3	11	69b99a23aa9ac96a311210cf	49
2	55	69bb0dacdb4eab779b712e9b	369
3	55	69bb0db0db4eab779b712e9d	370
4	42	69b99ab1aa9ac96a31121148	208
1	50	69b99acfaa9ac96a31121160	242
2	50	69b99acfaa9ac96a31121161	243
1	53	69b99adbaa9ac96a31121169	254
2	53	69b99adbaa9ac96a3112116a	255
1	41	69b99aacaa9ac96a31121141	200
2	41	69b99aacaa9ac96a31121142	201
3	41	69b99aacaa9ac96a31121143	202
4	41	69b99aacaa9ac96a31121144	203
3	53	69b99adbaa9ac96a3112116b	256
1	71	69be04f0ed49f1d9464815f1	451
2	71	69be04f4ed49f1d9464815f3	452
3	71	69be0588ed49f1d9464815f7	455
4	71	69be04f9ed49f1d9464815f5	453
1	34	69b99a8daa9ac96a31121125	165
2	34	69b99a8daa9ac96a31121126	166
3	34	69b99a8daa9ac96a31121127	167
4	34	69b99a8daa9ac96a31121128	168
1	27	69b99a6daa9ac96a31121109	130
2	27	69b99a6daa9ac96a3112110a	131
3	27	69b99a6daa9ac96a3112110b	132
1	73	69d71b4b00eb0cbb3b798779	463
2	73	69d71b5700eb0cbb3b79877b	464
3	73	69d71b5d00eb0cbb3b79877d	465
4	27	69b99a6daa9ac96a3112110c	133
1	38	69b99a9eaa9ac96a31121135	185
2	38	69b99a9eaa9ac96a31121136	186
1	30	69b99a7aaa9ac96a31121115	145
2	30	69b99a7aaa9ac96a31121116	146
3	30	69b99a7aaa9ac96a31121117	147
4	30	69b99a7aaa9ac96a31121118	148
1	37	69b99a9aaa9ac96a31121131	180
2	37	69b99a9aaa9ac96a31121132	181
3	37	69b99a9aaa9ac96a31121133	182
4	37	69b99a9aaa9ac96a31121134	183
3	38	69b99a9eaa9ac96a31121137	187
4	38	69b99a9eaa9ac96a31121138	188
1	78	69d728ce35106f65daff1c60	492
2	78	69d728d435106f65daff1c62	493
3	78	69d728d935106f65daff1c64	494
4	78	69d728dd35106f65daff1c66	495
1	77	69d7271335106f65daff1c58	486
2	77	69d7271835106f65daff1c5a	487
3	77	69d7271d35106f65daff1c5c	489
1	22	69b99a54aa9ac96a311210f5	105
2	22	69b99a54aa9ac96a311210f6	106
3	22	69b99a54aa9ac96a311210f7	107
4	22	69b99a54aa9ac96a311210f8	108
1	9	69b99a1baa9ac96a311210c8	37
2	9	69b99a1baa9ac96a311210c9	38
4	77	69d7272235106f65daff1c5e	490
1	83	69d9b42d11dbe2d7446d7739	513
2	83	69d9b43411dbe2d7446d773b	515
3	83	69d9b43911dbe2d7446d773d	516
4	83	69d9b43d11dbe2d7446d773f	517
1	26	69b99a69aa9ac96a31121105	125
2	26	69b99a69aa9ac96a31121106	126
3	26	69b99a69aa9ac96a31121107	127
4	26	69b99a69aa9ac96a31121108	128
1	12	69b99a27aa9ac96a311210d0	51
2	12	69b99a27aa9ac96a311210d1	52
3	12	69b99a27aa9ac96a311210d2	53
1	40	69b99aa7aa9ac96a3112113d	195
2	40	69b99aa7aa9ac96a3112113e	196
3	40	69b99aa7aa9ac96a3112113f	197
4	40	69b99aa7aa9ac96a31121140	198
1	4	69b99a08aa9ac96a311210ba	17
2	4	69b99a08aa9ac96a311210bb	18
3	4	69b99a08aa9ac96a311210bc	19
1	29	69b99a76aa9ac96a31121111	140
2	29	69b99a76aa9ac96a31121112	141
3	29	69b99a76aa9ac96a31121113	142
4	29	69b99a76aa9ac96a31121114	143
1	65	69bb604dbfb95e406fd6c973	413
2	65	69bb6052bfb95e406fd6c975	414
3	65	69bb6058bfb95e406fd6c977	415
4	65	69bb605cbfb95e406fd6c979	416
1	75	69d7200500eb0cbb3b798785	476
2	75	69d7200b00eb0cbb3b798787	477
3	75	69d7200f00eb0cbb3b798789	478
1	19	69b99a47aa9ac96a311210e9	89
2	19	69b99a47aa9ac96a311210ea	90
3	19	69b99a47aa9ac96a311210eb	91
4	19	69b99a47aa9ac96a311210ec	92
4	75	69d7201300eb0cbb3b79878b	479
1	64	69bb5c8f1042ed23f72683bc	408
2	64	69bb5c931042ed23f72683be	409
3	64	69bb5f44bfb95e406fd6c971	412
4	64	69bb5c971042ed23f72683c0	410
1	20	69b99a4caa9ac96a311210ed	94
2	20	69b99a4caa9ac96a311210ee	95
3	20	69b99a4caa9ac96a311210ef	97
4	20	69b99a4caa9ac96a311210f0	98
1	57	69bb3dcaca37cd57293813e3	379
2	57	69bb3dcfca37cd57293813e5	380
3	57	69bb3dd4ca37cd57293813e7	381
1	6	69b99a10aa9ac96a311210c0	25
2	6	69b99a10aa9ac96a311210c1	26
3	6	69b99a10aa9ac96a311210c2	27
1	16	69b99a3aaa9ac96a311210dd	71
2	16	69b99a3aaa9ac96a311210de	72
3	16	69b99a3aaa9ac96a311210df	73
4	16	69b99a3aaa9ac96a311210e0	74
1	24	69b99a5eaa9ac96a311210fd	115
2	24	69b99a5eaa9ac96a311210fe	116
3	24	69b99a5eaa9ac96a311210ff	117
4	24	69b99a5eaa9ac96a31121100	118
1	67	69bb68294e39408938aed49e	430
2	67	69bb68354e39408938aed4a0	431
3	67	69bb68404e39408938aed4a2	434
4	67	69bb68444e39408938aed4a4	432
1	15	69b99a35aa9ac96a311210d9	65
2	15	69b99a35aa9ac96a311210da	66
3	15	69b99a35aa9ac96a311210db	67
4	15	69b99a35aa9ac96a311210dc	68
1	32	69b99a83aa9ac96a3112111d	155
2	32	69b99a83aa9ac96a3112111e	156
3	32	69b99a83aa9ac96a3112111f	157
1	74	69d71d7600eb0cbb3b79877f	466
2	74	69d71d7b00eb0cbb3b798781	467
1	47	69b99ac6aa9ac96a31121157	230
2	47	69b99ac6aa9ac96a31121158	231
3	47	69b99ac6aa9ac96a31121159	232
3	74	69d71d8000eb0cbb3b798783	468
4	32	69b99a83aa9ac96a31121120	158
1	8	69b99a18aa9ac96a311210c6	33
1	28	69b99a72aa9ac96a3112110d	135
2	28	69b99a72aa9ac96a3112110e	136
3	28	69b99a72aa9ac96a3112110f	137
4	28	69b99a72aa9ac96a31121110	138
2	8	69b99a18aa9ac96a311210c7	35
1	10	69b99a1faa9ac96a311210ca	41
2	10	69b99a1faa9ac96a311210cb	42
3	10	69b99a1faa9ac96a311210cc	43
1	39	69b99aa2aa9ac96a31121139	190
2	39	69b99aa2aa9ac96a3112113a	191
1	35	69b99a91aa9ac96a31121129	170
2	35	69b99a91aa9ac96a3112112a	171
3	35	69b99a91aa9ac96a3112112b	172
4	35	69b99a91aa9ac96a3112112c	173
1	63	69bb55335f7adf28fb6e26d4	403
2	63	69bb55375f7adf28fb6e26d6	404
3	39	69b99aa2aa9ac96a3112113b	192
4	39	69b99aa2aa9ac96a3112113c	193
1	62	69bb512f5f7adf28fb6e26ce	399
2	62	69bb51335f7adf28fb6e26d0	400
3	62	69bb51385f7adf28fb6e26d2	402
1	72	69be0c008101ffc3865d90a6	457
2	72	69be0c048101ffc3865d90a8	458
3	72	69be0c098101ffc3865d90aa	459
4	72	69be0c0d8101ffc3865d90ac	460
1	70	69be0179ed49f1d9464815e9	447
1	66	69bb64230be30afa34806e37	426
2	66	69bb642e0be30afa34806e39	427
3	66	69bb64330be30afa34806e3b	428
2	70	69be017ded49f1d9464815eb	448
3	70	69be0181ed49f1d9464815ed	449
4	70	69be0186ed49f1d9464815ef	450
4	66	69bb64cb4e39408938aed496	429
1	44	69b99abaaa9ac96a3112114d	215
2	44	69b99abaaa9ac96a3112114e	216
3	44	69b99abaaa9ac96a3112114f	217
4	44	69b99abaaa9ac96a31121150	218
1	60	69bb4c32ca37cd57293813f7	391
2	60	69bb4c37ca37cd57293813f9	392
1	56	69bb1b91a80f93790c8027a5	375
2	56	69bb1b95a80f93790c8027a7	376
3	56	69bb1b99a80f93790c8027a9	377
3	60	69bb4c3cca37cd57293813fb	393
1	82	69d7321135106f65daff1c7a	508
2	82	69d7321735106f65daff1c7c	510
3	82	69d7322035106f65daff1c7e	511
4	82	69d7322435106f65daff1c80	512
1	1	69b999fdaa9ac96a311210b1	3
2	1	69b999fdaa9ac96a311210b2	4
3	1	69b999fdaa9ac96a311210b3	5
1	81	69d730a035106f65daff1c74	504
2	81	69d730a535106f65daff1c76	506
1	3	69b99a04aa9ac96a311210b7	13
2	3	69b99a04aa9ac96a311210b8	14
3	3	69b99a04aa9ac96a311210b9	15
3	81	69d730aa35106f65daff1c78	507
1	33	69b99a87aa9ac96a31121121	160
1	68	69bdfa21ed49f1d9464815d9	436
2	68	69bdfa2bed49f1d9464815db	437
3	68	69bdfa53ed49f1d9464815df	440
4	68	69bdfa2fed49f1d9464815dd	438
1	18	69b99a43aa9ac96a311210e5	83
2	18	69b99a43aa9ac96a311210e6	84
3	18	69b99a43aa9ac96a311210e7	85
4	18	69b99a43aa9ac96a311210e8	87
2	33	69b99a87aa9ac96a31121122	161
3	33	69b99a87aa9ac96a31121123	162
4	33	69b99a87aa9ac96a31121124	163
1	69	69bdfd9fed49f1d9464815e1	441
2	69	69bdfda4ed49f1d9464815e3	442
3	69	69bdfda9ed49f1d9464815e5	443
4	69	69bdfdaeed49f1d9464815e7	444
1	43	69b99ab5aa9ac96a31121149	210
2	43	69b99ab5aa9ac96a3112114a	211
3	43	69b99ab5aa9ac96a3112114b	212
4	43	69b99ab5aa9ac96a3112114c	213
1	31	69b99a7eaa9ac96a31121119	150
2	31	69b99a7eaa9ac96a3112111a	151
3	31	69b99a7eaa9ac96a3112111b	152
4	31	69b99a7eaa9ac96a3112111c	153
1	21	69b99a50aa9ac96a311210f1	100
2	21	69b99a50aa9ac96a311210f2	101
3	21	69b99a50aa9ac96a311210f3	102
4	21	69b99a50aa9ac96a311210f4	103
1	80	69d72d3535106f65daff1c6e	497
1	23	69b99a59aa9ac96a311210f9	110
2	23	69b99a59aa9ac96a311210fa	111
3	23	69b99a59aa9ac96a311210fb	112
2	80	69d72d3c35106f65daff1c70	498
3	80	69d72d4235106f65daff1c72	499
1	58	69bb40e3ca37cd57293813eb	383
2	58	69bb40e8ca37cd57293813ed	384
3	58	69bb40eeca37cd57293813ef	385
1	79	69d72bc535106f65daff1c68	500
1	36	69b99a95aa9ac96a3112112d	175
2	36	69b99a95aa9ac96a3112112e	176
3	36	69b99a95aa9ac96a3112112f	177
4	36	69b99a95aa9ac96a31121130	178
1	59	69bb4409ca37cd57293813f1	387
2	59	69bb440eca37cd57293813f3	388
3	59	69bb4412ca37cd57293813f5	389
1	52	69b99ad7aa9ac96a31121165	249
2	52	69b99ad7aa9ac96a31121166	250
3	52	69b99ad7aa9ac96a31121167	251
2	79	69d72bcb35106f65daff1c6a	502
4	23	69b99a59aa9ac96a311210fc	113
1	49	69b99accaa9ac96a3112115d	238
2	49	69b99accaa9ac96a3112115e	239
3	49	69b99accaa9ac96a3112115f	240
4	52	69b99ad7aa9ac96a31121168	252
3	79	69d72bd935106f65daff1c6c	503
1	46	69b99ac2aa9ac96a31121154	225
2	46	69b99ac2aa9ac96a31121155	226
3	46	69b99ac2aa9ac96a31121156	227
1	14	69b99a30aa9ac96a311210d6	60
2	14	69b99a30aa9ac96a311210d7	62
3	14	69b99a30aa9ac96a311210d8	63
1	17	69b99a3faa9ac96a311210e1	77
2	17	69b99a3faa9ac96a311210e2	78
3	17	69b99a3faa9ac96a311210e3	80
4	17	69b99a3faa9ac96a311210e4	81
1	76	69d72522ed68f90a140c9919	481
1	5	69b99a0caa9ac96a311210bd	21
2	5	69b99a0caa9ac96a311210be	22
3	5	69b99a0caa9ac96a311210bf	23
2	76	69d72527ed68f90a140c991b	482
3	76	69d7252bed68f90a140c991d	483
4	76	69d72531ed68f90a140c991f	484
1	2	69b99a01aa9ac96a311210b4	7
2	2	69b99a01aa9ac96a311210b5	8
3	2	69b99a01aa9ac96a311210b6	9
1	45	69b99abeaa9ac96a31121151	220
1	25	69b99a63aa9ac96a31121101	120
2	25	69b99a63aa9ac96a31121102	121
3	25	69b99a63aa9ac96a31121103	122
4	25	69b99a63aa9ac96a31121104	123
2	45	69b99abeaa9ac96a31121152	221
3	45	69b99abeaa9ac96a31121153	222
1	7	69b99a15aa9ac96a311210c3	29
2	7	69b99a15aa9ac96a311210c4	30
3	7	69b99a15aa9ac96a311210c5	31
1	48	69b99ac9aa9ac96a3112115a	234
2	48	69b99ac9aa9ac96a3112115b	235
3	48	69b99ac9aa9ac96a3112115c	236
\.


--
-- Data for Name: products_making_links; Type: TABLE DATA; Schema: public; Owner: -
--

COPY public.products_making_links (_order, _parent_id, id, title, url) FROM stdin;
1	46	69b9b9a81070e216d7d1c3dd	Slipcast Bottle	/journal/process/slipcast-bottle
1	47	69b9b9a81070e216d7d1c3de	Slipcast Bottle	/journal/process/slipcast-bottle
1	48	69b9b9a81070e216d7d1c3df	Slipcast Bottle	/journal/process/slipcast-bottle
1	58	69bb40d5ca37cd57293813e9	Slipcast Bottle	/journal/process/slipcast-bottle
1	57	69bb3db5ca37cd57293813e1	Slipcast Bottle	/journal/process/slipcast-bottle
1	45	69b9b9a71070e216d7d1c3dc	Slipcast Bottle	/journal/process/slipcast-bottle
1	56	69bb39e8a80f93790c8027ab	Slipcast Bottle	/journal/process/slipcast-bottle
\.


--
-- Data for Name: products_rels; Type: TABLE DATA; Schema: public; Owner: -
--

COPY public.products_rels (id, "order", parent_id, path, products_id) FROM stdin;
430	1	13	relatedProducts	14
431	2	13	relatedProducts	16
438	1	23	relatedProducts	42
439	2	23	relatedProducts	49
440	3	23	relatedProducts	50
656	1	20	relatedProducts	3
657	2	20	relatedProducts	48
658	3	20	relatedProducts	4
377	1	1	relatedProducts	25
378	2	1	relatedProducts	26
379	3	1	relatedProducts	11
380	1	43	relatedProducts	44
381	2	43	relatedProducts	1
382	3	43	relatedProducts	35
389	1	31	relatedProducts	36
390	2	31	relatedProducts	35
391	3	31	relatedProducts	1
395	1	11	relatedProducts	12
396	2	11	relatedProducts	26
397	3	11	relatedProducts	25
444	1	49	relatedProducts	23
445	2	49	relatedProducts	42
446	3	49	relatedProducts	50
451	1	14	relatedProducts	16
452	2	14	relatedProducts	13
665	1	63	relatedProducts	59
666	2	63	relatedProducts	66
667	3	63	relatedProducts	57
417	1	41	relatedProducts	18
418	2	41	relatedProducts	21
419	3	41	relatedProducts	40
423	1	21	relatedProducts	18
424	2	21	relatedProducts	40
425	3	21	relatedProducts	41
791	1	2	relatedProducts	38
792	2	2	relatedProducts	52
456	1	9	relatedProducts	28
457	2	9	relatedProducts	5
458	3	9	relatedProducts	19
793	3	2	relatedProducts	7
473	1	7	relatedProducts	38
474	2	7	relatedProducts	52
475	3	7	relatedProducts	2
476	1	48	relatedProducts	29
477	2	48	relatedProducts	3
478	3	48	relatedProducts	4
485	1	4	relatedProducts	10
486	2	4	relatedProducts	48
487	3	4	relatedProducts	3
493	1	29	relatedProducts	48
494	2	29	relatedProducts	20
495	3	29	relatedProducts	34
496	1	34	relatedProducts	3
497	2	34	relatedProducts	48
498	3	34	relatedProducts	4
686	1	71	relatedProducts	72
687	2	71	relatedProducts	63
688	3	71	relatedProducts	57
692	1	72	relatedProducts	71
693	2	72	relatedProducts	63
694	3	72	relatedProducts	57
800	1	6	relatedProducts	22
801	1	16	relatedProducts	60
802	2	16	relatedProducts	14
803	3	16	relatedProducts	62
807	1	69	relatedProducts	62
808	2	69	relatedProducts	39
575	1	17	relatedProducts	18
576	2	17	relatedProducts	21
577	3	17	relatedProducts	56
809	3	69	relatedProducts	32
714	1	18	relatedProducts	21
715	2	18	relatedProducts	40
825	1	44	relatedProducts	43
826	2	44	relatedProducts	1
827	3	44	relatedProducts	36
604	1	15	relatedProducts	60
605	2	15	relatedProducts	27
606	3	15	relatedProducts	51
831	1	51	relatedProducts	45
832	2	51	relatedProducts	24
833	3	51	relatedProducts	15
716	3	18	relatedProducts	41
717	4	18	relatedProducts	70
630	1	27	relatedProducts	15
631	2	27	relatedProducts	51
632	3	27	relatedProducts	56
721	1	61	relatedProducts	62
722	2	61	relatedProducts	60
723	3	61	relatedProducts	51
636	1	30	relatedProducts	37
637	2	30	relatedProducts	51
638	3	30	relatedProducts	8
639	1	37	relatedProducts	30
640	2	37	relatedProducts	51
641	3	37	relatedProducts	8
837	1	56	relatedProducts	55
838	2	56	relatedProducts	67
839	3	56	relatedProducts	21
733	1	59	relatedProducts	57
734	2	59	relatedProducts	66
735	3	59	relatedProducts	63
742	1	52	relatedProducts	24
743	2	52	relatedProducts	15
750	1	73	relatedProducts	23
751	2	73	relatedProducts	49
752	3	73	relatedProducts	42
754	1	74	relatedProducts	58
758	1	39	relatedProducts	38
759	2	39	relatedProducts	62
760	3	39	relatedProducts	32
766	1	62	relatedProducts	32
767	2	62	relatedProducts	38
768	3	62	relatedProducts	39
854	1	8	relatedProducts	30
855	2	8	relatedProducts	51
856	3	8	relatedProducts	37
645	1	65	relatedProducts	19
646	2	65	relatedProducts	9
647	3	65	relatedProducts	28
653	1	19	relatedProducts	65
654	2	19	relatedProducts	9
432	1	22	relatedProducts	6
655	3	19	relatedProducts	28
534	1	64	relatedProducts	55
535	2	64	relatedProducts	41
536	3	64	relatedProducts	56
662	1	57	relatedProducts	59
663	2	57	relatedProducts	66
441	1	42	relatedProducts	23
442	2	42	relatedProducts	49
443	3	42	relatedProducts	50
794	1	38	relatedProducts	2
664	3	57	relatedProducts	63
795	2	38	relatedProducts	52
796	3	38	relatedProducts	7
804	1	66	relatedProducts	63
805	2	66	relatedProducts	57
806	3	66	relatedProducts	59
813	1	45	relatedProducts	51
814	2	45	relatedProducts	15
815	3	45	relatedProducts	24
819	1	24	relatedProducts	51
820	2	24	relatedProducts	45
821	3	24	relatedProducts	62
369	1	46	relatedProducts	51
370	2	46	relatedProducts	24
447	1	50	relatedProducts	23
448	2	50	relatedProducts	42
449	3	50	relatedProducts	49
822	1	67	relatedProducts	64
459	1	28	relatedProducts	9
460	2	28	relatedProducts	5
386	1	25	relatedProducts	1
387	2	25	relatedProducts	31
388	3	25	relatedProducts	35
392	1	26	relatedProducts	1
393	2	26	relatedProducts	12
394	3	26	relatedProducts	36
403	1	12	relatedProducts	11
404	2	12	relatedProducts	26
405	3	12	relatedProducts	25
823	2	67	relatedProducts	55
824	3	67	relatedProducts	17
695	1	68	relatedProducts	63
461	3	28	relatedProducts	45
834	1	32	relatedProducts	51
835	2	32	relatedProducts	39
420	1	40	relatedProducts	18
421	2	40	relatedProducts	21
422	3	40	relatedProducts	41
696	2	68	relatedProducts	57
697	3	68	relatedProducts	59
836	3	32	relatedProducts	62
840	1	80	relatedProducts	79
841	2	80	relatedProducts	75
842	3	80	relatedProducts	51
843	1	79	relatedProducts	80
844	2	79	relatedProducts	75
845	3	79	relatedProducts	51
482	1	3	relatedProducts	20
483	2	3	relatedProducts	34
484	3	3	relatedProducts	4
488	1	10	relatedProducts	4
489	2	10	relatedProducts	34
490	3	10	relatedProducts	20
850	1	83	relatedProducts	75
851	2	83	relatedProducts	40
852	3	83	relatedProducts	17
853	4	83	relatedProducts	21
710	1	70	relatedProducts	56
711	2	70	relatedProducts	40
712	3	70	relatedProducts	18
713	4	70	relatedProducts	55
718	1	5	relatedProducts	28
719	2	5	relatedProducts	9
720	3	5	relatedProducts	49
730	1	60	relatedProducts	51
731	2	60	relatedProducts	36
732	3	60	relatedProducts	62
736	1	55	relatedProducts	17
737	2	55	relatedProducts	18
622	1	35	relatedProducts	1
623	2	35	relatedProducts	31
624	3	35	relatedProducts	11
627	1	36	relatedProducts	62
628	2	36	relatedProducts	43
629	3	36	relatedProducts	12
738	3	55	relatedProducts	40
739	1	53	relatedProducts	24
740	2	53	relatedProducts	15
741	3	53	relatedProducts	48
761	1	33	relatedProducts	32
762	2	33	relatedProducts	51
\.


--
-- Data for Name: products_tags; Type: TABLE DATA; Schema: public; Owner: -
--

COPY public.products_tags ("order", parent_id, value, id) FROM stdin;
1	12	drink	241
1	77	drink	547
1	32	drink	548
1	56	pour	549
1	15	store	387
1	80	drink	550
1	79	drink	551
1	41	drink	248
1	40	drink	249
1	21	drink	250
1	83	drink	554
1	8	eat	555
1	13	store	253
1	22	drink	254
1	82	pour	556
1	73	eat	476
2	73	display	477
1	23	drink	258
1	42	drink	259
1	49	plant	260
1	50	plant	261
2	50	display	262
1	14	store	264
1	47	pour	265
1	9	drink	267
1	28	drink	268
1	7	eat	275
1	48	pour	276
1	74	display	484
2	74	eat	485
1	3	eat	279
1	35	drink	396
1	36	drink	398
1	27	drink	399
1	4	eat	280
1	10	drink	281
1	29	drink	283
1	34	drink	284
1	30	drink	401
1	37	drink	402
1	46	pour	229
1	65	drink	404
1	1	eat	232
1	43	drink	233
1	25	drink	235
1	31	drink	236
1	26	drink	237
1	11	drink	238
1	19	drink	407
1	20	drink	408
1	57	pour	410
1	63	display	411
2	63	eat	412
1	39	drink	497
1	33	drink	498
1	58	pour	303
1	62	eat	500
2	62	display	501
1	76	drink	502
1	78	drink	508
1	64	drink	340
1	71	drink	435
1	72	drink	437
1	81	pour	525
1	68	drink	440
1	75	drink	528
1	70	drink	445
1	2	eat	531
1	18	drink	446
1	5	eat	447
1	17	store	373
1	61	eat	448
2	61	display	449
1	38	drink	532
1	6	eat	534
1	16	store	535
1	66	store	536
1	69	drink	537
1	60	eat	454
2	60	display	455
1	59	eat	456
2	59	display	457
1	55	display	458
1	53	eat	459
2	53	display	460
1	52	eat	461
2	52	display	462
1	45	pour	539
1	24	drink	541
1	67	store	542
1	44	drink	543
1	51	eat	545
2	51	display	546
\.


--
-- Data for Name: redirects; Type: TABLE DATA; Schema: public; Owner: -
--

COPY public.redirects (id, "from", to_type, to_url, updated_at, created_at) FROM stdin;
\.


--
-- Data for Name: redirects_rels; Type: TABLE DATA; Schema: public; Owner: -
--

COPY public.redirects_rels (id, "order", parent_id, path, pages_id, posts_id) FROM stdin;
\.


--
-- Data for Name: search; Type: TABLE DATA; Schema: public; Owner: -
--

COPY public.search (id, title, priority, slug, meta_title, meta_description, meta_image_id, updated_at, created_at) FROM stdin;
1	WAD Cafe, Osaka Japan	0	wad-cafe	WAD Cafe, Osaka Japan	\N	\N	2026-03-17 18:18:09.28+00	2026-03-17 18:18:09.28+00
2	Mingei Museum	0	mingei-museum	Mingei Museum	\N	\N	2026-03-17 18:18:13.052+00	2026-03-17 18:18:13.052+00
3	Tokyo National Museum	0	tokyo-national-museum	Tokyo National Museum	\N	\N	2026-03-17 18:18:16.627+00	2026-03-17 18:18:16.627+00
4	Polish Pottery Store in Tokyo, Japan	0	polish-pottery	Polish Pottery Store in Tokyo, Japan	\N	\N	2026-03-17 18:18:18.737+00	2026-03-17 18:18:18.737+00
5	Tokyo Pottery Stores	0	tokyo-pottery-stores	Tokyo Pottery Stores	\N	\N	2026-03-17 18:18:19.579+00	2026-03-17 18:18:19.578+00
9	Tomoo Hamada @ Rebuild Foundation	0	tomoo-hamada-theaster-gates	Tomoo Hamada @ Rebuild Foundation	\N	\N	2026-03-17 18:18:37.119+00	2026-03-17 18:18:37.119+00
10	Sculptural Juicer	0	sculptural-juicer	Sculptural Juicer	\N	\N	2026-03-17 18:18:46.869+00	2026-03-17 18:18:46.868+00
11	"Put a Lid on It" at the Belger Arts Center\n	0	put-a-lid-on-it-belger-arts-center-exhibition	"Put a Lid on It" at the Belger Arts Center\n	\N	\N	2026-03-17 18:18:56.031+00	2026-03-17 18:18:56.031+00
12	Washi Paper Ceramic Lantern	0	washi-paper-ceramic-lantern	Washi Paper Ceramic Lantern	\N	\N	2026-03-17 18:19:13.808+00	2026-03-17 18:19:13.808+00
13	Slipcast Bottle Process	0	slipcast-bottle	Slipcast Bottle Process	\N	\N	2026-03-17 18:19:21.313+00	2026-03-17 18:19:21.313+00
6	Heath Ceramics	0	heath-ceramics-documentary	Heath Ceramics	\N	\N	2026-03-17 21:41:45.741+00	2026-03-17 18:18:20.284+00
7	In the Key of Clay	0	in-the-key-of-clay-ken-jensen	In the Key of Clay	\N	\N	2026-03-17 21:41:45.791+00	2026-03-17 18:18:21.011+00
8	Takeshi Yasuda	0	takeshi-yasuda	Takeshi Yasuda	\N	\N	2026-03-19 16:29:42.7+00	2026-03-17 18:18:25.992+00
\.


--
-- Data for Name: search_categories; Type: TABLE DATA; Schema: public; Owner: -
--

COPY public.search_categories (_order, _parent_id, id, relation_to, category_i_d, title) FROM stdin;
1	1	69b99ae1aa9ac96a31121170	categories	\N	travel
1	2	69b99ae5aa9ac96a31121177	categories	\N	travel
1	3	69b99ae8aa9ac96a3112117e	categories	\N	travel
1	4	69b99aeaaa9ac96a31121182	categories	\N	travel
1	5	69b99aebaa9ac96a31121183	categories	\N	travel
1	9	69b99afdaa9ac96a31121199	categories	\N	workshops
1	10	69b99b06aa9ac96a311211a5	categories	\N	process
1	11	69b99b10aa9ac96a311211b0	categories	\N	exhibitions
1	12	69b99b21aa9ac96a311211c1	categories	\N	process
1	13	69b99b29aa9ac96a311211cb	categories	\N	process
1	6	69b9ca995de1eb23ad5e1b9f	categories	\N	video
1	7	69b9ca995de1eb23ad5e1ba0	categories	\N	video
1	8	69bc2476cc38200031b0f4b9	categories	\N	video
\.


--
-- Data for Name: search_rels; Type: TABLE DATA; Schema: public; Owner: -
--

COPY public.search_rels (id, "order", parent_id, path, posts_id) FROM stdin;
1	\N	1	doc	2
2	\N	2	doc	3
3	\N	3	doc	4
4	\N	4	doc	5
5	\N	5	doc	6
9	\N	9	doc	10
10	\N	10	doc	11
11	\N	11	doc	12
12	\N	12	doc	13
13	\N	13	doc	14
14	\N	6	doc	7
15	\N	7	doc	8
17	\N	8	doc	9
\.


--
-- Data for Name: stockists; Type: TABLE DATA; Schema: public; Owner: -
--

COPY public.stockists (id, updated_at, created_at) FROM stdin;
1	2026-03-16 17:11:06.454+00	2026-03-16 17:11:06.454+00
\.


--
-- Data for Name: stockists_stockists; Type: TABLE DATA; Schema: public; Owner: -
--

COPY public.stockists_stockists (_order, _parent_id, id, name, info, address, map_url, image_id, url, current) FROM stdin;
1	1	69b99b2caa9ac96a311211cc	Northside Cutlery	Kitchen retail supply store in Lincoln Square with a focus on knife sharpening services.	4316 N Lincoln Ave, Chicago, IL	\N	326	https://northsidecutlery.com	t
2	1	69b99b2caa9ac96a311211cd	Buddy Gallery	Located in the Chicago Cultural Center in downtown Chicago, Buddy supports and showcases local artists, makers and small businesses that work in the city.	79 E Washington St, Chicago, IL	\N	327	https://hi-buddy.org	t
3	1	69b99b2caa9ac96a311211ce	Spilt Milk Pastry	Located in Oak Park, Illinois, Spilt Milk Pastry works with local farmers to source ingredients for their baked goods. They carry my handmade mugs.	811 South Blvd, Oak Park, IL	\N	328	https://www.spiltmilkpastry.com	f
\.


--
-- Data for Name: users; Type: TABLE DATA; Schema: public; Owner: -
--

COPY public.users (id, name, updated_at, created_at, email, reset_password_token, reset_password_expiration, salt, hash, login_attempts, lock_until) FROM stdin;
1	Davey	2026-03-17 21:41:44.372+00	2026-03-16 16:07:37.97+00	david@raygun.org	\N	\N	47703bd813d08425779cea2bd6bf41310bc07fd68676424f2bb6acde4138730f	bff9886c23205b99d2a90f8a17f87f0c42d080bd92cb555baa851b9093789884486119fb317952455e541426686f7d16dac41ebec78c9ae581bf03b0314a9c341380f0ca883734c8c7a74c47661683de978a44a5b1d2124dfc54d9a4b49baffe8980b92b32ebeba718b5b779c5e7c507efeba97697392c487353f25f68696f14bb42e1a04d02b00bf174592d1980208ae55ae0ae4af5d27bba3b04e52169d41341b342ac60585082dd5f3e8741269ff095c34c5ef98aaaba2b0e8cf08c23f94ffb3f752a9cb10e0c352729f9dadd9b3d4a5f87b70b50db03f57b7f7191209ba8a02435a743023afccbcc15ceb21e1dcd2daaec7ebe8eba1ca27c297700758c1cb9436cc6cb670b15fdcbfbd33b98536dbc7e29c0126ab2cae4edf44499e7757f9a2522ec63ee2f9df98a1a3c9cf87d9773422695c0e6718129124abdfb6fdd701e07b217f299879e003fb11714c560e118034cfc3644e92dcb12e0cabae29789cd6e253529a97f116a16ecc0fdd273a652143af4cb233412a12d68fdf5f0f10a02377a59164401d8e204c59f396e204985441f7cf2a0def4de838aea8ef5cfa1dd06f203f23a84c0b989f101f44d88eae1bb44a2ff397fe1fac1aa83348698c7c000f7b1650ec576e70d63292f6c82a5e345368def8d97d4bec093d00399f3709ea5dd66801f3fec40f8dd360f833c50da09d497de938c00d3c227e49ff7b58f	0	\N
\.


--
-- Data for Name: users_sessions; Type: TABLE DATA; Schema: public; Owner: -
--

COPY public.users_sessions (_order, _parent_id, id, created_at, expires_at) FROM stdin;
1	1	503d73d1-1582-41cc-834d-5e07d99271ce	2026-05-01 19:33:13.912+00	2026-05-01 21:33:13.912+00
\.


--
-- Name: _pages_v_blocks_archive_id_seq; Type: SEQUENCE SET; Schema: public; Owner: -
--

SELECT pg_catalog.setval('public._pages_v_blocks_archive_id_seq', 1, false);


--
-- Name: _pages_v_blocks_content_columns_id_seq; Type: SEQUENCE SET; Schema: public; Owner: -
--

SELECT pg_catalog.setval('public._pages_v_blocks_content_columns_id_seq', 1, false);


--
-- Name: _pages_v_blocks_content_id_seq; Type: SEQUENCE SET; Schema: public; Owner: -
--

SELECT pg_catalog.setval('public._pages_v_blocks_content_id_seq', 1, false);


--
-- Name: _pages_v_blocks_cta_id_seq; Type: SEQUENCE SET; Schema: public; Owner: -
--

SELECT pg_catalog.setval('public._pages_v_blocks_cta_id_seq', 1, false);


--
-- Name: _pages_v_blocks_cta_links_id_seq; Type: SEQUENCE SET; Schema: public; Owner: -
--

SELECT pg_catalog.setval('public._pages_v_blocks_cta_links_id_seq', 1, false);


--
-- Name: _pages_v_blocks_form_block_id_seq; Type: SEQUENCE SET; Schema: public; Owner: -
--

SELECT pg_catalog.setval('public._pages_v_blocks_form_block_id_seq', 1, false);


--
-- Name: _pages_v_blocks_media_block_id_seq; Type: SEQUENCE SET; Schema: public; Owner: -
--

SELECT pg_catalog.setval('public._pages_v_blocks_media_block_id_seq', 1, false);


--
-- Name: _pages_v_id_seq; Type: SEQUENCE SET; Schema: public; Owner: -
--

SELECT pg_catalog.setval('public._pages_v_id_seq', 1, false);


--
-- Name: _pages_v_rels_id_seq; Type: SEQUENCE SET; Schema: public; Owner: -
--

SELECT pg_catalog.setval('public._pages_v_rels_id_seq', 1, false);


--
-- Name: _pages_v_version_hero_links_id_seq; Type: SEQUENCE SET; Schema: public; Owner: -
--

SELECT pg_catalog.setval('public._pages_v_version_hero_links_id_seq', 1, false);


--
-- Name: _posts_v_id_seq; Type: SEQUENCE SET; Schema: public; Owner: -
--

SELECT pg_catalog.setval('public._posts_v_id_seq', 18, true);


--
-- Name: _posts_v_rels_id_seq; Type: SEQUENCE SET; Schema: public; Owner: -
--

SELECT pg_catalog.setval('public._posts_v_rels_id_seq', 1, false);


--
-- Name: _posts_v_version_gallery_id_seq; Type: SEQUENCE SET; Schema: public; Owner: -
--

SELECT pg_catalog.setval('public._posts_v_version_gallery_id_seq', 36, true);


--
-- Name: _posts_v_version_gallery_items_id_seq; Type: SEQUENCE SET; Schema: public; Owner: -
--

SELECT pg_catalog.setval('public._posts_v_version_gallery_items_id_seq', 74, true);


--
-- Name: announcement_id_seq; Type: SEQUENCE SET; Schema: public; Owner: -
--

SELECT pg_catalog.setval('public.announcement_id_seq', 1, true);


--
-- Name: categories_id_seq; Type: SEQUENCE SET; Schema: public; Owner: -
--

SELECT pg_catalog.setval('public.categories_id_seq', 1, false);


--
-- Name: collection_title_id_seq; Type: SEQUENCE SET; Schema: public; Owner: -
--

SELECT pg_catalog.setval('public.collection_title_id_seq', 1, true);


--
-- Name: events_id_seq; Type: SEQUENCE SET; Schema: public; Owner: -
--

SELECT pg_catalog.setval('public.events_id_seq', 16, true);


--
-- Name: faq_id_seq; Type: SEQUENCE SET; Schema: public; Owner: -
--

SELECT pg_catalog.setval('public.faq_id_seq', 1, true);


--
-- Name: footer_id_seq; Type: SEQUENCE SET; Schema: public; Owner: -
--

SELECT pg_catalog.setval('public.footer_id_seq', 1, false);


--
-- Name: footer_rels_id_seq; Type: SEQUENCE SET; Schema: public; Owner: -
--

SELECT pg_catalog.setval('public.footer_rels_id_seq', 1, false);


--
-- Name: form_submissions_id_seq; Type: SEQUENCE SET; Schema: public; Owner: -
--

SELECT pg_catalog.setval('public.form_submissions_id_seq', 1, false);


--
-- Name: forms_id_seq; Type: SEQUENCE SET; Schema: public; Owner: -
--

SELECT pg_catalog.setval('public.forms_id_seq', 1, false);


--
-- Name: gallery_id_seq; Type: SEQUENCE SET; Schema: public; Owner: -
--

SELECT pg_catalog.setval('public.gallery_id_seq', 1, true);


--
-- Name: header_id_seq; Type: SEQUENCE SET; Schema: public; Owner: -
--

SELECT pg_catalog.setval('public.header_id_seq', 1, false);


--
-- Name: header_rels_id_seq; Type: SEQUENCE SET; Schema: public; Owner: -
--

SELECT pg_catalog.setval('public.header_rels_id_seq', 1, false);


--
-- Name: links_id_seq; Type: SEQUENCE SET; Schema: public; Owner: -
--

SELECT pg_catalog.setval('public.links_id_seq', 1, true);


--
-- Name: media_id_seq; Type: SEQUENCE SET; Schema: public; Owner: -
--

SELECT pg_catalog.setval('public.media_id_seq', 517, true);


--
-- Name: newsletter_id_seq; Type: SEQUENCE SET; Schema: public; Owner: -
--

SELECT pg_catalog.setval('public.newsletter_id_seq', 1, true);


--
-- Name: pages_id_seq; Type: SEQUENCE SET; Schema: public; Owner: -
--

SELECT pg_catalog.setval('public.pages_id_seq', 1, false);


--
-- Name: pages_rels_id_seq; Type: SEQUENCE SET; Schema: public; Owner: -
--

SELECT pg_catalog.setval('public.pages_rels_id_seq', 1, false);


--
-- Name: payload_folders_folder_type_id_seq; Type: SEQUENCE SET; Schema: public; Owner: -
--

SELECT pg_catalog.setval('public.payload_folders_folder_type_id_seq', 1, false);


--
-- Name: payload_folders_id_seq; Type: SEQUENCE SET; Schema: public; Owner: -
--

SELECT pg_catalog.setval('public.payload_folders_id_seq', 1, false);


--
-- Name: payload_jobs_id_seq; Type: SEQUENCE SET; Schema: public; Owner: -
--

SELECT pg_catalog.setval('public.payload_jobs_id_seq', 1, false);


--
-- Name: payload_kv_id_seq; Type: SEQUENCE SET; Schema: public; Owner: -
--

SELECT pg_catalog.setval('public.payload_kv_id_seq', 1, false);


--
-- Name: payload_locked_documents_id_seq; Type: SEQUENCE SET; Schema: public; Owner: -
--

SELECT pg_catalog.setval('public.payload_locked_documents_id_seq', 258, true);


--
-- Name: payload_locked_documents_rels_id_seq; Type: SEQUENCE SET; Schema: public; Owner: -
--

SELECT pg_catalog.setval('public.payload_locked_documents_rels_id_seq', 468, true);


--
-- Name: payload_migrations_id_seq; Type: SEQUENCE SET; Schema: public; Owner: -
--

SELECT pg_catalog.setval('public.payload_migrations_id_seq', 10, true);


--
-- Name: payload_preferences_id_seq; Type: SEQUENCE SET; Schema: public; Owner: -
--

SELECT pg_catalog.setval('public.payload_preferences_id_seq', 68, true);


--
-- Name: payload_preferences_rels_id_seq; Type: SEQUENCE SET; Schema: public; Owner: -
--

SELECT pg_catalog.setval('public.payload_preferences_rels_id_seq', 248, true);


--
-- Name: posts_id_seq; Type: SEQUENCE SET; Schema: public; Owner: -
--

SELECT pg_catalog.setval('public.posts_id_seq', 14, true);


--
-- Name: posts_rels_id_seq; Type: SEQUENCE SET; Schema: public; Owner: -
--

SELECT pg_catalog.setval('public.posts_rels_id_seq', 1, false);


--
-- Name: products_id_seq; Type: SEQUENCE SET; Schema: public; Owner: -
--

SELECT pg_catalog.setval('public.products_id_seq', 83, true);


--
-- Name: products_rels_id_seq; Type: SEQUENCE SET; Schema: public; Owner: -
--

SELECT pg_catalog.setval('public.products_rels_id_seq', 856, true);


--
-- Name: products_tags_id_seq; Type: SEQUENCE SET; Schema: public; Owner: -
--

SELECT pg_catalog.setval('public.products_tags_id_seq', 556, true);


--
-- Name: redirects_id_seq; Type: SEQUENCE SET; Schema: public; Owner: -
--

SELECT pg_catalog.setval('public.redirects_id_seq', 1, false);


--
-- Name: redirects_rels_id_seq; Type: SEQUENCE SET; Schema: public; Owner: -
--

SELECT pg_catalog.setval('public.redirects_rels_id_seq', 1, false);


--
-- Name: search_id_seq; Type: SEQUENCE SET; Schema: public; Owner: -
--

SELECT pg_catalog.setval('public.search_id_seq', 13, true);


--
-- Name: search_rels_id_seq; Type: SEQUENCE SET; Schema: public; Owner: -
--

SELECT pg_catalog.setval('public.search_rels_id_seq', 17, true);


--
-- Name: stockists_id_seq; Type: SEQUENCE SET; Schema: public; Owner: -
--

SELECT pg_catalog.setval('public.stockists_id_seq', 1, true);


--
-- Name: users_id_seq; Type: SEQUENCE SET; Schema: public; Owner: -
--

SELECT pg_catalog.setval('public.users_id_seq', 1, true);


--
-- Name: _pages_v_blocks_archive _pages_v_blocks_archive_pkey; Type: CONSTRAINT; Schema: public; Owner: -
--

ALTER TABLE ONLY public._pages_v_blocks_archive
    ADD CONSTRAINT _pages_v_blocks_archive_pkey PRIMARY KEY (id);


--
-- Name: _pages_v_blocks_content_columns _pages_v_blocks_content_columns_pkey; Type: CONSTRAINT; Schema: public; Owner: -
--

ALTER TABLE ONLY public._pages_v_blocks_content_columns
    ADD CONSTRAINT _pages_v_blocks_content_columns_pkey PRIMARY KEY (id);


--
-- Name: _pages_v_blocks_content _pages_v_blocks_content_pkey; Type: CONSTRAINT; Schema: public; Owner: -
--

ALTER TABLE ONLY public._pages_v_blocks_content
    ADD CONSTRAINT _pages_v_blocks_content_pkey PRIMARY KEY (id);


--
-- Name: _pages_v_blocks_cta_links _pages_v_blocks_cta_links_pkey; Type: CONSTRAINT; Schema: public; Owner: -
--

ALTER TABLE ONLY public._pages_v_blocks_cta_links
    ADD CONSTRAINT _pages_v_blocks_cta_links_pkey PRIMARY KEY (id);


--
-- Name: _pages_v_blocks_cta _pages_v_blocks_cta_pkey; Type: CONSTRAINT; Schema: public; Owner: -
--

ALTER TABLE ONLY public._pages_v_blocks_cta
    ADD CONSTRAINT _pages_v_blocks_cta_pkey PRIMARY KEY (id);


--
-- Name: _pages_v_blocks_form_block _pages_v_blocks_form_block_pkey; Type: CONSTRAINT; Schema: public; Owner: -
--

ALTER TABLE ONLY public._pages_v_blocks_form_block
    ADD CONSTRAINT _pages_v_blocks_form_block_pkey PRIMARY KEY (id);


--
-- Name: _pages_v_blocks_media_block _pages_v_blocks_media_block_pkey; Type: CONSTRAINT; Schema: public; Owner: -
--

ALTER TABLE ONLY public._pages_v_blocks_media_block
    ADD CONSTRAINT _pages_v_blocks_media_block_pkey PRIMARY KEY (id);


--
-- Name: _pages_v _pages_v_pkey; Type: CONSTRAINT; Schema: public; Owner: -
--

ALTER TABLE ONLY public._pages_v
    ADD CONSTRAINT _pages_v_pkey PRIMARY KEY (id);


--
-- Name: _pages_v_rels _pages_v_rels_pkey; Type: CONSTRAINT; Schema: public; Owner: -
--

ALTER TABLE ONLY public._pages_v_rels
    ADD CONSTRAINT _pages_v_rels_pkey PRIMARY KEY (id);


--
-- Name: _pages_v_version_hero_links _pages_v_version_hero_links_pkey; Type: CONSTRAINT; Schema: public; Owner: -
--

ALTER TABLE ONLY public._pages_v_version_hero_links
    ADD CONSTRAINT _pages_v_version_hero_links_pkey PRIMARY KEY (id);


--
-- Name: _posts_v _posts_v_pkey; Type: CONSTRAINT; Schema: public; Owner: -
--

ALTER TABLE ONLY public._posts_v
    ADD CONSTRAINT _posts_v_pkey PRIMARY KEY (id);


--
-- Name: _posts_v_rels _posts_v_rels_pkey; Type: CONSTRAINT; Schema: public; Owner: -
--

ALTER TABLE ONLY public._posts_v_rels
    ADD CONSTRAINT _posts_v_rels_pkey PRIMARY KEY (id);


--
-- Name: _posts_v_version_gallery_items _posts_v_version_gallery_items_pkey; Type: CONSTRAINT; Schema: public; Owner: -
--

ALTER TABLE ONLY public._posts_v_version_gallery_items
    ADD CONSTRAINT _posts_v_version_gallery_items_pkey PRIMARY KEY (id);


--
-- Name: _posts_v_version_gallery _posts_v_version_gallery_pkey; Type: CONSTRAINT; Schema: public; Owner: -
--

ALTER TABLE ONLY public._posts_v_version_gallery
    ADD CONSTRAINT _posts_v_version_gallery_pkey PRIMARY KEY (id);


--
-- Name: announcement announcement_pkey; Type: CONSTRAINT; Schema: public; Owner: -
--

ALTER TABLE ONLY public.announcement
    ADD CONSTRAINT announcement_pkey PRIMARY KEY (id);


--
-- Name: categories_breadcrumbs categories_breadcrumbs_pkey; Type: CONSTRAINT; Schema: public; Owner: -
--

ALTER TABLE ONLY public.categories_breadcrumbs
    ADD CONSTRAINT categories_breadcrumbs_pkey PRIMARY KEY (id);


--
-- Name: categories categories_pkey; Type: CONSTRAINT; Schema: public; Owner: -
--

ALTER TABLE ONLY public.categories
    ADD CONSTRAINT categories_pkey PRIMARY KEY (id);


--
-- Name: collection_title collection_title_pkey; Type: CONSTRAINT; Schema: public; Owner: -
--

ALTER TABLE ONLY public.collection_title
    ADD CONSTRAINT collection_title_pkey PRIMARY KEY (id);


--
-- Name: events events_pkey; Type: CONSTRAINT; Schema: public; Owner: -
--

ALTER TABLE ONLY public.events
    ADD CONSTRAINT events_pkey PRIMARY KEY (id);


--
-- Name: faq_items faq_items_pkey; Type: CONSTRAINT; Schema: public; Owner: -
--

ALTER TABLE ONLY public.faq_items
    ADD CONSTRAINT faq_items_pkey PRIMARY KEY (id);


--
-- Name: faq faq_pkey; Type: CONSTRAINT; Schema: public; Owner: -
--

ALTER TABLE ONLY public.faq
    ADD CONSTRAINT faq_pkey PRIMARY KEY (id);


--
-- Name: footer_nav_items footer_nav_items_pkey; Type: CONSTRAINT; Schema: public; Owner: -
--

ALTER TABLE ONLY public.footer_nav_items
    ADD CONSTRAINT footer_nav_items_pkey PRIMARY KEY (id);


--
-- Name: footer footer_pkey; Type: CONSTRAINT; Schema: public; Owner: -
--

ALTER TABLE ONLY public.footer
    ADD CONSTRAINT footer_pkey PRIMARY KEY (id);


--
-- Name: footer_rels footer_rels_pkey; Type: CONSTRAINT; Schema: public; Owner: -
--

ALTER TABLE ONLY public.footer_rels
    ADD CONSTRAINT footer_rels_pkey PRIMARY KEY (id);


--
-- Name: form_submissions form_submissions_pkey; Type: CONSTRAINT; Schema: public; Owner: -
--

ALTER TABLE ONLY public.form_submissions
    ADD CONSTRAINT form_submissions_pkey PRIMARY KEY (id);


--
-- Name: form_submissions_submission_data form_submissions_submission_data_pkey; Type: CONSTRAINT; Schema: public; Owner: -
--

ALTER TABLE ONLY public.form_submissions_submission_data
    ADD CONSTRAINT form_submissions_submission_data_pkey PRIMARY KEY (id);


--
-- Name: forms_blocks_checkbox forms_blocks_checkbox_pkey; Type: CONSTRAINT; Schema: public; Owner: -
--

ALTER TABLE ONLY public.forms_blocks_checkbox
    ADD CONSTRAINT forms_blocks_checkbox_pkey PRIMARY KEY (id);


--
-- Name: forms_blocks_country forms_blocks_country_pkey; Type: CONSTRAINT; Schema: public; Owner: -
--

ALTER TABLE ONLY public.forms_blocks_country
    ADD CONSTRAINT forms_blocks_country_pkey PRIMARY KEY (id);


--
-- Name: forms_blocks_email forms_blocks_email_pkey; Type: CONSTRAINT; Schema: public; Owner: -
--

ALTER TABLE ONLY public.forms_blocks_email
    ADD CONSTRAINT forms_blocks_email_pkey PRIMARY KEY (id);


--
-- Name: forms_blocks_message forms_blocks_message_pkey; Type: CONSTRAINT; Schema: public; Owner: -
--

ALTER TABLE ONLY public.forms_blocks_message
    ADD CONSTRAINT forms_blocks_message_pkey PRIMARY KEY (id);


--
-- Name: forms_blocks_number forms_blocks_number_pkey; Type: CONSTRAINT; Schema: public; Owner: -
--

ALTER TABLE ONLY public.forms_blocks_number
    ADD CONSTRAINT forms_blocks_number_pkey PRIMARY KEY (id);


--
-- Name: forms_blocks_select_options forms_blocks_select_options_pkey; Type: CONSTRAINT; Schema: public; Owner: -
--

ALTER TABLE ONLY public.forms_blocks_select_options
    ADD CONSTRAINT forms_blocks_select_options_pkey PRIMARY KEY (id);


--
-- Name: forms_blocks_select forms_blocks_select_pkey; Type: CONSTRAINT; Schema: public; Owner: -
--

ALTER TABLE ONLY public.forms_blocks_select
    ADD CONSTRAINT forms_blocks_select_pkey PRIMARY KEY (id);


--
-- Name: forms_blocks_state forms_blocks_state_pkey; Type: CONSTRAINT; Schema: public; Owner: -
--

ALTER TABLE ONLY public.forms_blocks_state
    ADD CONSTRAINT forms_blocks_state_pkey PRIMARY KEY (id);


--
-- Name: forms_blocks_text forms_blocks_text_pkey; Type: CONSTRAINT; Schema: public; Owner: -
--

ALTER TABLE ONLY public.forms_blocks_text
    ADD CONSTRAINT forms_blocks_text_pkey PRIMARY KEY (id);


--
-- Name: forms_blocks_textarea forms_blocks_textarea_pkey; Type: CONSTRAINT; Schema: public; Owner: -
--

ALTER TABLE ONLY public.forms_blocks_textarea
    ADD CONSTRAINT forms_blocks_textarea_pkey PRIMARY KEY (id);


--
-- Name: forms_emails forms_emails_pkey; Type: CONSTRAINT; Schema: public; Owner: -
--

ALTER TABLE ONLY public.forms_emails
    ADD CONSTRAINT forms_emails_pkey PRIMARY KEY (id);


--
-- Name: forms forms_pkey; Type: CONSTRAINT; Schema: public; Owner: -
--

ALTER TABLE ONLY public.forms
    ADD CONSTRAINT forms_pkey PRIMARY KEY (id);


--
-- Name: gallery_blocks_equal_row_items gallery_blocks_equal_row_items_pkey; Type: CONSTRAINT; Schema: public; Owner: -
--

ALTER TABLE ONLY public.gallery_blocks_equal_row_items
    ADD CONSTRAINT gallery_blocks_equal_row_items_pkey PRIMARY KEY (id);


--
-- Name: gallery_blocks_equal_row gallery_blocks_equal_row_pkey; Type: CONSTRAINT; Schema: public; Owner: -
--

ALTER TABLE ONLY public.gallery_blocks_equal_row
    ADD CONSTRAINT gallery_blocks_equal_row_pkey PRIMARY KEY (id);


--
-- Name: gallery_blocks_featured_row gallery_blocks_featured_row_pkey; Type: CONSTRAINT; Schema: public; Owner: -
--

ALTER TABLE ONLY public.gallery_blocks_featured_row
    ADD CONSTRAINT gallery_blocks_featured_row_pkey PRIMARY KEY (id);


--
-- Name: gallery_blocks_featured_row_stacked gallery_blocks_featured_row_stacked_pkey; Type: CONSTRAINT; Schema: public; Owner: -
--

ALTER TABLE ONLY public.gallery_blocks_featured_row_stacked
    ADD CONSTRAINT gallery_blocks_featured_row_stacked_pkey PRIMARY KEY (id);


--
-- Name: gallery gallery_pkey; Type: CONSTRAINT; Schema: public; Owner: -
--

ALTER TABLE ONLY public.gallery
    ADD CONSTRAINT gallery_pkey PRIMARY KEY (id);


--
-- Name: header_nav_items header_nav_items_pkey; Type: CONSTRAINT; Schema: public; Owner: -
--

ALTER TABLE ONLY public.header_nav_items
    ADD CONSTRAINT header_nav_items_pkey PRIMARY KEY (id);


--
-- Name: header header_pkey; Type: CONSTRAINT; Schema: public; Owner: -
--

ALTER TABLE ONLY public.header
    ADD CONSTRAINT header_pkey PRIMARY KEY (id);


--
-- Name: header_rels header_rels_pkey; Type: CONSTRAINT; Schema: public; Owner: -
--

ALTER TABLE ONLY public.header_rels
    ADD CONSTRAINT header_rels_pkey PRIMARY KEY (id);


--
-- Name: links_links links_links_pkey; Type: CONSTRAINT; Schema: public; Owner: -
--

ALTER TABLE ONLY public.links_links
    ADD CONSTRAINT links_links_pkey PRIMARY KEY (id);


--
-- Name: links links_pkey; Type: CONSTRAINT; Schema: public; Owner: -
--

ALTER TABLE ONLY public.links
    ADD CONSTRAINT links_pkey PRIMARY KEY (id);


--
-- Name: media media_pkey; Type: CONSTRAINT; Schema: public; Owner: -
--

ALTER TABLE ONLY public.media
    ADD CONSTRAINT media_pkey PRIMARY KEY (id);


--
-- Name: newsletter_issues newsletter_issues_pkey; Type: CONSTRAINT; Schema: public; Owner: -
--

ALTER TABLE ONLY public.newsletter_issues
    ADD CONSTRAINT newsletter_issues_pkey PRIMARY KEY (id);


--
-- Name: newsletter newsletter_pkey; Type: CONSTRAINT; Schema: public; Owner: -
--

ALTER TABLE ONLY public.newsletter
    ADD CONSTRAINT newsletter_pkey PRIMARY KEY (id);


--
-- Name: pages_blocks_archive pages_blocks_archive_pkey; Type: CONSTRAINT; Schema: public; Owner: -
--

ALTER TABLE ONLY public.pages_blocks_archive
    ADD CONSTRAINT pages_blocks_archive_pkey PRIMARY KEY (id);


--
-- Name: pages_blocks_content_columns pages_blocks_content_columns_pkey; Type: CONSTRAINT; Schema: public; Owner: -
--

ALTER TABLE ONLY public.pages_blocks_content_columns
    ADD CONSTRAINT pages_blocks_content_columns_pkey PRIMARY KEY (id);


--
-- Name: pages_blocks_content pages_blocks_content_pkey; Type: CONSTRAINT; Schema: public; Owner: -
--

ALTER TABLE ONLY public.pages_blocks_content
    ADD CONSTRAINT pages_blocks_content_pkey PRIMARY KEY (id);


--
-- Name: pages_blocks_cta_links pages_blocks_cta_links_pkey; Type: CONSTRAINT; Schema: public; Owner: -
--

ALTER TABLE ONLY public.pages_blocks_cta_links
    ADD CONSTRAINT pages_blocks_cta_links_pkey PRIMARY KEY (id);


--
-- Name: pages_blocks_cta pages_blocks_cta_pkey; Type: CONSTRAINT; Schema: public; Owner: -
--

ALTER TABLE ONLY public.pages_blocks_cta
    ADD CONSTRAINT pages_blocks_cta_pkey PRIMARY KEY (id);


--
-- Name: pages_blocks_form_block pages_blocks_form_block_pkey; Type: CONSTRAINT; Schema: public; Owner: -
--

ALTER TABLE ONLY public.pages_blocks_form_block
    ADD CONSTRAINT pages_blocks_form_block_pkey PRIMARY KEY (id);


--
-- Name: pages_blocks_media_block pages_blocks_media_block_pkey; Type: CONSTRAINT; Schema: public; Owner: -
--

ALTER TABLE ONLY public.pages_blocks_media_block
    ADD CONSTRAINT pages_blocks_media_block_pkey PRIMARY KEY (id);


--
-- Name: pages_hero_links pages_hero_links_pkey; Type: CONSTRAINT; Schema: public; Owner: -
--

ALTER TABLE ONLY public.pages_hero_links
    ADD CONSTRAINT pages_hero_links_pkey PRIMARY KEY (id);


--
-- Name: pages pages_pkey; Type: CONSTRAINT; Schema: public; Owner: -
--

ALTER TABLE ONLY public.pages
    ADD CONSTRAINT pages_pkey PRIMARY KEY (id);


--
-- Name: pages_rels pages_rels_pkey; Type: CONSTRAINT; Schema: public; Owner: -
--

ALTER TABLE ONLY public.pages_rels
    ADD CONSTRAINT pages_rels_pkey PRIMARY KEY (id);


--
-- Name: payload_folders_folder_type payload_folders_folder_type_pkey; Type: CONSTRAINT; Schema: public; Owner: -
--

ALTER TABLE ONLY public.payload_folders_folder_type
    ADD CONSTRAINT payload_folders_folder_type_pkey PRIMARY KEY (id);


--
-- Name: payload_folders payload_folders_pkey; Type: CONSTRAINT; Schema: public; Owner: -
--

ALTER TABLE ONLY public.payload_folders
    ADD CONSTRAINT payload_folders_pkey PRIMARY KEY (id);


--
-- Name: payload_jobs_log payload_jobs_log_pkey; Type: CONSTRAINT; Schema: public; Owner: -
--

ALTER TABLE ONLY public.payload_jobs_log
    ADD CONSTRAINT payload_jobs_log_pkey PRIMARY KEY (id);


--
-- Name: payload_jobs payload_jobs_pkey; Type: CONSTRAINT; Schema: public; Owner: -
--

ALTER TABLE ONLY public.payload_jobs
    ADD CONSTRAINT payload_jobs_pkey PRIMARY KEY (id);


--
-- Name: payload_kv payload_kv_pkey; Type: CONSTRAINT; Schema: public; Owner: -
--

ALTER TABLE ONLY public.payload_kv
    ADD CONSTRAINT payload_kv_pkey PRIMARY KEY (id);


--
-- Name: payload_locked_documents payload_locked_documents_pkey; Type: CONSTRAINT; Schema: public; Owner: -
--

ALTER TABLE ONLY public.payload_locked_documents
    ADD CONSTRAINT payload_locked_documents_pkey PRIMARY KEY (id);


--
-- Name: payload_locked_documents_rels payload_locked_documents_rels_pkey; Type: CONSTRAINT; Schema: public; Owner: -
--

ALTER TABLE ONLY public.payload_locked_documents_rels
    ADD CONSTRAINT payload_locked_documents_rels_pkey PRIMARY KEY (id);


--
-- Name: payload_migrations payload_migrations_pkey; Type: CONSTRAINT; Schema: public; Owner: -
--

ALTER TABLE ONLY public.payload_migrations
    ADD CONSTRAINT payload_migrations_pkey PRIMARY KEY (id);


--
-- Name: payload_preferences payload_preferences_pkey; Type: CONSTRAINT; Schema: public; Owner: -
--

ALTER TABLE ONLY public.payload_preferences
    ADD CONSTRAINT payload_preferences_pkey PRIMARY KEY (id);


--
-- Name: payload_preferences_rels payload_preferences_rels_pkey; Type: CONSTRAINT; Schema: public; Owner: -
--

ALTER TABLE ONLY public.payload_preferences_rels
    ADD CONSTRAINT payload_preferences_rels_pkey PRIMARY KEY (id);


--
-- Name: posts_gallery_items posts_gallery_items_pkey; Type: CONSTRAINT; Schema: public; Owner: -
--

ALTER TABLE ONLY public.posts_gallery_items
    ADD CONSTRAINT posts_gallery_items_pkey PRIMARY KEY (id);


--
-- Name: posts_gallery posts_gallery_pkey; Type: CONSTRAINT; Schema: public; Owner: -
--

ALTER TABLE ONLY public.posts_gallery
    ADD CONSTRAINT posts_gallery_pkey PRIMARY KEY (id);


--
-- Name: posts posts_pkey; Type: CONSTRAINT; Schema: public; Owner: -
--

ALTER TABLE ONLY public.posts
    ADD CONSTRAINT posts_pkey PRIMARY KEY (id);


--
-- Name: posts_rels posts_rels_pkey; Type: CONSTRAINT; Schema: public; Owner: -
--

ALTER TABLE ONLY public.posts_rels
    ADD CONSTRAINT posts_rels_pkey PRIMARY KEY (id);


--
-- Name: products_images products_images_pkey; Type: CONSTRAINT; Schema: public; Owner: -
--

ALTER TABLE ONLY public.products_images
    ADD CONSTRAINT products_images_pkey PRIMARY KEY (id);


--
-- Name: products_making_links products_making_links_pkey; Type: CONSTRAINT; Schema: public; Owner: -
--

ALTER TABLE ONLY public.products_making_links
    ADD CONSTRAINT products_making_links_pkey PRIMARY KEY (id);


--
-- Name: products products_pkey; Type: CONSTRAINT; Schema: public; Owner: -
--

ALTER TABLE ONLY public.products
    ADD CONSTRAINT products_pkey PRIMARY KEY (id);


--
-- Name: products_rels products_rels_pkey; Type: CONSTRAINT; Schema: public; Owner: -
--

ALTER TABLE ONLY public.products_rels
    ADD CONSTRAINT products_rels_pkey PRIMARY KEY (id);


--
-- Name: products_tags products_tags_pkey; Type: CONSTRAINT; Schema: public; Owner: -
--

ALTER TABLE ONLY public.products_tags
    ADD CONSTRAINT products_tags_pkey PRIMARY KEY (id);


--
-- Name: redirects redirects_pkey; Type: CONSTRAINT; Schema: public; Owner: -
--

ALTER TABLE ONLY public.redirects
    ADD CONSTRAINT redirects_pkey PRIMARY KEY (id);


--
-- Name: redirects_rels redirects_rels_pkey; Type: CONSTRAINT; Schema: public; Owner: -
--

ALTER TABLE ONLY public.redirects_rels
    ADD CONSTRAINT redirects_rels_pkey PRIMARY KEY (id);


--
-- Name: search_categories search_categories_pkey; Type: CONSTRAINT; Schema: public; Owner: -
--

ALTER TABLE ONLY public.search_categories
    ADD CONSTRAINT search_categories_pkey PRIMARY KEY (id);


--
-- Name: search search_pkey; Type: CONSTRAINT; Schema: public; Owner: -
--

ALTER TABLE ONLY public.search
    ADD CONSTRAINT search_pkey PRIMARY KEY (id);


--
-- Name: search_rels search_rels_pkey; Type: CONSTRAINT; Schema: public; Owner: -
--

ALTER TABLE ONLY public.search_rels
    ADD CONSTRAINT search_rels_pkey PRIMARY KEY (id);


--
-- Name: stockists stockists_pkey; Type: CONSTRAINT; Schema: public; Owner: -
--

ALTER TABLE ONLY public.stockists
    ADD CONSTRAINT stockists_pkey PRIMARY KEY (id);


--
-- Name: stockists_stockists stockists_stockists_pkey; Type: CONSTRAINT; Schema: public; Owner: -
--

ALTER TABLE ONLY public.stockists_stockists
    ADD CONSTRAINT stockists_stockists_pkey PRIMARY KEY (id);


--
-- Name: users users_pkey; Type: CONSTRAINT; Schema: public; Owner: -
--

ALTER TABLE ONLY public.users
    ADD CONSTRAINT users_pkey PRIMARY KEY (id);


--
-- Name: users_sessions users_sessions_pkey; Type: CONSTRAINT; Schema: public; Owner: -
--

ALTER TABLE ONLY public.users_sessions
    ADD CONSTRAINT users_sessions_pkey PRIMARY KEY (id);


--
-- Name: _pages_v_autosave_idx; Type: INDEX; Schema: public; Owner: -
--

CREATE INDEX _pages_v_autosave_idx ON public._pages_v USING btree (autosave);


--
-- Name: _pages_v_blocks_archive_order_idx; Type: INDEX; Schema: public; Owner: -
--

CREATE INDEX _pages_v_blocks_archive_order_idx ON public._pages_v_blocks_archive USING btree (_order);


--
-- Name: _pages_v_blocks_archive_parent_id_idx; Type: INDEX; Schema: public; Owner: -
--

CREATE INDEX _pages_v_blocks_archive_parent_id_idx ON public._pages_v_blocks_archive USING btree (_parent_id);


--
-- Name: _pages_v_blocks_archive_path_idx; Type: INDEX; Schema: public; Owner: -
--

CREATE INDEX _pages_v_blocks_archive_path_idx ON public._pages_v_blocks_archive USING btree (_path);


--
-- Name: _pages_v_blocks_content_columns_order_idx; Type: INDEX; Schema: public; Owner: -
--

CREATE INDEX _pages_v_blocks_content_columns_order_idx ON public._pages_v_blocks_content_columns USING btree (_order);


--
-- Name: _pages_v_blocks_content_columns_parent_id_idx; Type: INDEX; Schema: public; Owner: -
--

CREATE INDEX _pages_v_blocks_content_columns_parent_id_idx ON public._pages_v_blocks_content_columns USING btree (_parent_id);


--
-- Name: _pages_v_blocks_content_order_idx; Type: INDEX; Schema: public; Owner: -
--

CREATE INDEX _pages_v_blocks_content_order_idx ON public._pages_v_blocks_content USING btree (_order);


--
-- Name: _pages_v_blocks_content_parent_id_idx; Type: INDEX; Schema: public; Owner: -
--

CREATE INDEX _pages_v_blocks_content_parent_id_idx ON public._pages_v_blocks_content USING btree (_parent_id);


--
-- Name: _pages_v_blocks_content_path_idx; Type: INDEX; Schema: public; Owner: -
--

CREATE INDEX _pages_v_blocks_content_path_idx ON public._pages_v_blocks_content USING btree (_path);


--
-- Name: _pages_v_blocks_cta_links_order_idx; Type: INDEX; Schema: public; Owner: -
--

CREATE INDEX _pages_v_blocks_cta_links_order_idx ON public._pages_v_blocks_cta_links USING btree (_order);


--
-- Name: _pages_v_blocks_cta_links_parent_id_idx; Type: INDEX; Schema: public; Owner: -
--

CREATE INDEX _pages_v_blocks_cta_links_parent_id_idx ON public._pages_v_blocks_cta_links USING btree (_parent_id);


--
-- Name: _pages_v_blocks_cta_order_idx; Type: INDEX; Schema: public; Owner: -
--

CREATE INDEX _pages_v_blocks_cta_order_idx ON public._pages_v_blocks_cta USING btree (_order);


--
-- Name: _pages_v_blocks_cta_parent_id_idx; Type: INDEX; Schema: public; Owner: -
--

CREATE INDEX _pages_v_blocks_cta_parent_id_idx ON public._pages_v_blocks_cta USING btree (_parent_id);


--
-- Name: _pages_v_blocks_cta_path_idx; Type: INDEX; Schema: public; Owner: -
--

CREATE INDEX _pages_v_blocks_cta_path_idx ON public._pages_v_blocks_cta USING btree (_path);


--
-- Name: _pages_v_blocks_form_block_form_idx; Type: INDEX; Schema: public; Owner: -
--

CREATE INDEX _pages_v_blocks_form_block_form_idx ON public._pages_v_blocks_form_block USING btree (form_id);


--
-- Name: _pages_v_blocks_form_block_order_idx; Type: INDEX; Schema: public; Owner: -
--

CREATE INDEX _pages_v_blocks_form_block_order_idx ON public._pages_v_blocks_form_block USING btree (_order);


--
-- Name: _pages_v_blocks_form_block_parent_id_idx; Type: INDEX; Schema: public; Owner: -
--

CREATE INDEX _pages_v_blocks_form_block_parent_id_idx ON public._pages_v_blocks_form_block USING btree (_parent_id);


--
-- Name: _pages_v_blocks_form_block_path_idx; Type: INDEX; Schema: public; Owner: -
--

CREATE INDEX _pages_v_blocks_form_block_path_idx ON public._pages_v_blocks_form_block USING btree (_path);


--
-- Name: _pages_v_blocks_media_block_media_idx; Type: INDEX; Schema: public; Owner: -
--

CREATE INDEX _pages_v_blocks_media_block_media_idx ON public._pages_v_blocks_media_block USING btree (media_id);


--
-- Name: _pages_v_blocks_media_block_order_idx; Type: INDEX; Schema: public; Owner: -
--

CREATE INDEX _pages_v_blocks_media_block_order_idx ON public._pages_v_blocks_media_block USING btree (_order);


--
-- Name: _pages_v_blocks_media_block_parent_id_idx; Type: INDEX; Schema: public; Owner: -
--

CREATE INDEX _pages_v_blocks_media_block_parent_id_idx ON public._pages_v_blocks_media_block USING btree (_parent_id);


--
-- Name: _pages_v_blocks_media_block_path_idx; Type: INDEX; Schema: public; Owner: -
--

CREATE INDEX _pages_v_blocks_media_block_path_idx ON public._pages_v_blocks_media_block USING btree (_path);


--
-- Name: _pages_v_created_at_idx; Type: INDEX; Schema: public; Owner: -
--

CREATE INDEX _pages_v_created_at_idx ON public._pages_v USING btree (created_at);


--
-- Name: _pages_v_latest_idx; Type: INDEX; Schema: public; Owner: -
--

CREATE INDEX _pages_v_latest_idx ON public._pages_v USING btree (latest);


--
-- Name: _pages_v_parent_idx; Type: INDEX; Schema: public; Owner: -
--

CREATE INDEX _pages_v_parent_idx ON public._pages_v USING btree (parent_id);


--
-- Name: _pages_v_rels_categories_id_idx; Type: INDEX; Schema: public; Owner: -
--

CREATE INDEX _pages_v_rels_categories_id_idx ON public._pages_v_rels USING btree (categories_id);


--
-- Name: _pages_v_rels_order_idx; Type: INDEX; Schema: public; Owner: -
--

CREATE INDEX _pages_v_rels_order_idx ON public._pages_v_rels USING btree ("order");


--
-- Name: _pages_v_rels_pages_id_idx; Type: INDEX; Schema: public; Owner: -
--

CREATE INDEX _pages_v_rels_pages_id_idx ON public._pages_v_rels USING btree (pages_id);


--
-- Name: _pages_v_rels_parent_idx; Type: INDEX; Schema: public; Owner: -
--

CREATE INDEX _pages_v_rels_parent_idx ON public._pages_v_rels USING btree (parent_id);


--
-- Name: _pages_v_rels_path_idx; Type: INDEX; Schema: public; Owner: -
--

CREATE INDEX _pages_v_rels_path_idx ON public._pages_v_rels USING btree (path);


--
-- Name: _pages_v_rels_posts_id_idx; Type: INDEX; Schema: public; Owner: -
--

CREATE INDEX _pages_v_rels_posts_id_idx ON public._pages_v_rels USING btree (posts_id);


--
-- Name: _pages_v_updated_at_idx; Type: INDEX; Schema: public; Owner: -
--

CREATE INDEX _pages_v_updated_at_idx ON public._pages_v USING btree (updated_at);


--
-- Name: _pages_v_version_hero_links_order_idx; Type: INDEX; Schema: public; Owner: -
--

CREATE INDEX _pages_v_version_hero_links_order_idx ON public._pages_v_version_hero_links USING btree (_order);


--
-- Name: _pages_v_version_hero_links_parent_id_idx; Type: INDEX; Schema: public; Owner: -
--

CREATE INDEX _pages_v_version_hero_links_parent_id_idx ON public._pages_v_version_hero_links USING btree (_parent_id);


--
-- Name: _pages_v_version_hero_version_hero_media_idx; Type: INDEX; Schema: public; Owner: -
--

CREATE INDEX _pages_v_version_hero_version_hero_media_idx ON public._pages_v USING btree (version_hero_media_id);


--
-- Name: _pages_v_version_meta_version_meta_image_1_idx; Type: INDEX; Schema: public; Owner: -
--

CREATE INDEX _pages_v_version_meta_version_meta_image_1_idx ON public._pages_v USING btree (version_meta_image_id);


--
-- Name: _pages_v_version_meta_version_meta_image_idx; Type: INDEX; Schema: public; Owner: -
--

CREATE INDEX _pages_v_version_meta_version_meta_image_idx ON public._pages_v USING btree (version_meta_image_id);


--
-- Name: _pages_v_version_version__status_idx; Type: INDEX; Schema: public; Owner: -
--

CREATE INDEX _pages_v_version_version__status_idx ON public._pages_v USING btree (version__status);


--
-- Name: _pages_v_version_version_created_at_idx; Type: INDEX; Schema: public; Owner: -
--

CREATE INDEX _pages_v_version_version_created_at_idx ON public._pages_v USING btree (version_created_at);


--
-- Name: _pages_v_version_version_slug_idx; Type: INDEX; Schema: public; Owner: -
--

CREATE INDEX _pages_v_version_version_slug_idx ON public._pages_v USING btree (version_slug);


--
-- Name: _pages_v_version_version_updated_at_idx; Type: INDEX; Schema: public; Owner: -
--

CREATE INDEX _pages_v_version_version_updated_at_idx ON public._pages_v USING btree (version_updated_at);


--
-- Name: _posts_v_autosave_idx; Type: INDEX; Schema: public; Owner: -
--

CREATE INDEX _posts_v_autosave_idx ON public._posts_v USING btree (autosave);


--
-- Name: _posts_v_created_at_idx; Type: INDEX; Schema: public; Owner: -
--

CREATE INDEX _posts_v_created_at_idx ON public._posts_v USING btree (created_at);


--
-- Name: _posts_v_latest_idx; Type: INDEX; Schema: public; Owner: -
--

CREATE INDEX _posts_v_latest_idx ON public._posts_v USING btree (latest);


--
-- Name: _posts_v_parent_idx; Type: INDEX; Schema: public; Owner: -
--

CREATE INDEX _posts_v_parent_idx ON public._posts_v USING btree (parent_id);


--
-- Name: _posts_v_rels_order_idx; Type: INDEX; Schema: public; Owner: -
--

CREATE INDEX _posts_v_rels_order_idx ON public._posts_v_rels USING btree ("order");


--
-- Name: _posts_v_rels_parent_idx; Type: INDEX; Schema: public; Owner: -
--

CREATE INDEX _posts_v_rels_parent_idx ON public._posts_v_rels USING btree (parent_id);


--
-- Name: _posts_v_rels_path_idx; Type: INDEX; Schema: public; Owner: -
--

CREATE INDEX _posts_v_rels_path_idx ON public._posts_v_rels USING btree (path);


--
-- Name: _posts_v_rels_posts_id_idx; Type: INDEX; Schema: public; Owner: -
--

CREATE INDEX _posts_v_rels_posts_id_idx ON public._posts_v_rels USING btree (posts_id);


--
-- Name: _posts_v_updated_at_idx; Type: INDEX; Schema: public; Owner: -
--

CREATE INDEX _posts_v_updated_at_idx ON public._posts_v USING btree (updated_at);


--
-- Name: _posts_v_version_gallery_items_image_idx; Type: INDEX; Schema: public; Owner: -
--

CREATE INDEX _posts_v_version_gallery_items_image_idx ON public._posts_v_version_gallery_items USING btree (image_id);


--
-- Name: _posts_v_version_gallery_items_order_idx; Type: INDEX; Schema: public; Owner: -
--

CREATE INDEX _posts_v_version_gallery_items_order_idx ON public._posts_v_version_gallery_items USING btree (_order);


--
-- Name: _posts_v_version_gallery_items_parent_id_idx; Type: INDEX; Schema: public; Owner: -
--

CREATE INDEX _posts_v_version_gallery_items_parent_id_idx ON public._posts_v_version_gallery_items USING btree (_parent_id);


--
-- Name: _posts_v_version_gallery_order_idx; Type: INDEX; Schema: public; Owner: -
--

CREATE INDEX _posts_v_version_gallery_order_idx ON public._posts_v_version_gallery USING btree (_order);


--
-- Name: _posts_v_version_gallery_parent_id_idx; Type: INDEX; Schema: public; Owner: -
--

CREATE INDEX _posts_v_version_gallery_parent_id_idx ON public._posts_v_version_gallery USING btree (_parent_id);


--
-- Name: _posts_v_version_meta_version_meta_image_1_idx; Type: INDEX; Schema: public; Owner: -
--

CREATE INDEX _posts_v_version_meta_version_meta_image_1_idx ON public._posts_v USING btree (version_meta_image_id);


--
-- Name: _posts_v_version_meta_version_meta_image_idx; Type: INDEX; Schema: public; Owner: -
--

CREATE INDEX _posts_v_version_meta_version_meta_image_idx ON public._posts_v USING btree (version_meta_image_id);


--
-- Name: _posts_v_version_version__status_idx; Type: INDEX; Schema: public; Owner: -
--

CREATE INDEX _posts_v_version_version__status_idx ON public._posts_v USING btree (version__status);


--
-- Name: _posts_v_version_version_created_at_idx; Type: INDEX; Schema: public; Owner: -
--

CREATE INDEX _posts_v_version_version_created_at_idx ON public._posts_v USING btree (version_created_at);


--
-- Name: _posts_v_version_version_slug_idx; Type: INDEX; Schema: public; Owner: -
--

CREATE INDEX _posts_v_version_version_slug_idx ON public._posts_v USING btree (version_slug);


--
-- Name: _posts_v_version_version_thumb_idx; Type: INDEX; Schema: public; Owner: -
--

CREATE INDEX _posts_v_version_version_thumb_idx ON public._posts_v USING btree (version_thumb_id);


--
-- Name: _posts_v_version_version_updated_at_idx; Type: INDEX; Schema: public; Owner: -
--

CREATE INDEX _posts_v_version_version_updated_at_idx ON public._posts_v USING btree (version_updated_at);


--
-- Name: _posts_v_version_version_video_thumb_idx; Type: INDEX; Schema: public; Owner: -
--

CREATE INDEX _posts_v_version_version_video_thumb_idx ON public._posts_v USING btree (version_video_thumb_id);


--
-- Name: announcement_thumb_idx; Type: INDEX; Schema: public; Owner: -
--

CREATE INDEX announcement_thumb_idx ON public.announcement USING btree (thumb_id);


--
-- Name: categories_breadcrumbs_doc_idx; Type: INDEX; Schema: public; Owner: -
--

CREATE INDEX categories_breadcrumbs_doc_idx ON public.categories_breadcrumbs USING btree (doc_id);


--
-- Name: categories_breadcrumbs_order_idx; Type: INDEX; Schema: public; Owner: -
--

CREATE INDEX categories_breadcrumbs_order_idx ON public.categories_breadcrumbs USING btree (_order);


--
-- Name: categories_breadcrumbs_parent_id_idx; Type: INDEX; Schema: public; Owner: -
--

CREATE INDEX categories_breadcrumbs_parent_id_idx ON public.categories_breadcrumbs USING btree (_parent_id);


--
-- Name: categories_created_at_idx; Type: INDEX; Schema: public; Owner: -
--

CREATE INDEX categories_created_at_idx ON public.categories USING btree (created_at);


--
-- Name: categories_parent_idx; Type: INDEX; Schema: public; Owner: -
--

CREATE INDEX categories_parent_idx ON public.categories USING btree (parent_id);


--
-- Name: categories_slug_idx; Type: INDEX; Schema: public; Owner: -
--

CREATE UNIQUE INDEX categories_slug_idx ON public.categories USING btree (slug);


--
-- Name: categories_updated_at_idx; Type: INDEX; Schema: public; Owner: -
--

CREATE INDEX categories_updated_at_idx ON public.categories USING btree (updated_at);


--
-- Name: events_created_at_idx; Type: INDEX; Schema: public; Owner: -
--

CREATE INDEX events_created_at_idx ON public.events USING btree (created_at);


--
-- Name: events_updated_at_idx; Type: INDEX; Schema: public; Owner: -
--

CREATE INDEX events_updated_at_idx ON public.events USING btree (updated_at);


--
-- Name: faq_items_order_idx; Type: INDEX; Schema: public; Owner: -
--

CREATE INDEX faq_items_order_idx ON public.faq_items USING btree (_order);


--
-- Name: faq_items_parent_id_idx; Type: INDEX; Schema: public; Owner: -
--

CREATE INDEX faq_items_parent_id_idx ON public.faq_items USING btree (_parent_id);


--
-- Name: footer_nav_items_order_idx; Type: INDEX; Schema: public; Owner: -
--

CREATE INDEX footer_nav_items_order_idx ON public.footer_nav_items USING btree (_order);


--
-- Name: footer_nav_items_parent_id_idx; Type: INDEX; Schema: public; Owner: -
--

CREATE INDEX footer_nav_items_parent_id_idx ON public.footer_nav_items USING btree (_parent_id);


--
-- Name: footer_rels_order_idx; Type: INDEX; Schema: public; Owner: -
--

CREATE INDEX footer_rels_order_idx ON public.footer_rels USING btree ("order");


--
-- Name: footer_rels_pages_id_idx; Type: INDEX; Schema: public; Owner: -
--

CREATE INDEX footer_rels_pages_id_idx ON public.footer_rels USING btree (pages_id);


--
-- Name: footer_rels_parent_idx; Type: INDEX; Schema: public; Owner: -
--

CREATE INDEX footer_rels_parent_idx ON public.footer_rels USING btree (parent_id);


--
-- Name: footer_rels_path_idx; Type: INDEX; Schema: public; Owner: -
--

CREATE INDEX footer_rels_path_idx ON public.footer_rels USING btree (path);


--
-- Name: footer_rels_posts_id_idx; Type: INDEX; Schema: public; Owner: -
--

CREATE INDEX footer_rels_posts_id_idx ON public.footer_rels USING btree (posts_id);


--
-- Name: form_submissions_created_at_idx; Type: INDEX; Schema: public; Owner: -
--

CREATE INDEX form_submissions_created_at_idx ON public.form_submissions USING btree (created_at);


--
-- Name: form_submissions_form_idx; Type: INDEX; Schema: public; Owner: -
--

CREATE INDEX form_submissions_form_idx ON public.form_submissions USING btree (form_id);


--
-- Name: form_submissions_submission_data_order_idx; Type: INDEX; Schema: public; Owner: -
--

CREATE INDEX form_submissions_submission_data_order_idx ON public.form_submissions_submission_data USING btree (_order);


--
-- Name: form_submissions_submission_data_parent_id_idx; Type: INDEX; Schema: public; Owner: -
--

CREATE INDEX form_submissions_submission_data_parent_id_idx ON public.form_submissions_submission_data USING btree (_parent_id);


--
-- Name: form_submissions_updated_at_idx; Type: INDEX; Schema: public; Owner: -
--

CREATE INDEX form_submissions_updated_at_idx ON public.form_submissions USING btree (updated_at);


--
-- Name: forms_blocks_checkbox_order_idx; Type: INDEX; Schema: public; Owner: -
--

CREATE INDEX forms_blocks_checkbox_order_idx ON public.forms_blocks_checkbox USING btree (_order);


--
-- Name: forms_blocks_checkbox_parent_id_idx; Type: INDEX; Schema: public; Owner: -
--

CREATE INDEX forms_blocks_checkbox_parent_id_idx ON public.forms_blocks_checkbox USING btree (_parent_id);


--
-- Name: forms_blocks_checkbox_path_idx; Type: INDEX; Schema: public; Owner: -
--

CREATE INDEX forms_blocks_checkbox_path_idx ON public.forms_blocks_checkbox USING btree (_path);


--
-- Name: forms_blocks_country_order_idx; Type: INDEX; Schema: public; Owner: -
--

CREATE INDEX forms_blocks_country_order_idx ON public.forms_blocks_country USING btree (_order);


--
-- Name: forms_blocks_country_parent_id_idx; Type: INDEX; Schema: public; Owner: -
--

CREATE INDEX forms_blocks_country_parent_id_idx ON public.forms_blocks_country USING btree (_parent_id);


--
-- Name: forms_blocks_country_path_idx; Type: INDEX; Schema: public; Owner: -
--

CREATE INDEX forms_blocks_country_path_idx ON public.forms_blocks_country USING btree (_path);


--
-- Name: forms_blocks_email_order_idx; Type: INDEX; Schema: public; Owner: -
--

CREATE INDEX forms_blocks_email_order_idx ON public.forms_blocks_email USING btree (_order);


--
-- Name: forms_blocks_email_parent_id_idx; Type: INDEX; Schema: public; Owner: -
--

CREATE INDEX forms_blocks_email_parent_id_idx ON public.forms_blocks_email USING btree (_parent_id);


--
-- Name: forms_blocks_email_path_idx; Type: INDEX; Schema: public; Owner: -
--

CREATE INDEX forms_blocks_email_path_idx ON public.forms_blocks_email USING btree (_path);


--
-- Name: forms_blocks_message_order_idx; Type: INDEX; Schema: public; Owner: -
--

CREATE INDEX forms_blocks_message_order_idx ON public.forms_blocks_message USING btree (_order);


--
-- Name: forms_blocks_message_parent_id_idx; Type: INDEX; Schema: public; Owner: -
--

CREATE INDEX forms_blocks_message_parent_id_idx ON public.forms_blocks_message USING btree (_parent_id);


--
-- Name: forms_blocks_message_path_idx; Type: INDEX; Schema: public; Owner: -
--

CREATE INDEX forms_blocks_message_path_idx ON public.forms_blocks_message USING btree (_path);


--
-- Name: forms_blocks_number_order_idx; Type: INDEX; Schema: public; Owner: -
--

CREATE INDEX forms_blocks_number_order_idx ON public.forms_blocks_number USING btree (_order);


--
-- Name: forms_blocks_number_parent_id_idx; Type: INDEX; Schema: public; Owner: -
--

CREATE INDEX forms_blocks_number_parent_id_idx ON public.forms_blocks_number USING btree (_parent_id);


--
-- Name: forms_blocks_number_path_idx; Type: INDEX; Schema: public; Owner: -
--

CREATE INDEX forms_blocks_number_path_idx ON public.forms_blocks_number USING btree (_path);


--
-- Name: forms_blocks_select_options_order_idx; Type: INDEX; Schema: public; Owner: -
--

CREATE INDEX forms_blocks_select_options_order_idx ON public.forms_blocks_select_options USING btree (_order);


--
-- Name: forms_blocks_select_options_parent_id_idx; Type: INDEX; Schema: public; Owner: -
--

CREATE INDEX forms_blocks_select_options_parent_id_idx ON public.forms_blocks_select_options USING btree (_parent_id);


--
-- Name: forms_blocks_select_order_idx; Type: INDEX; Schema: public; Owner: -
--

CREATE INDEX forms_blocks_select_order_idx ON public.forms_blocks_select USING btree (_order);


--
-- Name: forms_blocks_select_parent_id_idx; Type: INDEX; Schema: public; Owner: -
--

CREATE INDEX forms_blocks_select_parent_id_idx ON public.forms_blocks_select USING btree (_parent_id);


--
-- Name: forms_blocks_select_path_idx; Type: INDEX; Schema: public; Owner: -
--

CREATE INDEX forms_blocks_select_path_idx ON public.forms_blocks_select USING btree (_path);


--
-- Name: forms_blocks_state_order_idx; Type: INDEX; Schema: public; Owner: -
--

CREATE INDEX forms_blocks_state_order_idx ON public.forms_blocks_state USING btree (_order);


--
-- Name: forms_blocks_state_parent_id_idx; Type: INDEX; Schema: public; Owner: -
--

CREATE INDEX forms_blocks_state_parent_id_idx ON public.forms_blocks_state USING btree (_parent_id);


--
-- Name: forms_blocks_state_path_idx; Type: INDEX; Schema: public; Owner: -
--

CREATE INDEX forms_blocks_state_path_idx ON public.forms_blocks_state USING btree (_path);


--
-- Name: forms_blocks_text_order_idx; Type: INDEX; Schema: public; Owner: -
--

CREATE INDEX forms_blocks_text_order_idx ON public.forms_blocks_text USING btree (_order);


--
-- Name: forms_blocks_text_parent_id_idx; Type: INDEX; Schema: public; Owner: -
--

CREATE INDEX forms_blocks_text_parent_id_idx ON public.forms_blocks_text USING btree (_parent_id);


--
-- Name: forms_blocks_text_path_idx; Type: INDEX; Schema: public; Owner: -
--

CREATE INDEX forms_blocks_text_path_idx ON public.forms_blocks_text USING btree (_path);


--
-- Name: forms_blocks_textarea_order_idx; Type: INDEX; Schema: public; Owner: -
--

CREATE INDEX forms_blocks_textarea_order_idx ON public.forms_blocks_textarea USING btree (_order);


--
-- Name: forms_blocks_textarea_parent_id_idx; Type: INDEX; Schema: public; Owner: -
--

CREATE INDEX forms_blocks_textarea_parent_id_idx ON public.forms_blocks_textarea USING btree (_parent_id);


--
-- Name: forms_blocks_textarea_path_idx; Type: INDEX; Schema: public; Owner: -
--

CREATE INDEX forms_blocks_textarea_path_idx ON public.forms_blocks_textarea USING btree (_path);


--
-- Name: forms_created_at_idx; Type: INDEX; Schema: public; Owner: -
--

CREATE INDEX forms_created_at_idx ON public.forms USING btree (created_at);


--
-- Name: forms_emails_order_idx; Type: INDEX; Schema: public; Owner: -
--

CREATE INDEX forms_emails_order_idx ON public.forms_emails USING btree (_order);


--
-- Name: forms_emails_parent_id_idx; Type: INDEX; Schema: public; Owner: -
--

CREATE INDEX forms_emails_parent_id_idx ON public.forms_emails USING btree (_parent_id);


--
-- Name: forms_updated_at_idx; Type: INDEX; Schema: public; Owner: -
--

CREATE INDEX forms_updated_at_idx ON public.forms USING btree (updated_at);


--
-- Name: gallery_blocks_equal_row_items_image_idx; Type: INDEX; Schema: public; Owner: -
--

CREATE INDEX gallery_blocks_equal_row_items_image_idx ON public.gallery_blocks_equal_row_items USING btree (image_id);


--
-- Name: gallery_blocks_equal_row_items_order_idx; Type: INDEX; Schema: public; Owner: -
--

CREATE INDEX gallery_blocks_equal_row_items_order_idx ON public.gallery_blocks_equal_row_items USING btree (_order);


--
-- Name: gallery_blocks_equal_row_items_parent_id_idx; Type: INDEX; Schema: public; Owner: -
--

CREATE INDEX gallery_blocks_equal_row_items_parent_id_idx ON public.gallery_blocks_equal_row_items USING btree (_parent_id);


--
-- Name: gallery_blocks_equal_row_order_idx; Type: INDEX; Schema: public; Owner: -
--

CREATE INDEX gallery_blocks_equal_row_order_idx ON public.gallery_blocks_equal_row USING btree (_order);


--
-- Name: gallery_blocks_equal_row_parent_id_idx; Type: INDEX; Schema: public; Owner: -
--

CREATE INDEX gallery_blocks_equal_row_parent_id_idx ON public.gallery_blocks_equal_row USING btree (_parent_id);


--
-- Name: gallery_blocks_equal_row_path_idx; Type: INDEX; Schema: public; Owner: -
--

CREATE INDEX gallery_blocks_equal_row_path_idx ON public.gallery_blocks_equal_row USING btree (_path);


--
-- Name: gallery_blocks_featured_row_featured_featured_image_idx; Type: INDEX; Schema: public; Owner: -
--

CREATE INDEX gallery_blocks_featured_row_featured_featured_image_idx ON public.gallery_blocks_featured_row USING btree (featured_image_id);


--
-- Name: gallery_blocks_featured_row_order_idx; Type: INDEX; Schema: public; Owner: -
--

CREATE INDEX gallery_blocks_featured_row_order_idx ON public.gallery_blocks_featured_row USING btree (_order);


--
-- Name: gallery_blocks_featured_row_parent_id_idx; Type: INDEX; Schema: public; Owner: -
--

CREATE INDEX gallery_blocks_featured_row_parent_id_idx ON public.gallery_blocks_featured_row USING btree (_parent_id);


--
-- Name: gallery_blocks_featured_row_path_idx; Type: INDEX; Schema: public; Owner: -
--

CREATE INDEX gallery_blocks_featured_row_path_idx ON public.gallery_blocks_featured_row USING btree (_path);


--
-- Name: gallery_blocks_featured_row_stacked_image_idx; Type: INDEX; Schema: public; Owner: -
--

CREATE INDEX gallery_blocks_featured_row_stacked_image_idx ON public.gallery_blocks_featured_row_stacked USING btree (image_id);


--
-- Name: gallery_blocks_featured_row_stacked_order_idx; Type: INDEX; Schema: public; Owner: -
--

CREATE INDEX gallery_blocks_featured_row_stacked_order_idx ON public.gallery_blocks_featured_row_stacked USING btree (_order);


--
-- Name: gallery_blocks_featured_row_stacked_parent_id_idx; Type: INDEX; Schema: public; Owner: -
--

CREATE INDEX gallery_blocks_featured_row_stacked_parent_id_idx ON public.gallery_blocks_featured_row_stacked USING btree (_parent_id);


--
-- Name: header_nav_items_order_idx; Type: INDEX; Schema: public; Owner: -
--

CREATE INDEX header_nav_items_order_idx ON public.header_nav_items USING btree (_order);


--
-- Name: header_nav_items_parent_id_idx; Type: INDEX; Schema: public; Owner: -
--

CREATE INDEX header_nav_items_parent_id_idx ON public.header_nav_items USING btree (_parent_id);


--
-- Name: header_rels_order_idx; Type: INDEX; Schema: public; Owner: -
--

CREATE INDEX header_rels_order_idx ON public.header_rels USING btree ("order");


--
-- Name: header_rels_pages_id_idx; Type: INDEX; Schema: public; Owner: -
--

CREATE INDEX header_rels_pages_id_idx ON public.header_rels USING btree (pages_id);


--
-- Name: header_rels_parent_idx; Type: INDEX; Schema: public; Owner: -
--

CREATE INDEX header_rels_parent_idx ON public.header_rels USING btree (parent_id);


--
-- Name: header_rels_path_idx; Type: INDEX; Schema: public; Owner: -
--

CREATE INDEX header_rels_path_idx ON public.header_rels USING btree (path);


--
-- Name: header_rels_posts_id_idx; Type: INDEX; Schema: public; Owner: -
--

CREATE INDEX header_rels_posts_id_idx ON public.header_rels USING btree (posts_id);


--
-- Name: links_links_order_idx; Type: INDEX; Schema: public; Owner: -
--

CREATE INDEX links_links_order_idx ON public.links_links USING btree (_order);


--
-- Name: links_links_parent_id_idx; Type: INDEX; Schema: public; Owner: -
--

CREATE INDEX links_links_parent_id_idx ON public.links_links USING btree (_parent_id);


--
-- Name: media_created_at_idx; Type: INDEX; Schema: public; Owner: -
--

CREATE INDEX media_created_at_idx ON public.media USING btree (created_at);


--
-- Name: media_filename_idx; Type: INDEX; Schema: public; Owner: -
--

CREATE UNIQUE INDEX media_filename_idx ON public.media USING btree (filename);


--
-- Name: media_folder_idx; Type: INDEX; Schema: public; Owner: -
--

CREATE INDEX media_folder_idx ON public.media USING btree (folder_id);


--
-- Name: media_sizes_large_sizes_large_filename_idx; Type: INDEX; Schema: public; Owner: -
--

CREATE INDEX media_sizes_large_sizes_large_filename_idx ON public.media USING btree (sizes_large_filename);


--
-- Name: media_sizes_medium_sizes_medium_filename_idx; Type: INDEX; Schema: public; Owner: -
--

CREATE INDEX media_sizes_medium_sizes_medium_filename_idx ON public.media USING btree (sizes_medium_filename);


--
-- Name: media_sizes_og_sizes_og_filename_idx; Type: INDEX; Schema: public; Owner: -
--

CREATE INDEX media_sizes_og_sizes_og_filename_idx ON public.media USING btree (sizes_og_filename);


--
-- Name: media_sizes_small_sizes_small_filename_idx; Type: INDEX; Schema: public; Owner: -
--

CREATE INDEX media_sizes_small_sizes_small_filename_idx ON public.media USING btree (sizes_small_filename);


--
-- Name: media_sizes_square_sizes_square_filename_idx; Type: INDEX; Schema: public; Owner: -
--

CREATE INDEX media_sizes_square_sizes_square_filename_idx ON public.media USING btree (sizes_square_filename);


--
-- Name: media_sizes_thumbnail_sizes_thumbnail_filename_idx; Type: INDEX; Schema: public; Owner: -
--

CREATE INDEX media_sizes_thumbnail_sizes_thumbnail_filename_idx ON public.media USING btree (sizes_thumbnail_filename);


--
-- Name: media_sizes_xlarge_sizes_xlarge_filename_idx; Type: INDEX; Schema: public; Owner: -
--

CREATE INDEX media_sizes_xlarge_sizes_xlarge_filename_idx ON public.media USING btree (sizes_xlarge_filename);


--
-- Name: media_updated_at_idx; Type: INDEX; Schema: public; Owner: -
--

CREATE INDEX media_updated_at_idx ON public.media USING btree (updated_at);


--
-- Name: newsletter_issues_order_idx; Type: INDEX; Schema: public; Owner: -
--

CREATE INDEX newsletter_issues_order_idx ON public.newsletter_issues USING btree (_order);


--
-- Name: newsletter_issues_parent_id_idx; Type: INDEX; Schema: public; Owner: -
--

CREATE INDEX newsletter_issues_parent_id_idx ON public.newsletter_issues USING btree (_parent_id);


--
-- Name: pages__status_idx; Type: INDEX; Schema: public; Owner: -
--

CREATE INDEX pages__status_idx ON public.pages USING btree (_status);


--
-- Name: pages_blocks_archive_order_idx; Type: INDEX; Schema: public; Owner: -
--

CREATE INDEX pages_blocks_archive_order_idx ON public.pages_blocks_archive USING btree (_order);


--
-- Name: pages_blocks_archive_parent_id_idx; Type: INDEX; Schema: public; Owner: -
--

CREATE INDEX pages_blocks_archive_parent_id_idx ON public.pages_blocks_archive USING btree (_parent_id);


--
-- Name: pages_blocks_archive_path_idx; Type: INDEX; Schema: public; Owner: -
--

CREATE INDEX pages_blocks_archive_path_idx ON public.pages_blocks_archive USING btree (_path);


--
-- Name: pages_blocks_content_columns_order_idx; Type: INDEX; Schema: public; Owner: -
--

CREATE INDEX pages_blocks_content_columns_order_idx ON public.pages_blocks_content_columns USING btree (_order);


--
-- Name: pages_blocks_content_columns_parent_id_idx; Type: INDEX; Schema: public; Owner: -
--

CREATE INDEX pages_blocks_content_columns_parent_id_idx ON public.pages_blocks_content_columns USING btree (_parent_id);


--
-- Name: pages_blocks_content_order_idx; Type: INDEX; Schema: public; Owner: -
--

CREATE INDEX pages_blocks_content_order_idx ON public.pages_blocks_content USING btree (_order);


--
-- Name: pages_blocks_content_parent_id_idx; Type: INDEX; Schema: public; Owner: -
--

CREATE INDEX pages_blocks_content_parent_id_idx ON public.pages_blocks_content USING btree (_parent_id);


--
-- Name: pages_blocks_content_path_idx; Type: INDEX; Schema: public; Owner: -
--

CREATE INDEX pages_blocks_content_path_idx ON public.pages_blocks_content USING btree (_path);


--
-- Name: pages_blocks_cta_links_order_idx; Type: INDEX; Schema: public; Owner: -
--

CREATE INDEX pages_blocks_cta_links_order_idx ON public.pages_blocks_cta_links USING btree (_order);


--
-- Name: pages_blocks_cta_links_parent_id_idx; Type: INDEX; Schema: public; Owner: -
--

CREATE INDEX pages_blocks_cta_links_parent_id_idx ON public.pages_blocks_cta_links USING btree (_parent_id);


--
-- Name: pages_blocks_cta_order_idx; Type: INDEX; Schema: public; Owner: -
--

CREATE INDEX pages_blocks_cta_order_idx ON public.pages_blocks_cta USING btree (_order);


--
-- Name: pages_blocks_cta_parent_id_idx; Type: INDEX; Schema: public; Owner: -
--

CREATE INDEX pages_blocks_cta_parent_id_idx ON public.pages_blocks_cta USING btree (_parent_id);


--
-- Name: pages_blocks_cta_path_idx; Type: INDEX; Schema: public; Owner: -
--

CREATE INDEX pages_blocks_cta_path_idx ON public.pages_blocks_cta USING btree (_path);


--
-- Name: pages_blocks_form_block_form_idx; Type: INDEX; Schema: public; Owner: -
--

CREATE INDEX pages_blocks_form_block_form_idx ON public.pages_blocks_form_block USING btree (form_id);


--
-- Name: pages_blocks_form_block_order_idx; Type: INDEX; Schema: public; Owner: -
--

CREATE INDEX pages_blocks_form_block_order_idx ON public.pages_blocks_form_block USING btree (_order);


--
-- Name: pages_blocks_form_block_parent_id_idx; Type: INDEX; Schema: public; Owner: -
--

CREATE INDEX pages_blocks_form_block_parent_id_idx ON public.pages_blocks_form_block USING btree (_parent_id);


--
-- Name: pages_blocks_form_block_path_idx; Type: INDEX; Schema: public; Owner: -
--

CREATE INDEX pages_blocks_form_block_path_idx ON public.pages_blocks_form_block USING btree (_path);


--
-- Name: pages_blocks_media_block_media_idx; Type: INDEX; Schema: public; Owner: -
--

CREATE INDEX pages_blocks_media_block_media_idx ON public.pages_blocks_media_block USING btree (media_id);


--
-- Name: pages_blocks_media_block_order_idx; Type: INDEX; Schema: public; Owner: -
--

CREATE INDEX pages_blocks_media_block_order_idx ON public.pages_blocks_media_block USING btree (_order);


--
-- Name: pages_blocks_media_block_parent_id_idx; Type: INDEX; Schema: public; Owner: -
--

CREATE INDEX pages_blocks_media_block_parent_id_idx ON public.pages_blocks_media_block USING btree (_parent_id);


--
-- Name: pages_blocks_media_block_path_idx; Type: INDEX; Schema: public; Owner: -
--

CREATE INDEX pages_blocks_media_block_path_idx ON public.pages_blocks_media_block USING btree (_path);


--
-- Name: pages_created_at_idx; Type: INDEX; Schema: public; Owner: -
--

CREATE INDEX pages_created_at_idx ON public.pages USING btree (created_at);


--
-- Name: pages_hero_hero_media_idx; Type: INDEX; Schema: public; Owner: -
--

CREATE INDEX pages_hero_hero_media_idx ON public.pages USING btree (hero_media_id);


--
-- Name: pages_hero_links_order_idx; Type: INDEX; Schema: public; Owner: -
--

CREATE INDEX pages_hero_links_order_idx ON public.pages_hero_links USING btree (_order);


--
-- Name: pages_hero_links_parent_id_idx; Type: INDEX; Schema: public; Owner: -
--

CREATE INDEX pages_hero_links_parent_id_idx ON public.pages_hero_links USING btree (_parent_id);


--
-- Name: pages_meta_meta_image_1_idx; Type: INDEX; Schema: public; Owner: -
--

CREATE INDEX pages_meta_meta_image_1_idx ON public.pages USING btree (meta_image_id);


--
-- Name: pages_meta_meta_image_idx; Type: INDEX; Schema: public; Owner: -
--

CREATE INDEX pages_meta_meta_image_idx ON public.pages USING btree (meta_image_id);


--
-- Name: pages_rels_categories_id_idx; Type: INDEX; Schema: public; Owner: -
--

CREATE INDEX pages_rels_categories_id_idx ON public.pages_rels USING btree (categories_id);


--
-- Name: pages_rels_order_idx; Type: INDEX; Schema: public; Owner: -
--

CREATE INDEX pages_rels_order_idx ON public.pages_rels USING btree ("order");


--
-- Name: pages_rels_pages_id_idx; Type: INDEX; Schema: public; Owner: -
--

CREATE INDEX pages_rels_pages_id_idx ON public.pages_rels USING btree (pages_id);


--
-- Name: pages_rels_parent_idx; Type: INDEX; Schema: public; Owner: -
--

CREATE INDEX pages_rels_parent_idx ON public.pages_rels USING btree (parent_id);


--
-- Name: pages_rels_path_idx; Type: INDEX; Schema: public; Owner: -
--

CREATE INDEX pages_rels_path_idx ON public.pages_rels USING btree (path);


--
-- Name: pages_rels_posts_id_idx; Type: INDEX; Schema: public; Owner: -
--

CREATE INDEX pages_rels_posts_id_idx ON public.pages_rels USING btree (posts_id);


--
-- Name: pages_slug_idx; Type: INDEX; Schema: public; Owner: -
--

CREATE UNIQUE INDEX pages_slug_idx ON public.pages USING btree (slug);


--
-- Name: pages_updated_at_idx; Type: INDEX; Schema: public; Owner: -
--

CREATE INDEX pages_updated_at_idx ON public.pages USING btree (updated_at);


--
-- Name: payload_folders_created_at_idx; Type: INDEX; Schema: public; Owner: -
--

CREATE INDEX payload_folders_created_at_idx ON public.payload_folders USING btree (created_at);


--
-- Name: payload_folders_folder_idx; Type: INDEX; Schema: public; Owner: -
--

CREATE INDEX payload_folders_folder_idx ON public.payload_folders USING btree (folder_id);


--
-- Name: payload_folders_folder_type_order_idx; Type: INDEX; Schema: public; Owner: -
--

CREATE INDEX payload_folders_folder_type_order_idx ON public.payload_folders_folder_type USING btree ("order");


--
-- Name: payload_folders_folder_type_parent_idx; Type: INDEX; Schema: public; Owner: -
--

CREATE INDEX payload_folders_folder_type_parent_idx ON public.payload_folders_folder_type USING btree (parent_id);


--
-- Name: payload_folders_name_idx; Type: INDEX; Schema: public; Owner: -
--

CREATE INDEX payload_folders_name_idx ON public.payload_folders USING btree (name);


--
-- Name: payload_folders_updated_at_idx; Type: INDEX; Schema: public; Owner: -
--

CREATE INDEX payload_folders_updated_at_idx ON public.payload_folders USING btree (updated_at);


--
-- Name: payload_jobs_completed_at_idx; Type: INDEX; Schema: public; Owner: -
--

CREATE INDEX payload_jobs_completed_at_idx ON public.payload_jobs USING btree (completed_at);


--
-- Name: payload_jobs_created_at_idx; Type: INDEX; Schema: public; Owner: -
--

CREATE INDEX payload_jobs_created_at_idx ON public.payload_jobs USING btree (created_at);


--
-- Name: payload_jobs_has_error_idx; Type: INDEX; Schema: public; Owner: -
--

CREATE INDEX payload_jobs_has_error_idx ON public.payload_jobs USING btree (has_error);


--
-- Name: payload_jobs_log_order_idx; Type: INDEX; Schema: public; Owner: -
--

CREATE INDEX payload_jobs_log_order_idx ON public.payload_jobs_log USING btree (_order);


--
-- Name: payload_jobs_log_parent_id_idx; Type: INDEX; Schema: public; Owner: -
--

CREATE INDEX payload_jobs_log_parent_id_idx ON public.payload_jobs_log USING btree (_parent_id);


--
-- Name: payload_jobs_processing_idx; Type: INDEX; Schema: public; Owner: -
--

CREATE INDEX payload_jobs_processing_idx ON public.payload_jobs USING btree (processing);


--
-- Name: payload_jobs_queue_idx; Type: INDEX; Schema: public; Owner: -
--

CREATE INDEX payload_jobs_queue_idx ON public.payload_jobs USING btree (queue);


--
-- Name: payload_jobs_task_slug_idx; Type: INDEX; Schema: public; Owner: -
--

CREATE INDEX payload_jobs_task_slug_idx ON public.payload_jobs USING btree (task_slug);


--
-- Name: payload_jobs_total_tried_idx; Type: INDEX; Schema: public; Owner: -
--

CREATE INDEX payload_jobs_total_tried_idx ON public.payload_jobs USING btree (total_tried);


--
-- Name: payload_jobs_updated_at_idx; Type: INDEX; Schema: public; Owner: -
--

CREATE INDEX payload_jobs_updated_at_idx ON public.payload_jobs USING btree (updated_at);


--
-- Name: payload_jobs_wait_until_idx; Type: INDEX; Schema: public; Owner: -
--

CREATE INDEX payload_jobs_wait_until_idx ON public.payload_jobs USING btree (wait_until);


--
-- Name: payload_kv_key_idx; Type: INDEX; Schema: public; Owner: -
--

CREATE UNIQUE INDEX payload_kv_key_idx ON public.payload_kv USING btree (key);


--
-- Name: payload_locked_documents_created_at_idx; Type: INDEX; Schema: public; Owner: -
--

CREATE INDEX payload_locked_documents_created_at_idx ON public.payload_locked_documents USING btree (created_at);


--
-- Name: payload_locked_documents_global_slug_idx; Type: INDEX; Schema: public; Owner: -
--

CREATE INDEX payload_locked_documents_global_slug_idx ON public.payload_locked_documents USING btree (global_slug);


--
-- Name: payload_locked_documents_rels_categories_id_idx; Type: INDEX; Schema: public; Owner: -
--

CREATE INDEX payload_locked_documents_rels_categories_id_idx ON public.payload_locked_documents_rels USING btree (categories_id);


--
-- Name: payload_locked_documents_rels_events_id_idx; Type: INDEX; Schema: public; Owner: -
--

CREATE INDEX payload_locked_documents_rels_events_id_idx ON public.payload_locked_documents_rels USING btree (events_id);


--
-- Name: payload_locked_documents_rels_form_submissions_id_idx; Type: INDEX; Schema: public; Owner: -
--

CREATE INDEX payload_locked_documents_rels_form_submissions_id_idx ON public.payload_locked_documents_rels USING btree (form_submissions_id);


--
-- Name: payload_locked_documents_rels_forms_id_idx; Type: INDEX; Schema: public; Owner: -
--

CREATE INDEX payload_locked_documents_rels_forms_id_idx ON public.payload_locked_documents_rels USING btree (forms_id);


--
-- Name: payload_locked_documents_rels_media_id_idx; Type: INDEX; Schema: public; Owner: -
--

CREATE INDEX payload_locked_documents_rels_media_id_idx ON public.payload_locked_documents_rels USING btree (media_id);


--
-- Name: payload_locked_documents_rels_order_idx; Type: INDEX; Schema: public; Owner: -
--

CREATE INDEX payload_locked_documents_rels_order_idx ON public.payload_locked_documents_rels USING btree ("order");


--
-- Name: payload_locked_documents_rels_pages_id_idx; Type: INDEX; Schema: public; Owner: -
--

CREATE INDEX payload_locked_documents_rels_pages_id_idx ON public.payload_locked_documents_rels USING btree (pages_id);


--
-- Name: payload_locked_documents_rels_parent_idx; Type: INDEX; Schema: public; Owner: -
--

CREATE INDEX payload_locked_documents_rels_parent_idx ON public.payload_locked_documents_rels USING btree (parent_id);


--
-- Name: payload_locked_documents_rels_path_idx; Type: INDEX; Schema: public; Owner: -
--

CREATE INDEX payload_locked_documents_rels_path_idx ON public.payload_locked_documents_rels USING btree (path);


--
-- Name: payload_locked_documents_rels_payload_folders_id_idx; Type: INDEX; Schema: public; Owner: -
--

CREATE INDEX payload_locked_documents_rels_payload_folders_id_idx ON public.payload_locked_documents_rels USING btree (payload_folders_id);


--
-- Name: payload_locked_documents_rels_posts_id_idx; Type: INDEX; Schema: public; Owner: -
--

CREATE INDEX payload_locked_documents_rels_posts_id_idx ON public.payload_locked_documents_rels USING btree (posts_id);


--
-- Name: payload_locked_documents_rels_products_id_idx; Type: INDEX; Schema: public; Owner: -
--

CREATE INDEX payload_locked_documents_rels_products_id_idx ON public.payload_locked_documents_rels USING btree (products_id);


--
-- Name: payload_locked_documents_rels_redirects_id_idx; Type: INDEX; Schema: public; Owner: -
--

CREATE INDEX payload_locked_documents_rels_redirects_id_idx ON public.payload_locked_documents_rels USING btree (redirects_id);


--
-- Name: payload_locked_documents_rels_search_id_idx; Type: INDEX; Schema: public; Owner: -
--

CREATE INDEX payload_locked_documents_rels_search_id_idx ON public.payload_locked_documents_rels USING btree (search_id);


--
-- Name: payload_locked_documents_rels_users_id_idx; Type: INDEX; Schema: public; Owner: -
--

CREATE INDEX payload_locked_documents_rels_users_id_idx ON public.payload_locked_documents_rels USING btree (users_id);


--
-- Name: payload_locked_documents_updated_at_idx; Type: INDEX; Schema: public; Owner: -
--

CREATE INDEX payload_locked_documents_updated_at_idx ON public.payload_locked_documents USING btree (updated_at);


--
-- Name: payload_migrations_created_at_idx; Type: INDEX; Schema: public; Owner: -
--

CREATE INDEX payload_migrations_created_at_idx ON public.payload_migrations USING btree (created_at);


--
-- Name: payload_migrations_updated_at_idx; Type: INDEX; Schema: public; Owner: -
--

CREATE INDEX payload_migrations_updated_at_idx ON public.payload_migrations USING btree (updated_at);


--
-- Name: payload_preferences_created_at_idx; Type: INDEX; Schema: public; Owner: -
--

CREATE INDEX payload_preferences_created_at_idx ON public.payload_preferences USING btree (created_at);


--
-- Name: payload_preferences_key_idx; Type: INDEX; Schema: public; Owner: -
--

CREATE INDEX payload_preferences_key_idx ON public.payload_preferences USING btree (key);


--
-- Name: payload_preferences_rels_order_idx; Type: INDEX; Schema: public; Owner: -
--

CREATE INDEX payload_preferences_rels_order_idx ON public.payload_preferences_rels USING btree ("order");


--
-- Name: payload_preferences_rels_parent_idx; Type: INDEX; Schema: public; Owner: -
--

CREATE INDEX payload_preferences_rels_parent_idx ON public.payload_preferences_rels USING btree (parent_id);


--
-- Name: payload_preferences_rels_path_idx; Type: INDEX; Schema: public; Owner: -
--

CREATE INDEX payload_preferences_rels_path_idx ON public.payload_preferences_rels USING btree (path);


--
-- Name: payload_preferences_rels_users_id_idx; Type: INDEX; Schema: public; Owner: -
--

CREATE INDEX payload_preferences_rels_users_id_idx ON public.payload_preferences_rels USING btree (users_id);


--
-- Name: payload_preferences_updated_at_idx; Type: INDEX; Schema: public; Owner: -
--

CREATE INDEX payload_preferences_updated_at_idx ON public.payload_preferences USING btree (updated_at);


--
-- Name: posts__status_idx; Type: INDEX; Schema: public; Owner: -
--

CREATE INDEX posts__status_idx ON public.posts USING btree (_status);


--
-- Name: posts_created_at_idx; Type: INDEX; Schema: public; Owner: -
--

CREATE INDEX posts_created_at_idx ON public.posts USING btree (created_at);


--
-- Name: posts_gallery_items_image_idx; Type: INDEX; Schema: public; Owner: -
--

CREATE INDEX posts_gallery_items_image_idx ON public.posts_gallery_items USING btree (image_id);


--
-- Name: posts_gallery_items_order_idx; Type: INDEX; Schema: public; Owner: -
--

CREATE INDEX posts_gallery_items_order_idx ON public.posts_gallery_items USING btree (_order);


--
-- Name: posts_gallery_items_parent_id_idx; Type: INDEX; Schema: public; Owner: -
--

CREATE INDEX posts_gallery_items_parent_id_idx ON public.posts_gallery_items USING btree (_parent_id);


--
-- Name: posts_gallery_order_idx; Type: INDEX; Schema: public; Owner: -
--

CREATE INDEX posts_gallery_order_idx ON public.posts_gallery USING btree (_order);


--
-- Name: posts_gallery_parent_id_idx; Type: INDEX; Schema: public; Owner: -
--

CREATE INDEX posts_gallery_parent_id_idx ON public.posts_gallery USING btree (_parent_id);


--
-- Name: posts_meta_meta_image_1_idx; Type: INDEX; Schema: public; Owner: -
--

CREATE INDEX posts_meta_meta_image_1_idx ON public.posts USING btree (meta_image_id);


--
-- Name: posts_meta_meta_image_idx; Type: INDEX; Schema: public; Owner: -
--

CREATE INDEX posts_meta_meta_image_idx ON public.posts USING btree (meta_image_id);


--
-- Name: posts_rels_order_idx; Type: INDEX; Schema: public; Owner: -
--

CREATE INDEX posts_rels_order_idx ON public.posts_rels USING btree ("order");


--
-- Name: posts_rels_parent_idx; Type: INDEX; Schema: public; Owner: -
--

CREATE INDEX posts_rels_parent_idx ON public.posts_rels USING btree (parent_id);


--
-- Name: posts_rels_path_idx; Type: INDEX; Schema: public; Owner: -
--

CREATE INDEX posts_rels_path_idx ON public.posts_rels USING btree (path);


--
-- Name: posts_rels_posts_id_idx; Type: INDEX; Schema: public; Owner: -
--

CREATE INDEX posts_rels_posts_id_idx ON public.posts_rels USING btree (posts_id);


--
-- Name: posts_slug_idx; Type: INDEX; Schema: public; Owner: -
--

CREATE UNIQUE INDEX posts_slug_idx ON public.posts USING btree (slug);


--
-- Name: posts_thumb_idx; Type: INDEX; Schema: public; Owner: -
--

CREATE INDEX posts_thumb_idx ON public.posts USING btree (thumb_id);


--
-- Name: posts_updated_at_idx; Type: INDEX; Schema: public; Owner: -
--

CREATE INDEX posts_updated_at_idx ON public.posts USING btree (updated_at);


--
-- Name: posts_video_thumb_idx; Type: INDEX; Schema: public; Owner: -
--

CREATE INDEX posts_video_thumb_idx ON public.posts USING btree (video_thumb_id);


--
-- Name: products__order_idx; Type: INDEX; Schema: public; Owner: -
--

CREATE INDEX products__order_idx ON public.products USING btree (_order);


--
-- Name: products_created_at_idx; Type: INDEX; Schema: public; Owner: -
--

CREATE INDEX products_created_at_idx ON public.products USING btree (created_at);


--
-- Name: products_featured_image_idx; Type: INDEX; Schema: public; Owner: -
--

CREATE INDEX products_featured_image_idx ON public.products USING btree (featured_image_id);


--
-- Name: products_images_image_idx; Type: INDEX; Schema: public; Owner: -
--

CREATE INDEX products_images_image_idx ON public.products_images USING btree (image_id);


--
-- Name: products_images_order_idx; Type: INDEX; Schema: public; Owner: -
--

CREATE INDEX products_images_order_idx ON public.products_images USING btree (_order);


--
-- Name: products_images_parent_id_idx; Type: INDEX; Schema: public; Owner: -
--

CREATE INDEX products_images_parent_id_idx ON public.products_images USING btree (_parent_id);


--
-- Name: products_making_links_order_idx; Type: INDEX; Schema: public; Owner: -
--

CREATE INDEX products_making_links_order_idx ON public.products_making_links USING btree (_order);


--
-- Name: products_making_links_parent_id_idx; Type: INDEX; Schema: public; Owner: -
--

CREATE INDEX products_making_links_parent_id_idx ON public.products_making_links USING btree (_parent_id);


--
-- Name: products_meta_meta_image_idx; Type: INDEX; Schema: public; Owner: -
--

CREATE INDEX products_meta_meta_image_idx ON public.products USING btree (meta_image_id);


--
-- Name: products_rels_order_idx; Type: INDEX; Schema: public; Owner: -
--

CREATE INDEX products_rels_order_idx ON public.products_rels USING btree ("order");


--
-- Name: products_rels_parent_idx; Type: INDEX; Schema: public; Owner: -
--

CREATE INDEX products_rels_parent_idx ON public.products_rels USING btree (parent_id);


--
-- Name: products_rels_path_idx; Type: INDEX; Schema: public; Owner: -
--

CREATE INDEX products_rels_path_idx ON public.products_rels USING btree (path);


--
-- Name: products_rels_products_id_idx; Type: INDEX; Schema: public; Owner: -
--

CREATE INDEX products_rels_products_id_idx ON public.products_rels USING btree (products_id);


--
-- Name: products_tags_order_idx; Type: INDEX; Schema: public; Owner: -
--

CREATE INDEX products_tags_order_idx ON public.products_tags USING btree ("order");


--
-- Name: products_tags_parent_idx; Type: INDEX; Schema: public; Owner: -
--

CREATE INDEX products_tags_parent_idx ON public.products_tags USING btree (parent_id);


--
-- Name: products_thumb_idx; Type: INDEX; Schema: public; Owner: -
--

CREATE INDEX products_thumb_idx ON public.products USING btree (thumb_id);


--
-- Name: products_updated_at_idx; Type: INDEX; Schema: public; Owner: -
--

CREATE INDEX products_updated_at_idx ON public.products USING btree (updated_at);


--
-- Name: redirects_created_at_idx; Type: INDEX; Schema: public; Owner: -
--

CREATE INDEX redirects_created_at_idx ON public.redirects USING btree (created_at);


--
-- Name: redirects_from_idx; Type: INDEX; Schema: public; Owner: -
--

CREATE UNIQUE INDEX redirects_from_idx ON public.redirects USING btree ("from");


--
-- Name: redirects_rels_order_idx; Type: INDEX; Schema: public; Owner: -
--

CREATE INDEX redirects_rels_order_idx ON public.redirects_rels USING btree ("order");


--
-- Name: redirects_rels_pages_id_idx; Type: INDEX; Schema: public; Owner: -
--

CREATE INDEX redirects_rels_pages_id_idx ON public.redirects_rels USING btree (pages_id);


--
-- Name: redirects_rels_parent_idx; Type: INDEX; Schema: public; Owner: -
--

CREATE INDEX redirects_rels_parent_idx ON public.redirects_rels USING btree (parent_id);


--
-- Name: redirects_rels_path_idx; Type: INDEX; Schema: public; Owner: -
--

CREATE INDEX redirects_rels_path_idx ON public.redirects_rels USING btree (path);


--
-- Name: redirects_rels_posts_id_idx; Type: INDEX; Schema: public; Owner: -
--

CREATE INDEX redirects_rels_posts_id_idx ON public.redirects_rels USING btree (posts_id);


--
-- Name: redirects_updated_at_idx; Type: INDEX; Schema: public; Owner: -
--

CREATE INDEX redirects_updated_at_idx ON public.redirects USING btree (updated_at);


--
-- Name: search_categories_order_idx; Type: INDEX; Schema: public; Owner: -
--

CREATE INDEX search_categories_order_idx ON public.search_categories USING btree (_order);


--
-- Name: search_categories_parent_id_idx; Type: INDEX; Schema: public; Owner: -
--

CREATE INDEX search_categories_parent_id_idx ON public.search_categories USING btree (_parent_id);


--
-- Name: search_created_at_idx; Type: INDEX; Schema: public; Owner: -
--

CREATE INDEX search_created_at_idx ON public.search USING btree (created_at);


--
-- Name: search_meta_meta_image_idx; Type: INDEX; Schema: public; Owner: -
--

CREATE INDEX search_meta_meta_image_idx ON public.search USING btree (meta_image_id);


--
-- Name: search_rels_order_idx; Type: INDEX; Schema: public; Owner: -
--

CREATE INDEX search_rels_order_idx ON public.search_rels USING btree ("order");


--
-- Name: search_rels_parent_idx; Type: INDEX; Schema: public; Owner: -
--

CREATE INDEX search_rels_parent_idx ON public.search_rels USING btree (parent_id);


--
-- Name: search_rels_path_idx; Type: INDEX; Schema: public; Owner: -
--

CREATE INDEX search_rels_path_idx ON public.search_rels USING btree (path);


--
-- Name: search_rels_posts_id_idx; Type: INDEX; Schema: public; Owner: -
--

CREATE INDEX search_rels_posts_id_idx ON public.search_rels USING btree (posts_id);


--
-- Name: search_slug_idx; Type: INDEX; Schema: public; Owner: -
--

CREATE INDEX search_slug_idx ON public.search USING btree (slug);


--
-- Name: search_updated_at_idx; Type: INDEX; Schema: public; Owner: -
--

CREATE INDEX search_updated_at_idx ON public.search USING btree (updated_at);


--
-- Name: stockists_stockists_image_idx; Type: INDEX; Schema: public; Owner: -
--

CREATE INDEX stockists_stockists_image_idx ON public.stockists_stockists USING btree (image_id);


--
-- Name: stockists_stockists_order_idx; Type: INDEX; Schema: public; Owner: -
--

CREATE INDEX stockists_stockists_order_idx ON public.stockists_stockists USING btree (_order);


--
-- Name: stockists_stockists_parent_id_idx; Type: INDEX; Schema: public; Owner: -
--

CREATE INDEX stockists_stockists_parent_id_idx ON public.stockists_stockists USING btree (_parent_id);


--
-- Name: users_created_at_idx; Type: INDEX; Schema: public; Owner: -
--

CREATE INDEX users_created_at_idx ON public.users USING btree (created_at);


--
-- Name: users_email_idx; Type: INDEX; Schema: public; Owner: -
--

CREATE UNIQUE INDEX users_email_idx ON public.users USING btree (email);


--
-- Name: users_sessions_order_idx; Type: INDEX; Schema: public; Owner: -
--

CREATE INDEX users_sessions_order_idx ON public.users_sessions USING btree (_order);


--
-- Name: users_sessions_parent_id_idx; Type: INDEX; Schema: public; Owner: -
--

CREATE INDEX users_sessions_parent_id_idx ON public.users_sessions USING btree (_parent_id);


--
-- Name: users_updated_at_idx; Type: INDEX; Schema: public; Owner: -
--

CREATE INDEX users_updated_at_idx ON public.users USING btree (updated_at);


--
-- Name: _pages_v_blocks_archive _pages_v_blocks_archive_parent_id_fk; Type: FK CONSTRAINT; Schema: public; Owner: -
--

ALTER TABLE ONLY public._pages_v_blocks_archive
    ADD CONSTRAINT _pages_v_blocks_archive_parent_id_fk FOREIGN KEY (_parent_id) REFERENCES public._pages_v(id) ON DELETE CASCADE;


--
-- Name: _pages_v_blocks_content_columns _pages_v_blocks_content_columns_parent_id_fk; Type: FK CONSTRAINT; Schema: public; Owner: -
--

ALTER TABLE ONLY public._pages_v_blocks_content_columns
    ADD CONSTRAINT _pages_v_blocks_content_columns_parent_id_fk FOREIGN KEY (_parent_id) REFERENCES public._pages_v_blocks_content(id) ON DELETE CASCADE;


--
-- Name: _pages_v_blocks_content _pages_v_blocks_content_parent_id_fk; Type: FK CONSTRAINT; Schema: public; Owner: -
--

ALTER TABLE ONLY public._pages_v_blocks_content
    ADD CONSTRAINT _pages_v_blocks_content_parent_id_fk FOREIGN KEY (_parent_id) REFERENCES public._pages_v(id) ON DELETE CASCADE;


--
-- Name: _pages_v_blocks_cta_links _pages_v_blocks_cta_links_parent_id_fk; Type: FK CONSTRAINT; Schema: public; Owner: -
--

ALTER TABLE ONLY public._pages_v_blocks_cta_links
    ADD CONSTRAINT _pages_v_blocks_cta_links_parent_id_fk FOREIGN KEY (_parent_id) REFERENCES public._pages_v_blocks_cta(id) ON DELETE CASCADE;


--
-- Name: _pages_v_blocks_cta _pages_v_blocks_cta_parent_id_fk; Type: FK CONSTRAINT; Schema: public; Owner: -
--

ALTER TABLE ONLY public._pages_v_blocks_cta
    ADD CONSTRAINT _pages_v_blocks_cta_parent_id_fk FOREIGN KEY (_parent_id) REFERENCES public._pages_v(id) ON DELETE CASCADE;


--
-- Name: _pages_v_blocks_form_block _pages_v_blocks_form_block_form_id_forms_id_fk; Type: FK CONSTRAINT; Schema: public; Owner: -
--

ALTER TABLE ONLY public._pages_v_blocks_form_block
    ADD CONSTRAINT _pages_v_blocks_form_block_form_id_forms_id_fk FOREIGN KEY (form_id) REFERENCES public.forms(id) ON DELETE SET NULL;


--
-- Name: _pages_v_blocks_form_block _pages_v_blocks_form_block_parent_id_fk; Type: FK CONSTRAINT; Schema: public; Owner: -
--

ALTER TABLE ONLY public._pages_v_blocks_form_block
    ADD CONSTRAINT _pages_v_blocks_form_block_parent_id_fk FOREIGN KEY (_parent_id) REFERENCES public._pages_v(id) ON DELETE CASCADE;


--
-- Name: _pages_v_blocks_media_block _pages_v_blocks_media_block_media_id_media_id_fk; Type: FK CONSTRAINT; Schema: public; Owner: -
--

ALTER TABLE ONLY public._pages_v_blocks_media_block
    ADD CONSTRAINT _pages_v_blocks_media_block_media_id_media_id_fk FOREIGN KEY (media_id) REFERENCES public.media(id) ON DELETE SET NULL;


--
-- Name: _pages_v_blocks_media_block _pages_v_blocks_media_block_parent_id_fk; Type: FK CONSTRAINT; Schema: public; Owner: -
--

ALTER TABLE ONLY public._pages_v_blocks_media_block
    ADD CONSTRAINT _pages_v_blocks_media_block_parent_id_fk FOREIGN KEY (_parent_id) REFERENCES public._pages_v(id) ON DELETE CASCADE;


--
-- Name: _pages_v _pages_v_parent_id_pages_id_fk; Type: FK CONSTRAINT; Schema: public; Owner: -
--

ALTER TABLE ONLY public._pages_v
    ADD CONSTRAINT _pages_v_parent_id_pages_id_fk FOREIGN KEY (parent_id) REFERENCES public.pages(id) ON DELETE SET NULL;


--
-- Name: _pages_v_rels _pages_v_rels_categories_fk; Type: FK CONSTRAINT; Schema: public; Owner: -
--

ALTER TABLE ONLY public._pages_v_rels
    ADD CONSTRAINT _pages_v_rels_categories_fk FOREIGN KEY (categories_id) REFERENCES public.categories(id) ON DELETE CASCADE;


--
-- Name: _pages_v_rels _pages_v_rels_pages_fk; Type: FK CONSTRAINT; Schema: public; Owner: -
--

ALTER TABLE ONLY public._pages_v_rels
    ADD CONSTRAINT _pages_v_rels_pages_fk FOREIGN KEY (pages_id) REFERENCES public.pages(id) ON DELETE CASCADE;


--
-- Name: _pages_v_rels _pages_v_rels_parent_fk; Type: FK CONSTRAINT; Schema: public; Owner: -
--

ALTER TABLE ONLY public._pages_v_rels
    ADD CONSTRAINT _pages_v_rels_parent_fk FOREIGN KEY (parent_id) REFERENCES public._pages_v(id) ON DELETE CASCADE;


--
-- Name: _pages_v_rels _pages_v_rels_posts_fk; Type: FK CONSTRAINT; Schema: public; Owner: -
--

ALTER TABLE ONLY public._pages_v_rels
    ADD CONSTRAINT _pages_v_rels_posts_fk FOREIGN KEY (posts_id) REFERENCES public.posts(id) ON DELETE CASCADE;


--
-- Name: _pages_v_version_hero_links _pages_v_version_hero_links_parent_id_fk; Type: FK CONSTRAINT; Schema: public; Owner: -
--

ALTER TABLE ONLY public._pages_v_version_hero_links
    ADD CONSTRAINT _pages_v_version_hero_links_parent_id_fk FOREIGN KEY (_parent_id) REFERENCES public._pages_v(id) ON DELETE CASCADE;


--
-- Name: _pages_v _pages_v_version_hero_media_id_media_id_fk; Type: FK CONSTRAINT; Schema: public; Owner: -
--

ALTER TABLE ONLY public._pages_v
    ADD CONSTRAINT _pages_v_version_hero_media_id_media_id_fk FOREIGN KEY (version_hero_media_id) REFERENCES public.media(id) ON DELETE SET NULL;


--
-- Name: _pages_v _pages_v_version_meta_image_id_media_id_fk; Type: FK CONSTRAINT; Schema: public; Owner: -
--

ALTER TABLE ONLY public._pages_v
    ADD CONSTRAINT _pages_v_version_meta_image_id_media_id_fk FOREIGN KEY (version_meta_image_id) REFERENCES public.media(id) ON DELETE SET NULL;


--
-- Name: _posts_v _posts_v_parent_id_posts_id_fk; Type: FK CONSTRAINT; Schema: public; Owner: -
--

ALTER TABLE ONLY public._posts_v
    ADD CONSTRAINT _posts_v_parent_id_posts_id_fk FOREIGN KEY (parent_id) REFERENCES public.posts(id) ON DELETE SET NULL;


--
-- Name: _posts_v_rels _posts_v_rels_parent_fk; Type: FK CONSTRAINT; Schema: public; Owner: -
--

ALTER TABLE ONLY public._posts_v_rels
    ADD CONSTRAINT _posts_v_rels_parent_fk FOREIGN KEY (parent_id) REFERENCES public._posts_v(id) ON DELETE CASCADE;


--
-- Name: _posts_v_rels _posts_v_rels_posts_fk; Type: FK CONSTRAINT; Schema: public; Owner: -
--

ALTER TABLE ONLY public._posts_v_rels
    ADD CONSTRAINT _posts_v_rels_posts_fk FOREIGN KEY (posts_id) REFERENCES public.posts(id) ON DELETE CASCADE;


--
-- Name: _posts_v_version_gallery_items _posts_v_version_gallery_items_image_id_media_id_fk; Type: FK CONSTRAINT; Schema: public; Owner: -
--

ALTER TABLE ONLY public._posts_v_version_gallery_items
    ADD CONSTRAINT _posts_v_version_gallery_items_image_id_media_id_fk FOREIGN KEY (image_id) REFERENCES public.media(id) ON DELETE SET NULL;


--
-- Name: _posts_v_version_gallery_items _posts_v_version_gallery_items_parent_id_fk; Type: FK CONSTRAINT; Schema: public; Owner: -
--

ALTER TABLE ONLY public._posts_v_version_gallery_items
    ADD CONSTRAINT _posts_v_version_gallery_items_parent_id_fk FOREIGN KEY (_parent_id) REFERENCES public._posts_v_version_gallery(id) ON DELETE CASCADE;


--
-- Name: _posts_v_version_gallery _posts_v_version_gallery_parent_id_fk; Type: FK CONSTRAINT; Schema: public; Owner: -
--

ALTER TABLE ONLY public._posts_v_version_gallery
    ADD CONSTRAINT _posts_v_version_gallery_parent_id_fk FOREIGN KEY (_parent_id) REFERENCES public._posts_v(id) ON DELETE CASCADE;


--
-- Name: _posts_v _posts_v_version_meta_image_id_media_id_fk; Type: FK CONSTRAINT; Schema: public; Owner: -
--

ALTER TABLE ONLY public._posts_v
    ADD CONSTRAINT _posts_v_version_meta_image_id_media_id_fk FOREIGN KEY (version_meta_image_id) REFERENCES public.media(id) ON DELETE SET NULL;


--
-- Name: _posts_v _posts_v_version_thumb_id_media_id_fk; Type: FK CONSTRAINT; Schema: public; Owner: -
--

ALTER TABLE ONLY public._posts_v
    ADD CONSTRAINT _posts_v_version_thumb_id_media_id_fk FOREIGN KEY (version_thumb_id) REFERENCES public.media(id) ON DELETE SET NULL;


--
-- Name: _posts_v _posts_v_version_video_thumb_id_media_id_fk; Type: FK CONSTRAINT; Schema: public; Owner: -
--

ALTER TABLE ONLY public._posts_v
    ADD CONSTRAINT _posts_v_version_video_thumb_id_media_id_fk FOREIGN KEY (version_video_thumb_id) REFERENCES public.media(id) ON DELETE SET NULL;


--
-- Name: announcement announcement_thumb_id_media_id_fk; Type: FK CONSTRAINT; Schema: public; Owner: -
--

ALTER TABLE ONLY public.announcement
    ADD CONSTRAINT announcement_thumb_id_media_id_fk FOREIGN KEY (thumb_id) REFERENCES public.media(id) ON DELETE SET NULL;


--
-- Name: categories_breadcrumbs categories_breadcrumbs_doc_id_categories_id_fk; Type: FK CONSTRAINT; Schema: public; Owner: -
--

ALTER TABLE ONLY public.categories_breadcrumbs
    ADD CONSTRAINT categories_breadcrumbs_doc_id_categories_id_fk FOREIGN KEY (doc_id) REFERENCES public.categories(id) ON DELETE SET NULL;


--
-- Name: categories_breadcrumbs categories_breadcrumbs_parent_id_fk; Type: FK CONSTRAINT; Schema: public; Owner: -
--

ALTER TABLE ONLY public.categories_breadcrumbs
    ADD CONSTRAINT categories_breadcrumbs_parent_id_fk FOREIGN KEY (_parent_id) REFERENCES public.categories(id) ON DELETE CASCADE;


--
-- Name: categories categories_parent_id_categories_id_fk; Type: FK CONSTRAINT; Schema: public; Owner: -
--

ALTER TABLE ONLY public.categories
    ADD CONSTRAINT categories_parent_id_categories_id_fk FOREIGN KEY (parent_id) REFERENCES public.categories(id) ON DELETE SET NULL;


--
-- Name: faq_items faq_items_parent_id_fk; Type: FK CONSTRAINT; Schema: public; Owner: -
--

ALTER TABLE ONLY public.faq_items
    ADD CONSTRAINT faq_items_parent_id_fk FOREIGN KEY (_parent_id) REFERENCES public.faq(id) ON DELETE CASCADE;


--
-- Name: footer_nav_items footer_nav_items_parent_id_fk; Type: FK CONSTRAINT; Schema: public; Owner: -
--

ALTER TABLE ONLY public.footer_nav_items
    ADD CONSTRAINT footer_nav_items_parent_id_fk FOREIGN KEY (_parent_id) REFERENCES public.footer(id) ON DELETE CASCADE;


--
-- Name: footer_rels footer_rels_pages_fk; Type: FK CONSTRAINT; Schema: public; Owner: -
--

ALTER TABLE ONLY public.footer_rels
    ADD CONSTRAINT footer_rels_pages_fk FOREIGN KEY (pages_id) REFERENCES public.pages(id) ON DELETE CASCADE;


--
-- Name: footer_rels footer_rels_parent_fk; Type: FK CONSTRAINT; Schema: public; Owner: -
--

ALTER TABLE ONLY public.footer_rels
    ADD CONSTRAINT footer_rels_parent_fk FOREIGN KEY (parent_id) REFERENCES public.footer(id) ON DELETE CASCADE;


--
-- Name: footer_rels footer_rels_posts_fk; Type: FK CONSTRAINT; Schema: public; Owner: -
--

ALTER TABLE ONLY public.footer_rels
    ADD CONSTRAINT footer_rels_posts_fk FOREIGN KEY (posts_id) REFERENCES public.posts(id) ON DELETE CASCADE;


--
-- Name: form_submissions form_submissions_form_id_forms_id_fk; Type: FK CONSTRAINT; Schema: public; Owner: -
--

ALTER TABLE ONLY public.form_submissions
    ADD CONSTRAINT form_submissions_form_id_forms_id_fk FOREIGN KEY (form_id) REFERENCES public.forms(id) ON DELETE SET NULL;


--
-- Name: form_submissions_submission_data form_submissions_submission_data_parent_id_fk; Type: FK CONSTRAINT; Schema: public; Owner: -
--

ALTER TABLE ONLY public.form_submissions_submission_data
    ADD CONSTRAINT form_submissions_submission_data_parent_id_fk FOREIGN KEY (_parent_id) REFERENCES public.form_submissions(id) ON DELETE CASCADE;


--
-- Name: forms_blocks_checkbox forms_blocks_checkbox_parent_id_fk; Type: FK CONSTRAINT; Schema: public; Owner: -
--

ALTER TABLE ONLY public.forms_blocks_checkbox
    ADD CONSTRAINT forms_blocks_checkbox_parent_id_fk FOREIGN KEY (_parent_id) REFERENCES public.forms(id) ON DELETE CASCADE;


--
-- Name: forms_blocks_country forms_blocks_country_parent_id_fk; Type: FK CONSTRAINT; Schema: public; Owner: -
--

ALTER TABLE ONLY public.forms_blocks_country
    ADD CONSTRAINT forms_blocks_country_parent_id_fk FOREIGN KEY (_parent_id) REFERENCES public.forms(id) ON DELETE CASCADE;


--
-- Name: forms_blocks_email forms_blocks_email_parent_id_fk; Type: FK CONSTRAINT; Schema: public; Owner: -
--

ALTER TABLE ONLY public.forms_blocks_email
    ADD CONSTRAINT forms_blocks_email_parent_id_fk FOREIGN KEY (_parent_id) REFERENCES public.forms(id) ON DELETE CASCADE;


--
-- Name: forms_blocks_message forms_blocks_message_parent_id_fk; Type: FK CONSTRAINT; Schema: public; Owner: -
--

ALTER TABLE ONLY public.forms_blocks_message
    ADD CONSTRAINT forms_blocks_message_parent_id_fk FOREIGN KEY (_parent_id) REFERENCES public.forms(id) ON DELETE CASCADE;


--
-- Name: forms_blocks_number forms_blocks_number_parent_id_fk; Type: FK CONSTRAINT; Schema: public; Owner: -
--

ALTER TABLE ONLY public.forms_blocks_number
    ADD CONSTRAINT forms_blocks_number_parent_id_fk FOREIGN KEY (_parent_id) REFERENCES public.forms(id) ON DELETE CASCADE;


--
-- Name: forms_blocks_select_options forms_blocks_select_options_parent_id_fk; Type: FK CONSTRAINT; Schema: public; Owner: -
--

ALTER TABLE ONLY public.forms_blocks_select_options
    ADD CONSTRAINT forms_blocks_select_options_parent_id_fk FOREIGN KEY (_parent_id) REFERENCES public.forms_blocks_select(id) ON DELETE CASCADE;


--
-- Name: forms_blocks_select forms_blocks_select_parent_id_fk; Type: FK CONSTRAINT; Schema: public; Owner: -
--

ALTER TABLE ONLY public.forms_blocks_select
    ADD CONSTRAINT forms_blocks_select_parent_id_fk FOREIGN KEY (_parent_id) REFERENCES public.forms(id) ON DELETE CASCADE;


--
-- Name: forms_blocks_state forms_blocks_state_parent_id_fk; Type: FK CONSTRAINT; Schema: public; Owner: -
--

ALTER TABLE ONLY public.forms_blocks_state
    ADD CONSTRAINT forms_blocks_state_parent_id_fk FOREIGN KEY (_parent_id) REFERENCES public.forms(id) ON DELETE CASCADE;


--
-- Name: forms_blocks_text forms_blocks_text_parent_id_fk; Type: FK CONSTRAINT; Schema: public; Owner: -
--

ALTER TABLE ONLY public.forms_blocks_text
    ADD CONSTRAINT forms_blocks_text_parent_id_fk FOREIGN KEY (_parent_id) REFERENCES public.forms(id) ON DELETE CASCADE;


--
-- Name: forms_blocks_textarea forms_blocks_textarea_parent_id_fk; Type: FK CONSTRAINT; Schema: public; Owner: -
--

ALTER TABLE ONLY public.forms_blocks_textarea
    ADD CONSTRAINT forms_blocks_textarea_parent_id_fk FOREIGN KEY (_parent_id) REFERENCES public.forms(id) ON DELETE CASCADE;


--
-- Name: forms_emails forms_emails_parent_id_fk; Type: FK CONSTRAINT; Schema: public; Owner: -
--

ALTER TABLE ONLY public.forms_emails
    ADD CONSTRAINT forms_emails_parent_id_fk FOREIGN KEY (_parent_id) REFERENCES public.forms(id) ON DELETE CASCADE;


--
-- Name: gallery_blocks_equal_row_items gallery_blocks_equal_row_items_image_id_media_id_fk; Type: FK CONSTRAINT; Schema: public; Owner: -
--

ALTER TABLE ONLY public.gallery_blocks_equal_row_items
    ADD CONSTRAINT gallery_blocks_equal_row_items_image_id_media_id_fk FOREIGN KEY (image_id) REFERENCES public.media(id) ON DELETE SET NULL;


--
-- Name: gallery_blocks_equal_row_items gallery_blocks_equal_row_items_parent_id_fk; Type: FK CONSTRAINT; Schema: public; Owner: -
--

ALTER TABLE ONLY public.gallery_blocks_equal_row_items
    ADD CONSTRAINT gallery_blocks_equal_row_items_parent_id_fk FOREIGN KEY (_parent_id) REFERENCES public.gallery_blocks_equal_row(id) ON DELETE CASCADE;


--
-- Name: gallery_blocks_equal_row gallery_blocks_equal_row_parent_id_fk; Type: FK CONSTRAINT; Schema: public; Owner: -
--

ALTER TABLE ONLY public.gallery_blocks_equal_row
    ADD CONSTRAINT gallery_blocks_equal_row_parent_id_fk FOREIGN KEY (_parent_id) REFERENCES public.gallery(id) ON DELETE CASCADE;


--
-- Name: gallery_blocks_featured_row gallery_blocks_featured_row_featured_image_id_media_id_fk; Type: FK CONSTRAINT; Schema: public; Owner: -
--

ALTER TABLE ONLY public.gallery_blocks_featured_row
    ADD CONSTRAINT gallery_blocks_featured_row_featured_image_id_media_id_fk FOREIGN KEY (featured_image_id) REFERENCES public.media(id) ON DELETE SET NULL;


--
-- Name: gallery_blocks_featured_row gallery_blocks_featured_row_parent_id_fk; Type: FK CONSTRAINT; Schema: public; Owner: -
--

ALTER TABLE ONLY public.gallery_blocks_featured_row
    ADD CONSTRAINT gallery_blocks_featured_row_parent_id_fk FOREIGN KEY (_parent_id) REFERENCES public.gallery(id) ON DELETE CASCADE;


--
-- Name: gallery_blocks_featured_row_stacked gallery_blocks_featured_row_stacked_image_id_media_id_fk; Type: FK CONSTRAINT; Schema: public; Owner: -
--

ALTER TABLE ONLY public.gallery_blocks_featured_row_stacked
    ADD CONSTRAINT gallery_blocks_featured_row_stacked_image_id_media_id_fk FOREIGN KEY (image_id) REFERENCES public.media(id) ON DELETE SET NULL;


--
-- Name: gallery_blocks_featured_row_stacked gallery_blocks_featured_row_stacked_parent_id_fk; Type: FK CONSTRAINT; Schema: public; Owner: -
--

ALTER TABLE ONLY public.gallery_blocks_featured_row_stacked
    ADD CONSTRAINT gallery_blocks_featured_row_stacked_parent_id_fk FOREIGN KEY (_parent_id) REFERENCES public.gallery_blocks_featured_row(id) ON DELETE CASCADE;


--
-- Name: header_nav_items header_nav_items_parent_id_fk; Type: FK CONSTRAINT; Schema: public; Owner: -
--

ALTER TABLE ONLY public.header_nav_items
    ADD CONSTRAINT header_nav_items_parent_id_fk FOREIGN KEY (_parent_id) REFERENCES public.header(id) ON DELETE CASCADE;


--
-- Name: header_rels header_rels_pages_fk; Type: FK CONSTRAINT; Schema: public; Owner: -
--

ALTER TABLE ONLY public.header_rels
    ADD CONSTRAINT header_rels_pages_fk FOREIGN KEY (pages_id) REFERENCES public.pages(id) ON DELETE CASCADE;


--
-- Name: header_rels header_rels_parent_fk; Type: FK CONSTRAINT; Schema: public; Owner: -
--

ALTER TABLE ONLY public.header_rels
    ADD CONSTRAINT header_rels_parent_fk FOREIGN KEY (parent_id) REFERENCES public.header(id) ON DELETE CASCADE;


--
-- Name: header_rels header_rels_posts_fk; Type: FK CONSTRAINT; Schema: public; Owner: -
--

ALTER TABLE ONLY public.header_rels
    ADD CONSTRAINT header_rels_posts_fk FOREIGN KEY (posts_id) REFERENCES public.posts(id) ON DELETE CASCADE;


--
-- Name: links_links links_links_parent_id_fk; Type: FK CONSTRAINT; Schema: public; Owner: -
--

ALTER TABLE ONLY public.links_links
    ADD CONSTRAINT links_links_parent_id_fk FOREIGN KEY (_parent_id) REFERENCES public.links(id) ON DELETE CASCADE;


--
-- Name: media media_folder_id_payload_folders_id_fk; Type: FK CONSTRAINT; Schema: public; Owner: -
--

ALTER TABLE ONLY public.media
    ADD CONSTRAINT media_folder_id_payload_folders_id_fk FOREIGN KEY (folder_id) REFERENCES public.payload_folders(id) ON DELETE SET NULL;


--
-- Name: newsletter_issues newsletter_issues_parent_id_fk; Type: FK CONSTRAINT; Schema: public; Owner: -
--

ALTER TABLE ONLY public.newsletter_issues
    ADD CONSTRAINT newsletter_issues_parent_id_fk FOREIGN KEY (_parent_id) REFERENCES public.newsletter(id) ON DELETE CASCADE;


--
-- Name: pages_blocks_archive pages_blocks_archive_parent_id_fk; Type: FK CONSTRAINT; Schema: public; Owner: -
--

ALTER TABLE ONLY public.pages_blocks_archive
    ADD CONSTRAINT pages_blocks_archive_parent_id_fk FOREIGN KEY (_parent_id) REFERENCES public.pages(id) ON DELETE CASCADE;


--
-- Name: pages_blocks_content_columns pages_blocks_content_columns_parent_id_fk; Type: FK CONSTRAINT; Schema: public; Owner: -
--

ALTER TABLE ONLY public.pages_blocks_content_columns
    ADD CONSTRAINT pages_blocks_content_columns_parent_id_fk FOREIGN KEY (_parent_id) REFERENCES public.pages_blocks_content(id) ON DELETE CASCADE;


--
-- Name: pages_blocks_content pages_blocks_content_parent_id_fk; Type: FK CONSTRAINT; Schema: public; Owner: -
--

ALTER TABLE ONLY public.pages_blocks_content
    ADD CONSTRAINT pages_blocks_content_parent_id_fk FOREIGN KEY (_parent_id) REFERENCES public.pages(id) ON DELETE CASCADE;


--
-- Name: pages_blocks_cta_links pages_blocks_cta_links_parent_id_fk; Type: FK CONSTRAINT; Schema: public; Owner: -
--

ALTER TABLE ONLY public.pages_blocks_cta_links
    ADD CONSTRAINT pages_blocks_cta_links_parent_id_fk FOREIGN KEY (_parent_id) REFERENCES public.pages_blocks_cta(id) ON DELETE CASCADE;


--
-- Name: pages_blocks_cta pages_blocks_cta_parent_id_fk; Type: FK CONSTRAINT; Schema: public; Owner: -
--

ALTER TABLE ONLY public.pages_blocks_cta
    ADD CONSTRAINT pages_blocks_cta_parent_id_fk FOREIGN KEY (_parent_id) REFERENCES public.pages(id) ON DELETE CASCADE;


--
-- Name: pages_blocks_form_block pages_blocks_form_block_form_id_forms_id_fk; Type: FK CONSTRAINT; Schema: public; Owner: -
--

ALTER TABLE ONLY public.pages_blocks_form_block
    ADD CONSTRAINT pages_blocks_form_block_form_id_forms_id_fk FOREIGN KEY (form_id) REFERENCES public.forms(id) ON DELETE SET NULL;


--
-- Name: pages_blocks_form_block pages_blocks_form_block_parent_id_fk; Type: FK CONSTRAINT; Schema: public; Owner: -
--

ALTER TABLE ONLY public.pages_blocks_form_block
    ADD CONSTRAINT pages_blocks_form_block_parent_id_fk FOREIGN KEY (_parent_id) REFERENCES public.pages(id) ON DELETE CASCADE;


--
-- Name: pages_blocks_media_block pages_blocks_media_block_media_id_media_id_fk; Type: FK CONSTRAINT; Schema: public; Owner: -
--

ALTER TABLE ONLY public.pages_blocks_media_block
    ADD CONSTRAINT pages_blocks_media_block_media_id_media_id_fk FOREIGN KEY (media_id) REFERENCES public.media(id) ON DELETE SET NULL;


--
-- Name: pages_blocks_media_block pages_blocks_media_block_parent_id_fk; Type: FK CONSTRAINT; Schema: public; Owner: -
--

ALTER TABLE ONLY public.pages_blocks_media_block
    ADD CONSTRAINT pages_blocks_media_block_parent_id_fk FOREIGN KEY (_parent_id) REFERENCES public.pages(id) ON DELETE CASCADE;


--
-- Name: pages_hero_links pages_hero_links_parent_id_fk; Type: FK CONSTRAINT; Schema: public; Owner: -
--

ALTER TABLE ONLY public.pages_hero_links
    ADD CONSTRAINT pages_hero_links_parent_id_fk FOREIGN KEY (_parent_id) REFERENCES public.pages(id) ON DELETE CASCADE;


--
-- Name: pages pages_hero_media_id_media_id_fk; Type: FK CONSTRAINT; Schema: public; Owner: -
--

ALTER TABLE ONLY public.pages
    ADD CONSTRAINT pages_hero_media_id_media_id_fk FOREIGN KEY (hero_media_id) REFERENCES public.media(id) ON DELETE SET NULL;


--
-- Name: pages pages_meta_image_id_media_id_fk; Type: FK CONSTRAINT; Schema: public; Owner: -
--

ALTER TABLE ONLY public.pages
    ADD CONSTRAINT pages_meta_image_id_media_id_fk FOREIGN KEY (meta_image_id) REFERENCES public.media(id) ON DELETE SET NULL;


--
-- Name: pages_rels pages_rels_categories_fk; Type: FK CONSTRAINT; Schema: public; Owner: -
--

ALTER TABLE ONLY public.pages_rels
    ADD CONSTRAINT pages_rels_categories_fk FOREIGN KEY (categories_id) REFERENCES public.categories(id) ON DELETE CASCADE;


--
-- Name: pages_rels pages_rels_pages_fk; Type: FK CONSTRAINT; Schema: public; Owner: -
--

ALTER TABLE ONLY public.pages_rels
    ADD CONSTRAINT pages_rels_pages_fk FOREIGN KEY (pages_id) REFERENCES public.pages(id) ON DELETE CASCADE;


--
-- Name: pages_rels pages_rels_parent_fk; Type: FK CONSTRAINT; Schema: public; Owner: -
--

ALTER TABLE ONLY public.pages_rels
    ADD CONSTRAINT pages_rels_parent_fk FOREIGN KEY (parent_id) REFERENCES public.pages(id) ON DELETE CASCADE;


--
-- Name: pages_rels pages_rels_posts_fk; Type: FK CONSTRAINT; Schema: public; Owner: -
--

ALTER TABLE ONLY public.pages_rels
    ADD CONSTRAINT pages_rels_posts_fk FOREIGN KEY (posts_id) REFERENCES public.posts(id) ON DELETE CASCADE;


--
-- Name: payload_folders payload_folders_folder_id_payload_folders_id_fk; Type: FK CONSTRAINT; Schema: public; Owner: -
--

ALTER TABLE ONLY public.payload_folders
    ADD CONSTRAINT payload_folders_folder_id_payload_folders_id_fk FOREIGN KEY (folder_id) REFERENCES public.payload_folders(id) ON DELETE SET NULL;


--
-- Name: payload_folders_folder_type payload_folders_folder_type_parent_fk; Type: FK CONSTRAINT; Schema: public; Owner: -
--

ALTER TABLE ONLY public.payload_folders_folder_type
    ADD CONSTRAINT payload_folders_folder_type_parent_fk FOREIGN KEY (parent_id) REFERENCES public.payload_folders(id) ON DELETE CASCADE;


--
-- Name: payload_jobs_log payload_jobs_log_parent_id_fk; Type: FK CONSTRAINT; Schema: public; Owner: -
--

ALTER TABLE ONLY public.payload_jobs_log
    ADD CONSTRAINT payload_jobs_log_parent_id_fk FOREIGN KEY (_parent_id) REFERENCES public.payload_jobs(id) ON DELETE CASCADE;


--
-- Name: payload_locked_documents_rels payload_locked_documents_rels_categories_fk; Type: FK CONSTRAINT; Schema: public; Owner: -
--

ALTER TABLE ONLY public.payload_locked_documents_rels
    ADD CONSTRAINT payload_locked_documents_rels_categories_fk FOREIGN KEY (categories_id) REFERENCES public.categories(id) ON DELETE CASCADE;


--
-- Name: payload_locked_documents_rels payload_locked_documents_rels_events_fk; Type: FK CONSTRAINT; Schema: public; Owner: -
--

ALTER TABLE ONLY public.payload_locked_documents_rels
    ADD CONSTRAINT payload_locked_documents_rels_events_fk FOREIGN KEY (events_id) REFERENCES public.events(id) ON DELETE CASCADE;


--
-- Name: payload_locked_documents_rels payload_locked_documents_rels_form_submissions_fk; Type: FK CONSTRAINT; Schema: public; Owner: -
--

ALTER TABLE ONLY public.payload_locked_documents_rels
    ADD CONSTRAINT payload_locked_documents_rels_form_submissions_fk FOREIGN KEY (form_submissions_id) REFERENCES public.form_submissions(id) ON DELETE CASCADE;


--
-- Name: payload_locked_documents_rels payload_locked_documents_rels_forms_fk; Type: FK CONSTRAINT; Schema: public; Owner: -
--

ALTER TABLE ONLY public.payload_locked_documents_rels
    ADD CONSTRAINT payload_locked_documents_rels_forms_fk FOREIGN KEY (forms_id) REFERENCES public.forms(id) ON DELETE CASCADE;


--
-- Name: payload_locked_documents_rels payload_locked_documents_rels_media_fk; Type: FK CONSTRAINT; Schema: public; Owner: -
--

ALTER TABLE ONLY public.payload_locked_documents_rels
    ADD CONSTRAINT payload_locked_documents_rels_media_fk FOREIGN KEY (media_id) REFERENCES public.media(id) ON DELETE CASCADE;


--
-- Name: payload_locked_documents_rels payload_locked_documents_rels_pages_fk; Type: FK CONSTRAINT; Schema: public; Owner: -
--

ALTER TABLE ONLY public.payload_locked_documents_rels
    ADD CONSTRAINT payload_locked_documents_rels_pages_fk FOREIGN KEY (pages_id) REFERENCES public.pages(id) ON DELETE CASCADE;


--
-- Name: payload_locked_documents_rels payload_locked_documents_rels_parent_fk; Type: FK CONSTRAINT; Schema: public; Owner: -
--

ALTER TABLE ONLY public.payload_locked_documents_rels
    ADD CONSTRAINT payload_locked_documents_rels_parent_fk FOREIGN KEY (parent_id) REFERENCES public.payload_locked_documents(id) ON DELETE CASCADE;


--
-- Name: payload_locked_documents_rels payload_locked_documents_rels_payload_folders_fk; Type: FK CONSTRAINT; Schema: public; Owner: -
--

ALTER TABLE ONLY public.payload_locked_documents_rels
    ADD CONSTRAINT payload_locked_documents_rels_payload_folders_fk FOREIGN KEY (payload_folders_id) REFERENCES public.payload_folders(id) ON DELETE CASCADE;


--
-- Name: payload_locked_documents_rels payload_locked_documents_rels_posts_fk; Type: FK CONSTRAINT; Schema: public; Owner: -
--

ALTER TABLE ONLY public.payload_locked_documents_rels
    ADD CONSTRAINT payload_locked_documents_rels_posts_fk FOREIGN KEY (posts_id) REFERENCES public.posts(id) ON DELETE CASCADE;


--
-- Name: payload_locked_documents_rels payload_locked_documents_rels_products_fk; Type: FK CONSTRAINT; Schema: public; Owner: -
--

ALTER TABLE ONLY public.payload_locked_documents_rels
    ADD CONSTRAINT payload_locked_documents_rels_products_fk FOREIGN KEY (products_id) REFERENCES public.products(id) ON DELETE CASCADE;


--
-- Name: payload_locked_documents_rels payload_locked_documents_rels_redirects_fk; Type: FK CONSTRAINT; Schema: public; Owner: -
--

ALTER TABLE ONLY public.payload_locked_documents_rels
    ADD CONSTRAINT payload_locked_documents_rels_redirects_fk FOREIGN KEY (redirects_id) REFERENCES public.redirects(id) ON DELETE CASCADE;


--
-- Name: payload_locked_documents_rels payload_locked_documents_rels_search_fk; Type: FK CONSTRAINT; Schema: public; Owner: -
--

ALTER TABLE ONLY public.payload_locked_documents_rels
    ADD CONSTRAINT payload_locked_documents_rels_search_fk FOREIGN KEY (search_id) REFERENCES public.search(id) ON DELETE CASCADE;


--
-- Name: payload_locked_documents_rels payload_locked_documents_rels_users_fk; Type: FK CONSTRAINT; Schema: public; Owner: -
--

ALTER TABLE ONLY public.payload_locked_documents_rels
    ADD CONSTRAINT payload_locked_documents_rels_users_fk FOREIGN KEY (users_id) REFERENCES public.users(id) ON DELETE CASCADE;


--
-- Name: payload_preferences_rels payload_preferences_rels_parent_fk; Type: FK CONSTRAINT; Schema: public; Owner: -
--

ALTER TABLE ONLY public.payload_preferences_rels
    ADD CONSTRAINT payload_preferences_rels_parent_fk FOREIGN KEY (parent_id) REFERENCES public.payload_preferences(id) ON DELETE CASCADE;


--
-- Name: payload_preferences_rels payload_preferences_rels_users_fk; Type: FK CONSTRAINT; Schema: public; Owner: -
--

ALTER TABLE ONLY public.payload_preferences_rels
    ADD CONSTRAINT payload_preferences_rels_users_fk FOREIGN KEY (users_id) REFERENCES public.users(id) ON DELETE CASCADE;


--
-- Name: posts_gallery_items posts_gallery_items_image_id_media_id_fk; Type: FK CONSTRAINT; Schema: public; Owner: -
--

ALTER TABLE ONLY public.posts_gallery_items
    ADD CONSTRAINT posts_gallery_items_image_id_media_id_fk FOREIGN KEY (image_id) REFERENCES public.media(id) ON DELETE SET NULL;


--
-- Name: posts_gallery_items posts_gallery_items_parent_id_fk; Type: FK CONSTRAINT; Schema: public; Owner: -
--

ALTER TABLE ONLY public.posts_gallery_items
    ADD CONSTRAINT posts_gallery_items_parent_id_fk FOREIGN KEY (_parent_id) REFERENCES public.posts_gallery(id) ON DELETE CASCADE;


--
-- Name: posts_gallery posts_gallery_parent_id_fk; Type: FK CONSTRAINT; Schema: public; Owner: -
--

ALTER TABLE ONLY public.posts_gallery
    ADD CONSTRAINT posts_gallery_parent_id_fk FOREIGN KEY (_parent_id) REFERENCES public.posts(id) ON DELETE CASCADE;


--
-- Name: posts posts_meta_image_id_media_id_fk; Type: FK CONSTRAINT; Schema: public; Owner: -
--

ALTER TABLE ONLY public.posts
    ADD CONSTRAINT posts_meta_image_id_media_id_fk FOREIGN KEY (meta_image_id) REFERENCES public.media(id) ON DELETE SET NULL;


--
-- Name: posts_rels posts_rels_parent_fk; Type: FK CONSTRAINT; Schema: public; Owner: -
--

ALTER TABLE ONLY public.posts_rels
    ADD CONSTRAINT posts_rels_parent_fk FOREIGN KEY (parent_id) REFERENCES public.posts(id) ON DELETE CASCADE;


--
-- Name: posts_rels posts_rels_posts_fk; Type: FK CONSTRAINT; Schema: public; Owner: -
--

ALTER TABLE ONLY public.posts_rels
    ADD CONSTRAINT posts_rels_posts_fk FOREIGN KEY (posts_id) REFERENCES public.posts(id) ON DELETE CASCADE;


--
-- Name: posts posts_thumb_id_media_id_fk; Type: FK CONSTRAINT; Schema: public; Owner: -
--

ALTER TABLE ONLY public.posts
    ADD CONSTRAINT posts_thumb_id_media_id_fk FOREIGN KEY (thumb_id) REFERENCES public.media(id) ON DELETE SET NULL;


--
-- Name: posts posts_video_thumb_id_media_id_fk; Type: FK CONSTRAINT; Schema: public; Owner: -
--

ALTER TABLE ONLY public.posts
    ADD CONSTRAINT posts_video_thumb_id_media_id_fk FOREIGN KEY (video_thumb_id) REFERENCES public.media(id) ON DELETE SET NULL;


--
-- Name: products products_featured_image_id_media_id_fk; Type: FK CONSTRAINT; Schema: public; Owner: -
--

ALTER TABLE ONLY public.products
    ADD CONSTRAINT products_featured_image_id_media_id_fk FOREIGN KEY (featured_image_id) REFERENCES public.media(id) ON DELETE SET NULL;


--
-- Name: products_images products_images_image_id_media_id_fk; Type: FK CONSTRAINT; Schema: public; Owner: -
--

ALTER TABLE ONLY public.products_images
    ADD CONSTRAINT products_images_image_id_media_id_fk FOREIGN KEY (image_id) REFERENCES public.media(id) ON DELETE SET NULL;


--
-- Name: products_images products_images_parent_id_fk; Type: FK CONSTRAINT; Schema: public; Owner: -
--

ALTER TABLE ONLY public.products_images
    ADD CONSTRAINT products_images_parent_id_fk FOREIGN KEY (_parent_id) REFERENCES public.products(id) ON DELETE CASCADE;


--
-- Name: products_making_links products_making_links_parent_id_fk; Type: FK CONSTRAINT; Schema: public; Owner: -
--

ALTER TABLE ONLY public.products_making_links
    ADD CONSTRAINT products_making_links_parent_id_fk FOREIGN KEY (_parent_id) REFERENCES public.products(id) ON DELETE CASCADE;


--
-- Name: products products_meta_image_id_media_id_fk; Type: FK CONSTRAINT; Schema: public; Owner: -
--

ALTER TABLE ONLY public.products
    ADD CONSTRAINT products_meta_image_id_media_id_fk FOREIGN KEY (meta_image_id) REFERENCES public.media(id) ON DELETE SET NULL;


--
-- Name: products_rels products_rels_parent_fk; Type: FK CONSTRAINT; Schema: public; Owner: -
--

ALTER TABLE ONLY public.products_rels
    ADD CONSTRAINT products_rels_parent_fk FOREIGN KEY (parent_id) REFERENCES public.products(id) ON DELETE CASCADE;


--
-- Name: products_rels products_rels_products_fk; Type: FK CONSTRAINT; Schema: public; Owner: -
--

ALTER TABLE ONLY public.products_rels
    ADD CONSTRAINT products_rels_products_fk FOREIGN KEY (products_id) REFERENCES public.products(id) ON DELETE CASCADE;


--
-- Name: products_tags products_tags_parent_fk; Type: FK CONSTRAINT; Schema: public; Owner: -
--

ALTER TABLE ONLY public.products_tags
    ADD CONSTRAINT products_tags_parent_fk FOREIGN KEY (parent_id) REFERENCES public.products(id) ON DELETE CASCADE;


--
-- Name: products products_thumb_id_media_id_fk; Type: FK CONSTRAINT; Schema: public; Owner: -
--

ALTER TABLE ONLY public.products
    ADD CONSTRAINT products_thumb_id_media_id_fk FOREIGN KEY (thumb_id) REFERENCES public.media(id) ON DELETE SET NULL;


--
-- Name: redirects_rels redirects_rels_pages_fk; Type: FK CONSTRAINT; Schema: public; Owner: -
--

ALTER TABLE ONLY public.redirects_rels
    ADD CONSTRAINT redirects_rels_pages_fk FOREIGN KEY (pages_id) REFERENCES public.pages(id) ON DELETE CASCADE;


--
-- Name: redirects_rels redirects_rels_parent_fk; Type: FK CONSTRAINT; Schema: public; Owner: -
--

ALTER TABLE ONLY public.redirects_rels
    ADD CONSTRAINT redirects_rels_parent_fk FOREIGN KEY (parent_id) REFERENCES public.redirects(id) ON DELETE CASCADE;


--
-- Name: redirects_rels redirects_rels_posts_fk; Type: FK CONSTRAINT; Schema: public; Owner: -
--

ALTER TABLE ONLY public.redirects_rels
    ADD CONSTRAINT redirects_rels_posts_fk FOREIGN KEY (posts_id) REFERENCES public.posts(id) ON DELETE CASCADE;


--
-- Name: search_categories search_categories_parent_id_fk; Type: FK CONSTRAINT; Schema: public; Owner: -
--

ALTER TABLE ONLY public.search_categories
    ADD CONSTRAINT search_categories_parent_id_fk FOREIGN KEY (_parent_id) REFERENCES public.search(id) ON DELETE CASCADE;


--
-- Name: search search_meta_image_id_media_id_fk; Type: FK CONSTRAINT; Schema: public; Owner: -
--

ALTER TABLE ONLY public.search
    ADD CONSTRAINT search_meta_image_id_media_id_fk FOREIGN KEY (meta_image_id) REFERENCES public.media(id) ON DELETE SET NULL;


--
-- Name: search_rels search_rels_parent_fk; Type: FK CONSTRAINT; Schema: public; Owner: -
--

ALTER TABLE ONLY public.search_rels
    ADD CONSTRAINT search_rels_parent_fk FOREIGN KEY (parent_id) REFERENCES public.search(id) ON DELETE CASCADE;


--
-- Name: search_rels search_rels_posts_fk; Type: FK CONSTRAINT; Schema: public; Owner: -
--

ALTER TABLE ONLY public.search_rels
    ADD CONSTRAINT search_rels_posts_fk FOREIGN KEY (posts_id) REFERENCES public.posts(id) ON DELETE CASCADE;


--
-- Name: stockists_stockists stockists_stockists_image_id_media_id_fk; Type: FK CONSTRAINT; Schema: public; Owner: -
--

ALTER TABLE ONLY public.stockists_stockists
    ADD CONSTRAINT stockists_stockists_image_id_media_id_fk FOREIGN KEY (image_id) REFERENCES public.media(id) ON DELETE SET NULL;


--
-- Name: stockists_stockists stockists_stockists_parent_id_fk; Type: FK CONSTRAINT; Schema: public; Owner: -
--

ALTER TABLE ONLY public.stockists_stockists
    ADD CONSTRAINT stockists_stockists_parent_id_fk FOREIGN KEY (_parent_id) REFERENCES public.stockists(id) ON DELETE CASCADE;


--
-- Name: users_sessions users_sessions_parent_id_fk; Type: FK CONSTRAINT; Schema: public; Owner: -
--

ALTER TABLE ONLY public.users_sessions
    ADD CONSTRAINT users_sessions_parent_id_fk FOREIGN KEY (_parent_id) REFERENCES public.users(id) ON DELETE CASCADE;


--
-- PostgreSQL database dump complete
--

\unrestrict anYVfFRP6Sr9nvfNUe0mBDleS7Gp9FUWwOvR4SmwAQcJta3cNPal2pu0r3VYOlq

